t_wall_s,cpu_silver_max_C,cpu_gold_max_C,gpu_max_C,ddr_max_C,modem_max_C,dcvs_max_C,hal_cpu_C,hal_skin_C,hal_usb_C,hal_pa_C,thermal_status,battery_C,battery_level_pct,battery_voltage_mV,battery_status,throttle_ratio_gold,throttle_ratio_silver,cpu0_cur_khz,cpu0_scmax_khz,cpu0_hwmax_khz,cpu1_cur_khz,cpu1_scmax_khz,cpu1_hwmax_khz,cpu2_cur_khz,cpu2_scmax_khz,cpu2_hwmax_khz,cpu3_cur_khz,cpu3_scmax_khz,cpu3_hwmax_khz,cpu4_cur_khz,cpu4_scmax_khz,cpu4_hwmax_khz,cpu5_cur_khz,cpu5_scmax_khz,cpu5_hwmax_khz,cpu6_cur_khz,cpu6_scmax_khz,cpu6_hwmax_khz,cpu7_cur_khz,cpu7_scmax_khz,cpu7_hwmax_khz
1777821855.505,43.60,43.00,40.70,40.50,41.50,75.00,37.80,34.00,35.50,37.30,0,34.6,100,4222,5,1.0000,1.0000,1766400,1766400,1766400,1766400,1766400,1766400,1766400,1766400,1766400,1766400,1766400,1766400,825600,2803200,2803200,825600,2803200,2803200,825600,2803200,2803200,825600,2803200,2803200
1777821856.505,43.60,43.30,40.70,40.90,41.80,75.00,37.80,34.00,35.50,37.30,0,34.6,100,4222,5,1.0000,1.0000,652800,1766400,1766400,652800,1766400,1766400,652800,1766400,1766400,652800,1766400,1766400,2803200,2803200,2803200,2803200,2803200,2803200,2803200,2803200,2803200,2803200,2803200,2803200
1777821857.505,43.60,42.30,40.40,40.90,41.20,75.00,37.80,34.00,35.50,37.30,0,34.6,100,4221,5,1.0000,1.0000,1766400,1766400,1766400,1766400,1766400,1766400,1766400,1766400,1766400,1766400,1766400,1766400,825600,2803200,2803200,825600,2803200,2803200,825600,2803200,2803200,825600,2803200,2803200
1777821858.505,43.00,42.30,40.70,40.90,41.50,75.00,37.80,34.00,35.50,37.30,0,34.6,100,4221,5,1.0000,1.0000,1766400,1766400,1766400,1766400,1766400,1766400,1766400,1766400,1766400,1766400,1766400,1766400,825600,2803200,2803200,825600,2803200,2803200,825600,2803200,2803200,825600,2803200,2803200
1777821859.505,45.00,43.30,40.70,40.90,41.20,75.00,37.80,34.00,35.50,37.30,0,34.6,100,4221,5,1.0000,1.0000,1766400,1766400,1766400,1766400,1766400,1766400,1766400,1766400,1766400,1766400,1766400,1766400,1286400,2803200,2803200,1286400,2803200,2803200,1286400,2803200,2803200,1286400,2803200,2803200
1777821860.505,43.60,43.00,40.70,40.90,41.20,75.00,37.80,34.00,35.50,37.30,0,34.6,100,4221,5,1.0000,1.0000,1766400,1766400,1766400,1766400,1766400,1766400,1766400,1766400,1766400,1766400,1766400,1766400,825600,2803200,2803200,825600,2803200,2803200,825600,2803200,2803200,825600,2803200,2803200
1777821861.505,44.00,42.70,40.70,40.90,41.20,75.00,37.80,34.00,35.50,37.30,0,34.6,100,4221,5,1.0000,1.0000,1766400,1766400,1766400,1766400,1766400,1766400,1766400,1766400,1766400,1766400,1766400,1766400,825600,2803200,2803200,825600,2803200,2803200,825600,2803200,2803200,825600,2803200,2803200
1777821862.505,43.60,42.70,40.70,40.90,41.20,75.00,37.80,34.00,35.50,37.30,0,34.6,100,4221,5,1.0000,1.0000,1766400,1766400,1766400,1766400,1766400,1766400,1766400,1766400,1766400,1766400,1766400,1766400,902400,2803200,2803200,902400,2803200,2803200,902400,2803200,2803200,902400,2803200,2803200
1777821863.505,43.60,43.60,40.70,40.90,41.20,75.00,37.80,34.00,35.50,37.30,0,34.6,100,4221,5,1.0000,1.0000,1766400,1766400,1766400,1766400,1766400,1766400,1766400,1766400,1766400,1766400,1766400,1766400,825600,2803200,2803200,825600,2803200,2803200,825600,2803200,2803200,825600,2803200,2803200
1777821864.505,43.60,42.70,40.40,40.90,41.50,75.00,37.80,34.00,35.50,37.30,0,34.6,100,4221,5,1.0000,1.0000,1766400,1766400,1766400,1766400,1766400,1766400,1766400,1766400,1766400,1766400,1766400,1766400,825600,2803200,2803200,825600,2803200,2803200,825600,2803200,2803200,825600,2803200,2803200
1777821865.505,43.60,42.30,40.70,41.20,41.20,75.00,37.80,34.00,35.50,37.30,0,34.6,100,4221,5,1.0000,1.0000,1612800,1766400,1766400,1612800,1766400,1766400,1612800,1766400,1766400,1612800,1766400,1766400,825600,2803200,2803200,825600,2803200,2803200,825600,2803200,2803200,825600,2803200,2803200
1777821866.505,43.60,43.00,40.70,40.90,41.20,75.00,37.80,34.00,35.50,37.30,0,34.6,100,4221,5,1.0000,1.0000,1766400,1766400,1766400,1766400,1766400,1766400,1766400,1766400,1766400,1766400,1766400,1766400,1689600,2803200,2803200,1612800,2803200,2803200,1612800,2803200,2803200,1612800,2803200,2803200
1777821867.505,43.60,42.70,40.70,41.20,41.20,75.00,37.80,34.00,35.50,37.30,0,34.6,100,4221,5,1.0000,1.0000,1420800,1766400,1766400,1420800,1766400,1766400,1420800,1766400,1766400,1420800,1766400,1766400,825600,2803200,2803200,825600,2803200,2803200,825600,2803200,2803200,825600,2803200,2803200
1777821868.505,43.00,42.30,40.40,40.90,41.50,75.00,37.80,34.00,35.50,37.30,0,34.6,100,4221,5,1.0000,1.0000,1766400,1766400,1766400,1766400,1766400,1766400,1766400,1766400,1766400,1766400,1766400,1766400,825600,2803200,2803200,825600,2803200,2803200,825600,2803200,2803200,825600,2803200,2803200
1777821869.505,43.60,42.70,40.70,40.90,40.90,75.00,37.80,34.00,35.50,37.30,0,34.6,100,4221,5,1.0000,1.0000,1766400,1766400,1766400,1766400,1766400,1766400,1766400,1766400,1766400,1766400,1766400,1766400,825600,2803200,2803200,825600,2803200,2803200,825600,2803200,2803200,825600,2803200,2803200
1777821870.505,43.60,44.60,40.70,40.50,41.50,75.00,37.80,34.00,35.50,37.30,0,34.6,100,4221,5,1.0000,1.0000,576000,1766400,1766400,576000,1766400,1766400,576000,1766400,1766400,576000,1766400,1766400,2803200,2803200,2803200,2803200,2803200,2803200,2803200,2803200,2803200,2803200,2803200,2803200
1777821871.505,43.30,42.30,40.70,40.90,41.20,75.00,37.80,34.00,35.50,37.30,0,34.6,100,4221,5,1.0000,1.0000,1766400,1766400,1766400,1766400,1766400,1766400,1766400,1766400,1766400,1766400,1766400,1766400,825600,2803200,2803200,825600,2803200,2803200,825600,2803200,2803200,825600,2803200,2803200
1777821872.505,44.00,42.70,40.70,41.20,41.50,75.00,37.80,34.00,35.50,37.30,0,34.6,100,4221,5,1.0000,1.0000,1766400,1766400,1766400,1766400,1766400,1766400,1766400,1766400,1766400,1766400,1766400,1766400,825600,2803200,2803200,825600,2803200,2803200,825600,2803200,2803200,825600,2803200,2803200
1777821873.505,45.00,43.30,41.00,40.90,41.50,75.00,37.80,34.00,35.50,37.30,0,34.6,100,4221,5,1.0000,1.0000,1766400,1766400,1766400,1766400,1766400,1766400,1766400,1766400,1766400,1766400,1766400,1766400,1612800,2803200,2803200,1612800,2803200,2803200,1612800,2803200,2803200,1612800,2803200,2803200
1777821874.505,43.30,42.30,40.70,40.90,41.20,75.00,37.80,34.00,35.50,37.30,0,34.6,100,4221,5,1.0000,1.0000,1612800,1766400,1766400,1612800,1766400,1766400,1612800,1766400,1766400,1612800,1766400,1766400,825600,2803200,2803200,825600,2803200,2803200,825600,2803200,2803200,825600,2803200,2803200
1777821875.505,43.00,42.70,40.70,41.20,41.80,75.00,37.80,34.00,35.50,37.30,0,34.6,100,4221,5,1.0000,1.0000,1766400,1766400,1766400,1766400,1766400,1766400,1766400,1766400,1766400,1766400,1766400,1766400,825600,2803200,2803200,825600,2803200,2803200,825600,2803200,2803200,825600,2803200,2803200
1777821876.505,44.00,42.70,40.70,40.90,41.20,75.00,38.20,34.10,35.50,37.50,0,34.6,100,4221,5,1.0000,1.0000,1324800,1766400,1766400,1324800,1766400,1766400,1324800,1766400,1766400,1324800,1766400,1766400,825600,2803200,2803200,825600,2803200,2803200,825600,2803200,2803200,825600,2803200,2803200
1777821877.505,43.30,45.00,40.70,40.90,40.90,75.00,38.20,34.10,35.50,37.50,0,34.6,100,4221,5,1.0000,1.0000,576000,1766400,1766400,576000,1766400,1766400,576000,1766400,1766400,576000,1766400,1766400,2803200,2803200,2803200,2803200,2803200,2803200,2803200,2803200,2803200,2803200,2803200,2803200
1777821878.505,43.00,42.30,40.70,40.90,41.20,75.00,38.20,34.10,35.50,37.50,0,34.6,100,4221,5,1.0000,1.0000,1766400,1766400,1766400,1766400,1766400,1766400,1766400,1766400,1766400,1766400,1766400,1766400,825600,2803200,2803200,825600,2803200,2803200,825600,2803200,2803200,825600,2803200,2803200
1777821879.505,43.30,41.70,40.40,40.90,40.90,75.00,38.20,34.10,35.50,37.50,0,34.6,100,4221,5,1.0000,1.0000,1766400,1766400,1766400,1766400,1766400,1766400,1766400,1766400,1766400,1766400,1766400,1766400,825600,2803200,2803200,825600,2803200,2803200,825600,2803200,2803200,825600,2803200,2803200
1777821880.505,43.60,42.00,40.40,40.90,40.90,75.00,38.20,34.10,35.50,37.50,0,34.6,100,4221,5,1.0000,1.0000,825600,1766400,1766400,825600,1766400,1766400,825600,1766400,1766400,825600,1766400,1766400,1612800,2803200,2803200,1612800,2803200,2803200,1612800,2803200,2803200,1612800,2803200,2803200
1777821881.505,43.60,43.00,41.30,41.50,41.50,75.00,38.20,34.10,35.50,37.50,0,34.6,100,4221,5,1.0000,1.0000,1766400,1766400,1766400,1766400,1766400,1766400,1766400,1766400,1766400,1766400,1766400,1766400,825600,2803200,2803200,825600,2803200,2803200,825600,2803200,2803200,825600,2803200,2803200
1777821882.505,44.60,42.70,41.00,41.50,41.80,75.00,38.20,34.10,35.50,37.50,0,34.6,100,4221,5,1.0000,1.0000,1612800,1766400,1766400,1612800,1766400,1766400,1612800,1766400,1766400,1612800,1766400,1766400,825600,2803200,2803200,825600,2803200,2803200,825600,2803200,2803200,825600,2803200,2803200
1777821883.505,44.00,42.70,40.70,40.90,41.20,75.00,38.20,34.10,35.50,37.50,0,34.6,100,4221,5,1.0000,1.0000,1612800,1766400,1766400,1612800,1766400,1766400,1612800,1766400,1766400,1612800,1766400,1766400,825600,2803200,2803200,825600,2803200,2803200,825600,2803200,2803200,825600,2803200,2803200
1777821884.505,44.30,42.70,40.70,41.20,41.20,75.00,38.20,34.10,35.50,37.50,0,34.6,100,4221,5,1.0000,1.0000,1766400,1766400,1766400,1766400,1766400,1766400,1766400,1766400,1766400,1766400,1766400,1766400,825600,2803200,2803200,825600,2803200,2803200,825600,2803200,2803200,825600,2803200,2803200
