time_s,velocity_x_m_s,velocity_y_m_s,velocity_z_m_s,velocity_total_m_s,position_x_m,position_y_m,position_z_m,altitude_m,ground_range_m,alpha_rad,alpha_deg,beta_rad,beta_deg,mach,mach_aero,q_dynamic_Pa,airspeed_m_s,quat_w,quat_x,quat_y,quat_z,roll_deg,pitch_deg,yaw_deg,omega_x_rad_s,omega_y_rad_s,omega_z_rad_s,omega_x_deg_s,omega_y_deg_s,omega_z_deg_s,force_x_N,force_y_N,force_z_N,thrust_x_N,thrust_y_N,thrust_z_N,moment_x_Nm,moment_y_Nm,moment_z_Nm,mass_kg,flight_phase,CN_total,CM_total,CY_total,Cn_total,CN_delta,CM_delta,CN_control,CM_control,CY_control,Cn_control,M_roll_aero,M_pitch_aero,M_yaw_aero,xbc_m,propellant_fraction,cg_position_m,position_fur_x_m,position_fur_y_m,position_fur_z_m,velocity_fur_x_m_s,velocity_fur_y_m_s,velocity_fur_z_m_s,acceleration_fur_x_m_s2,acceleration_fur_y_m_s2,acceleration_fur_z_m_s2,acceleration_body_x_g,acceleration_body_y_g,acceleration_body_z_g,fin_1_rad,fin_2_rad,fin_3_rad,fin_4_rad,delta_pitch_rad,delta_yaw_rad,delta_roll_rad,wind_north_m_s,wind_east_m_s,wind_down_m_s,static_margin_cal,mpc_gamma_ref_deg,mpc_chi_ref_deg,mpc_delta_e_rad,mpc_delta_r_rad,mpc_delta_a_rad,mpc_solve_time_ms,mpc_solver_status,mpc_sqp_iterations,mpc_gamma_error_deg,mpc_chi_error_deg,actuator_cmd_fin1_rad,actuator_cmd_fin2_rad,actuator_cmd_fin3_rad,actuator_cmd_fin4_rad,fin_authority,safety_violations,g_force_total,g_force_axial,g_force_x,g_force_y,g_force_z,speed_of_sound_m_s,stage_number,CA,vel_ned_launch_north_m_s,vel_ned_launch_east_m_s,vel_ned_launch_down_m_s,vel_ned_north_m_s,vel_ned_east_m_s,vel_ned_down_m_s,vel_aero_north_m_s,vel_aero_east_m_s,vel_aero_down_m_s,angular_accel_x_rad_s2,angular_accel_y_rad_s2,angular_accel_z_rad_s2,angular_accel_x_deg_s2,angular_accel_y_deg_s2,angular_accel_z_deg_s2,total_moment_x_Nm,total_moment_y_Nm,total_moment_z_Nm,latitude_deg,longitude_deg,altitude_lla_m,mhe_quality,mhe_solve_ms,mhe_V_m_s,mhe_gamma_rad,mhe_chi_rad,mhe_p_rad_s,mhe_q_rad_s,mhe_r_rad_s,mhe_alpha_rad,mhe_beta_rad,mhe_phi_rad,mhe_h_scaled,mhe_xg_scaled,mhe_yg_scaled,mhe_bgx_rad_s,mhe_bgy_rad_s,mhe_bgz_rad_s,mhe_wn_m_s,mhe_we_m_s
0.000,0.0000,0.0000,0.0000,0.0000,4393519.0677,4259900.8300,1795674.9799,1200.0000,0.0000,0.000000,0.0000,0.000000,0.0000,0.0000,0.0000,0.0000,0.0000,0.991445,0.000000,0.130526,0.000000,0.0000,15.0000,0.0000,0.100000,0.000000,0.000000,5.7296,0.0000,0.0000,0.0000,0.0000,0.0000,0.0000,0.0000,0.0000,0.0000,0.0000,0.0000,12.7400,ARMED,0.000000,0.000000,0.000000,0.000000,0.000000,0.000000,0.000000,0.000000,0.000000,0.000000,0.000000,0.000000,0.000000,-0.000000,1.000000,0.572085,0.0000,0.0000,0.0000,0.0000,0.0000,0.0000,5.1729,0.3891,0.0000,0.0000,0.0000,0.0000,0.000000,0.000000,0.000000,0.000000,0.000000,0.000000,0.000000,0.0000,0.0000,0.0000,-0.7127,6.3445,0.0000,0.000000,0.000000,0.000000,0.0000,0,0,0.0000,0.0000,0.000000,0.000000,0.000000,0.000000,1.000000,[],0.0000,0.0000,0.0000,0.0000,0.0000,343.0559,1,0.300000,0.0000,0.0000,0.0000,0.0000,0.0000,0.0000,0.0000,0.0000,0.0000,0.000000,0.000000,0.000000,0.0000,0.0000,0.0000,0.000000,0.000000,0.000000,0.28723707,0.76995830,1200.0000,0.000000,0.0000,0.000000,0.000000,0.000000,0.000000,0.000000,0.000000,0.000000,0.000000,0.000000,0.000000,0.000000,0.000000,0.000000,0.000000,0.000000,0.000000,0.000000
0.100,-0.7694,-0.7460,4.9748,5.0889,4393519.0296,4259900.7930,1795675.2109,1200.0145,0.2365,0.186722,10.6984,0.001857,0.1064,0.0148,0.1000,13.5340,5.0889,0.991432,0.004954,0.130525,-0.000652,0.5725,15.0000,0.0000,0.100000,-0.000001,0.000000,5.7296,-0.0001,0.0000,787.1446,-0.0001,-0.0100,787.1470,0.0000,0.0000,-0.0000,-0.0009,0.0000,12.7101,LAUNCH,-2.527102,-1.800992,-0.024944,0.018190,0.000000,0.000000,0.000000,0.000000,0.000000,0.000000,-0.000009,-0.000925,0.000009,-0.000068,0.981680,0.572017,0.2366,0.0145,0.0000,5.0746,0.3817,0.0000,6.0957,0.6369,0.0000,6.3130,-0.0000,-0.0001,0.000000,0.000000,0.000000,0.000000,0.000000,0.000000,0.000000,0.0000,0.0000,0.0000,-0.7127,6.3445,0.0000,0.000000,0.000000,0.000000,0.0000,0,0,0.0000,0.0000,0.000000,0.000000,0.000000,0.000000,1.000000,[],6.3151,6.3151,6.3151,-0.0000,-0.0001,343.0559,1,0.622124,5.0746,0.0000,-0.3817,5.0746,0.0000,-0.3817,5.0746,0.0000,-0.3817,-0.000263,-0.000799,0.000008,-0.0151,-0.0458,0.0005,-0.000009,-0.000925,0.000009,0.28723711,0.76995830,1200.0145,0.000000,0.0000,0.000000,0.000000,0.000000,0.000000,0.000000,0.000000,0.000000,0.000000,0.000000,0.000000,0.000000,0.000000,0.000000,0.000000,0.000000,0.000000,0.000000
0.200,-1.5555,-1.5081,10.8868,11.1002,4393518.9134,4259900.6804,1795676.0014,1200.0832,1.0403,0.170951,9.7947,0.003402,0.1949,0.0324,0.1000,64.3922,11.1002,0.991397,0.009905,0.130511,-0.001304,1.1449,14.9990,0.0000,0.099876,-0.000608,0.000012,5.7225,-0.0349,0.0007,807.0159,-0.0041,-0.2085,807.0633,0.0000,0.0000,-0.0001,-0.0193,0.0004,12.6751,LAUNCH,-2.330519,-1.655656,-0.045709,0.033325,0.000000,0.000000,0.000000,0.000000,0.000000,0.000000,-0.000101,-0.019255,0.000388,-0.000147,0.960191,0.571938,1.0405,0.0832,0.0000,11.0545,1.0065,0.0000,6.5321,0.7576,0.0000,6.4902,-0.0000,-0.0017,0.000000,0.000000,0.000000,0.000000,0.000000,0.000000,0.000000,0.0000,0.0000,0.0000,-0.7104,6.3445,0.0000,0.000000,0.000000,0.000000,0.0000,0,0,0.0000,0.0000,0.000000,0.000000,0.000000,0.000000,1.000000,[],6.4925,6.4925,6.4925,-0.0000,-0.0017,343.0557,1,0.530345,11.0545,0.0000,-1.0065,11.0545,0.0000,-1.0065,11.0545,0.0000,-1.0065,-0.002848,-0.016646,0.000394,-0.1632,-0.9537,0.0226,-0.000101,-0.019225,0.000387,0.28723724,0.76995830,1200.0832,0.060000,2.2451,38.496049,-0.543889,0.012393,0.070292,-0.136913,-0.003482,0.161383,0.016241,0.129254,0.008497,4393.528733,4259.903695,0.024909,0.030000,-0.000776,-4.996612,0.019960
0.300,-2.3471,-2.2756,17.2428,17.5499,4393518.7183,4259900.4912,1795677.4047,1200.2202,2.4630,0.161606,9.2594,0.004822,0.2763,0.0512,0.1000,160.9586,17.5499,0.991350,0.014840,0.130385,-0.001951,1.7152,14.9854,0.0000,0.099230,-0.005470,0.000164,5.6855,-0.3134,0.0094,866.4846,-0.0362,-1.2337,866.7591,0.0000,0.0000,-0.0004,-0.1136,0.0034,12.6376,LAUNCH,-2.206982,-1.562663,-0.064759,0.047163,0.000000,0.000000,0.000000,0.000000,0.000000,0.000000,-0.000407,-0.113558,0.003427,-0.000231,0.937188,0.571853,2.4634,0.2202,0.0000,17.4625,1.7497,0.0001,6.6867,0.8103,0.0001,6.9892,-0.0003,-0.0100,0.000000,0.000000,0.000000,0.000000,0.000000,0.000000,0.000000,0.0000,0.0000,0.0000,-0.7081,6.3445,0.0000,0.000000,0.000000,0.000000,0.0000,0,0,0.0000,0.0000,0.000000,0.000000,0.000000,0.000000,1.000000,[],6.9916,6.9916,6.9916,-0.0003,-0.0100,343.0552,1,0.491083,17.4625,0.0001,-1.7497,17.4625,0.0001,-1.7497,17.4625,0.0001,-1.7497,-0.011422,-0.098226,0.003495,-0.6545,-5.6279,0.2002,-0.000407,-0.113272,0.003419,0.28723746,0.76995830,1200.2202,0.300000,2.0524,37.234045,0.252340,0.942927,0.065156,-0.152943,0.020113,0.104153,0.024355,1.403660,0.021335,4393.524841,4259.910888,0.030000,0.030000,-0.029952,-4.999992,-4.999992
0.400,-3.1340,-3.0385,23.7588,24.1565,4393518.4441,4259900.2254,1795679.4562,1200.4351,4.5382,0.154549,8.8550,0.006121,0.3507,0.0704,0.1000,304.9455,24.1565,0.991353,0.019687,0.129711,-0.002575,2.2753,14.9087,0.0001,0.093639,-0.025351,0.001092,5.3651,-1.4525,0.0626,835.9601,-0.1933,-4.7259,836.9159,0.0000,0.0000,-0.0036,-0.1610,0.0290,12.5993,LAUNCH,-2.355340,-0.617129,-0.096313,0.111315,0.223670,-0.811848,-0.240175,0.871528,-0.014228,0.051747,-0.003606,-0.160973,0.029036,-0.000318,0.913671,0.571767,4.5390,0.4351,0.0000,24.0221,2.5447,0.0001,6.4235,0.7607,0.0001,6.7635,-0.0016,-0.0382,0.061414,0.060234,-0.058743,-0.046317,-0.056677,-0.003402,0.004147,0.0000,0.0000,0.0000,-0.7038,6.3442,-0.0000,-0.035293,0.001324,0.016245,2.7210,0,1,0.0000,0.0000,0.050214,0.052862,-0.017724,-0.020372,1.000000,[],6.7659,6.7658,6.7658,-0.0016,-0.0382,343.0545,1,0.476369,24.0221,0.0001,-2.5447,24.0221,0.0001,-2.5447,24.0221,0.0001,-2.5447,-0.101295,-0.138438,0.027497,-5.8038,-7.9319,1.5755,-0.003606,-0.159470,0.028974,0.28723779,0.76995830,1200.4351,0.300000,1.7700,35.950789,-0.005641,0.305479,0.067353,-0.034082,-0.026130,-0.005174,0.034531,1.601372,-0.004341,4393.525099,4259.900392,0.030000,0.025111,0.030000,-4.999997,-4.999997
0.500,-3.9020,-3.7830,30.0136,30.5017,4393518.0921,4259899.8842,1795682.1467,1200.7272,7.2568,0.147454,8.4485,0.007009,0.4016,0.0889,0.1000,486.1702,30.5017,0.991547,0.023993,0.127477,-0.003028,2.7731,14.6518,0.0066,0.077478,-0.073412,0.005901,4.4392,-4.2062,0.3381,804.7015,-0.5495,-11.5509,807.0590,0.0000,0.0000,-0.0083,-0.3568,0.0787,12.5625,LAUNCH,-2.264830,-0.538164,-0.107751,0.118708,0.336640,-1.221476,-0.240175,0.871528,-0.014228,0.051747,-0.008318,-0.356812,0.078706,-0.000401,0.891121,0.571684,7.2581,0.7272,0.0000,30.3236,3.2909,0.0002,6.3216,0.7463,0.0019,6.5296,-0.0045,-0.0937,0.061414,0.060234,-0.058743,-0.046317,-0.056677,-0.003402,0.004147,0.0000,0.0000,0.0000,-0.6963,6.3440,-0.0000,-0.062431,0.001896,0.014590,2.7600,0,1,0.0000,0.0000,0.075125,0.078916,-0.045945,-0.049736,1.000000,[],6.5325,6.5319,6.5319,-0.0045,-0.0938,343.0536,1,0.462258,30.3236,0.0002,-3.2909,30.3236,0.0002,-3.2909,30.3236,0.0002,-3.2909,-0.233660,-0.305988,0.073870,-13.3877,-17.5318,4.2325,-0.008318,-0.352178,0.078485,0.28723822,0.76995830,1200.7272,0.300000,1.6569,41.359632,-0.134963,0.311828,-0.046767,-0.054704,0.034779,0.049512,0.013121,0.334817,-0.011299,4393.529838,4259.901931,0.030000,0.029998,-0.030000,-1.650530,-3.957864
0.600,-4.6605,-4.5159,36.1684,36.7460,4393517.6642,4259899.4693,1795685.4551,1201.0929,10.5979,0.134356,7.6980,0.006808,0.3901,0.1071,0.1071,705.5788,36.7460,0.992182,0.027152,0.121772,-0.003040,3.1393,13.9932,0.0342,0.045440,-0.168615,0.016414,2.6035,-9.6609,0.9404,812.7853,-0.9762,-19.6180,816.9865,0.0000,0.0000,-0.0137,-0.4810,0.1395,12.5264,POWERED_ASCENT,-2.095263,-0.395157,-0.104260,0.114601,0.401284,-1.457050,-0.240318,0.872088,-0.014242,0.051788,-0.013717,-0.480983,0.139491,-0.000483,0.868961,0.571602,10.5999,1.0929,0.0001,36.5251,4.0230,0.0020,6.4062,0.6949,0.0081,6.6142,-0.0079,-0.1596,0.061414,0.060234,-0.058743,-0.046317,-0.056677,-0.003402,0.004147,0.0000,0.0000,0.0000,-0.6832,6.3439,-0.0000,-0.079842,0.002311,0.011554,2.6730,0,1,0.0000,0.0000,0.089084,0.093707,-0.065977,-0.070600,1.000000,[],6.6184,6.6165,6.6165,-0.0079,-0.1597,343.0524,1,0.448694,36.5251,0.0020,-4.0230,36.5251,0.0020,-4.0230,36.5251,0.0020,-4.0230,-0.385391,-0.410175,0.128692,-22.0813,-23.5013,7.3735,-0.013717,-0.471511,0.139020,0.28723874,0.76995830,1201.0929,0.300000,1.7033,36.409168,0.081456,0.200403,-0.042336,-0.083656,0.028182,0.082684,0.005665,0.119260,0.014996,4393.528123,4259.902353,0.030000,0.029978,-0.030000,1.363607,-3.715449
0.700,-5.4749,-5.2945,42.3885,43.0673,4393517.1582,4259898.9795,1795689.3823,1201.5302,14.5629,0.112402,6.4402,0.005050,0.2893,0.1255,0.1255,969.1759,43.0673,0.993447,0.028194,0.110732,-0.002366,3.2613,12.7176,0.0906,-0.013371,-0.282845,0.027018,-0.7661,-16.2058,1.5480,811.4227,-0.8521,-23.4781,817.0187,0.0000,0.0000,-0.0252,-0.1366,0.0761,12.4899,POWERED_ASCENT,-1.825532,-0.081724,-0.066253,0.045503,0.437647,-1.589288,-0.264928,0.961319,-0.000393,0.001427,-0.025233,-0.136636,0.076078,-0.000565,0.846540,0.571519,14.5656,1.5302,0.0007,42.8095,4.7046,0.0100,6.5300,0.5498,0.0189,6.6225,-0.0070,-0.1916,0.066006,0.071415,-0.058743,-0.052960,-0.062281,-0.000094,0.006429,0.0000,0.0000,0.0000,-0.6684,6.3437,-0.0000,-0.091972,0.002937,0.006979,2.7200,0,1,0.0000,0.0000,0.096014,0.101888,-0.082056,-0.087930,1.000000,[],6.6275,6.6247,6.6247,-0.0070,-0.1917,343.0510,1,0.435119,42.8095,0.0100,-4.7046,42.8095,0.0100,-4.7047,42.8095,0.0100,-4.7046,-0.709018,-0.108020,0.062375,-40.6237,-6.1891,3.5738,-0.025233,-0.123360,0.075596,0.28723937,0.76995830,1201.5302,0.300000,1.6902,45.497564,0.124613,0.003018,-0.101992,-0.074443,0.029825,0.104866,0.005321,0.112438,0.013608,4393.534942,4259.901213,0.030000,-0.030000,-0.024315,4.999991,0.707274
0.800,-6.4194,-6.1844,48.6848,49.4941,4393516.5649,4259898.4068,1795693.9359,1202.0294,19.1626,0.083015,4.7564,0.002337,0.1339,0.1443,0.1443,1279.9519,49.4941,0.995193,0.025848,0.094448,-0.001179,2.9896,10.8390,0.1479,-0.082993,-0.376371,0.026022,-4.7552,-21.5645,1.4909,799.9154,-0.2877,-24.5291,807.0698,0.0000,0.0000,-0.0216,0.6144,-0.0621,12.4529,POWERED_ASCENT,-1.444167,0.278248,-0.016936,-0.028110,0.416421,-1.511885,-0.284659,1.033041,0.012789,-0.046465,-0.021601,0.614383,-0.062067,-0.000649,0.823846,0.571436,19.1663,2.0294,0.0025,49.2155,5.2440,0.0285,6.6582,0.3077,0.0259,6.5480,-0.0024,-0.2008,0.068689,0.074606,-0.058743,-0.064984,-0.066755,0.003039,0.004892,0.0000,0.0000,0.0000,-0.6510,6.3435,-0.0000,-0.092353,0.002843,0.001681,2.8030,0,1,0.0000,0.0000,0.091190,0.096877,-0.087828,-0.093515,1.000000,[],6.5533,6.5502,6.5502,-0.0024,-0.2009,343.0493,1,0.421218,49.2155,0.0285,-5.2440,49.2155,0.0285,-5.2442,49.2155,0.0285,-5.2440,-0.607070,0.548923,-0.084765,-34.7826,31.4510,-4.8567,-0.021601,0.630305,-0.062254,0.28724010,0.76995830,1202.0294,0.300000,1.6085,44.325979,0.169196,-0.033878,-0.090509,-0.178374,0.012724,0.118495,0.005247,0.014683,0.007718,4393.524380,4259.898929,0.030000,-0.030000,0.004027,4.999997,0.201829
0.900,-7.5577,-7.2528,55.0344,56.0224,4393515.8680,4259897.7369,1795699.1208,1202.5713,24.4080,0.050236,2.8783,0.000280,0.0160,0.1633,0.1633,1639.7839,56.0224,0.997003,0.020412,0.074624,-0.000158,2.3576,8.5578,0.1583,-0.137916,-0.423308,0.013562,-7.9020,-24.2538,0.7771,828.0871,0.2048,-21.6630,836.9335,0.0000,0.0000,-0.0201,1.7334,-0.1254,12.4156,POWERED_ASCENT,-0.995544,0.612762,0.009412,-0.044342,0.368525,-1.337817,-0.288120,1.045883,0.012380,-0.044958,-0.020073,1.733375,-0.125435,-0.000733,0.800965,0.571351,24.4127,2.5712,0.0066,55.7472,5.5459,0.0539,6.7987,0.0015,0.0232,6.7989,0.0017,-0.1779,0.068689,0.074606,-0.060378,-0.066198,-0.067468,0.002934,0.004180,0.0000,0.0000,0.0000,-0.6123,6.3432,-0.0001,-0.081893,0.001800,-0.002122,2.8230,0,1,0.0000,0.0000,0.077971,0.081571,-0.082214,-0.085815,1.000000,[],6.8036,6.8012,6.8012,0.0017,-0.1779,343.0476,1,0.406546,55.7472,0.0539,-5.5459,55.7472,0.0539,-5.5461,55.7472,0.0539,-5.5459,-0.564028,1.529851,-0.166415,-32.3164,87.6540,-9.5349,-0.020073,1.749263,-0.125285,0.28724092,0.76995830,1202.5713,0.300000,1.5504,57.502697,0.215349,0.032767,-0.123859,-0.216692,0.040714,0.103095,0.008451,0.290493,0.019501,4393.534194,4259.899485,0.030000,-0.030000,-0.013073,4.999993,-0.564563
1.000,-8.9291,-8.5508,61.4311,62.6628,4393515.0458,4259896.9488,1795704.9440,1203.1288,30.3142,0.020009,1.1465,-0.000103,-0.0059,0.1827,0.1827,2051.4452,62.6628,0.998451,0.012089,0.054302,0.000249,1.3930,6.2249,0.1043,-0.197332,-0.395181,-0.005941,-11.3063,-22.6422,-0.3404,836.2406,0.3672,-15.7817,846.8912,0.0000,0.0000,-0.0223,3.2027,-0.1601,12.3779,POWERED_ASCENT,-0.579727,0.904974,0.013488,-0.045234,0.294094,-1.067878,-0.288507,1.047586,0.012413,-0.045056,-0.022258,3.202656,-0.160081,-0.000819,0.777844,0.571266,30.3200,3.1287,0.0132,62.4168,5.5474,0.0767,6.8947,-0.3095,0.0080,6.8868,0.0030,-0.1300,0.068689,0.074606,-0.060378,-0.066198,-0.067468,0.002934,0.004180,0.0000,0.0000,0.0000,-0.4897,6.3428,-0.0003,-0.062748,0.000473,-0.005539,2.7610,0,1,0.0000,0.0000,0.056736,0.057681,-0.067814,-0.068759,1.000000,[],6.8904,6.8891,6.8891,0.0030,-0.1300,343.0458,1,0.391238,62.4168,0.0767,-5.5474,62.4167,0.0767,-5.5477,62.4168,0.0767,-5.5474,-0.625150,2.821268,-0.215878,-35.8185,161.6468,-12.3689,-0.022258,3.215575,-0.159780,0.28724185,0.76995830,1203.1288,0.300000,1.6535,57.828992,0.157911,-0.027194,-0.051153,-0.301574,-0.037365,0.100566,-0.010597,-0.649290,0.039103,4393.525287,4259.901107,-0.030000,-0.030000,0.029998,4.999930,-0.783012
1.100,-10.5194,-10.0817,67.8317,69.3790,4393514.0752,4259896.0192,1795711.4066,1203.6709,36.8915,-0.000213,-0.0122,0.001506,0.0863,0.2022,0.2022,2514.6219,69.3790,0.999288,0.000586,0.037712,-0.000166,0.0666,4.3225,-0.0166,-0.262703,-0.277924,-0.026100,-15.0518,-15.9239,-1.4954,844.2031,-0.3064,-9.9945,856.9013,0.0000,0.0000,-0.0243,4.7163,-0.1166,12.3398,POWERED_ASCENT,-0.299514,1.087206,-0.009183,-0.026883,0.213764,-0.776079,-0.288963,1.049482,0.012447,-0.045162,-0.024282,4.716273,-0.116620,-0.000905,0.754474,0.571180,36.8985,3.6708,0.0215,69.1805,5.2437,0.0845,7.0170,-0.5214,-0.0209,6.9738,-0.0025,-0.0826,0.068689,0.074606,-0.060378,-0.066198,-0.067468,0.002934,0.004180,0.0000,0.0000,0.0000,-0.7468,6.3423,-0.0005,-0.040919,-0.000551,-0.008619,2.7590,0,1,0.0000,0.0000,0.032851,0.031750,-0.050089,-0.048988,1.000000,[],6.9767,6.9762,6.9762,-0.0025,-0.0826,343.0441,1,0.380538,69.1805,0.0845,-5.2437,69.1804,0.0845,-5.2441,69.1805,0.0845,-5.2437,-0.681877,4.157644,-0.173579,-39.0687,238.2154,-9.9453,-0.024282,4.725315,-0.116897,0.28724289,0.76995830,1203.6709,0.300000,1.8301,70.760653,0.242064,0.031015,0.012958,-0.277491,0.033394,0.082827,0.005490,0.898375,0.058915,4393.537563,4259.901623,-0.030000,-0.030000,-0.030000,4.999993,-0.834378
1.200,-12.2573,-11.7954,74.2885,76.2113,4393512.9372,4259894.9266,1795718.5124,1204.1711,44.1518,-0.004128,-0.2365,0.004309,0.2469,0.2222,0.2222,3034.1302,76.2113,0.999477,-0.014357,0.028959,-0.001260,-1.6515,3.3165,-0.1922,-0.333871,-0.093580,-0.036280,-19.1294,-5.3617,-2.0787,851.6901,-1.9124,-9.5866,866.8632,0.0000,0.0000,-0.0263,5.7828,0.0096,12.3012,POWERED_ASCENT,-0.238101,1.104808,-0.047499,0.001830,0.157579,-0.571623,-0.289932,1.052775,0.012498,-0.045330,-0.026319,5.782763,0.009576,-0.000992,0.730812,0.571093,44.1601,4.1709,0.0292,76.0642,4.7322,0.0640,7.0734,-0.5476,-0.0614,7.0577,-0.0158,-0.0794,0.068689,0.074606,-0.060378,-0.066198,-0.067468,0.002934,0.004180,0.0000,0.0000,0.0000,-1.0039,6.3417,-0.0006,-0.025092,-0.000809,-0.011061,2.7440,0,1,0.0000,0.0000,0.014840,0.013223,-0.036961,-0.035344,1.000000,[],7.0606,7.0601,7.0601,-0.0159,-0.0795,343.0425,1,0.376851,76.0642,0.0640,-4.7322,76.0641,0.0640,-4.7328,76.0642,0.0640,-4.7322,-0.739211,5.108468,-0.023530,-42.3537,292.6937,-1.3482,-0.026319,5.792272,0.007679,0.28724404,0.76995830,1204.1711,0.300000,1.9110,70.815907,0.092325,-0.004792,0.063844,-0.183595,-0.057317,0.042039,-0.003922,-0.409704,0.022667,4393.528946,4259.895621,-0.030000,-0.030000,0.026003,4.999998,0.111816
1.300,-13.9966,-13.5658,80.7910,83.1091,4393511.6242,4259893.6587,1795726.2656,1204.6171,52.1029,0.009565,0.5480,0.006329,0.3626,0.2423,0.2423,3608.0680,83.1091,0.999006,-0.032975,0.029906,-0.002466,-3.7929,3.4162,-0.3960,-0.410166,0.089994,-0.028955,-23.5008,5.1563,-1.6590,849.0067,-3.5709,-19.9755,866.8717,0.0000,0.0000,-0.0280,5.9178,0.1304,12.2623,POWERED_ASCENT,-0.417207,0.950759,-0.074582,0.020945,0.133847,-0.485313,-0.290911,1.056099,0.012548,-0.045499,-0.027987,5.917790,0.130370,-0.001080,0.706957,0.571005,52.1127,4.6169,0.0329,83.0032,4.1950,0.0037,7.1334,-0.3506,-0.1084,7.0578,-0.0297,-0.1661,0.068689,0.074606,-0.060378,-0.066198,-0.067468,0.002934,0.004180,0.0000,0.0000,0.0000,-0.8341,6.3409,-0.0007,-0.017354,-0.000191,-0.013755,2.8090,0,1,0.0000,0.0000,0.003790,0.003407,-0.031300,-0.030918,1.000000,[],7.0622,7.0602,7.0602,-0.0297,-0.1661,343.0410,1,0.373128,83.0032,0.0037,-4.1950,83.0032,0.0037,-4.1957,83.0032,0.0037,-4.1950,-0.786217,5.246428,0.147400,-45.0469,300.5982,8.4454,-0.027987,5.939359,0.126514,0.28724529,0.76995831,1204.6171,0.300000,1.8337,81.613792,0.077427,-0.023331,0.216046,-0.047878,-0.004670,0.029659,-0.000167,-0.002454,0.056425,4393.543193,4259.895031,-0.030000,-0.030000,-0.030000,4.999995,1.464175
1.400,-15.5827,-15.2518,87.4048,90.0835,4393510.1437,4259892.2169,1795734.6740,1205.0174,60.7506,0.034075,1.9524,0.005508,0.3156,0.2626,0.2626,4238.8716,90.0835,0.997724,-0.055462,0.038230,-0.003077,-6.3861,4.3555,-0.5965,-0.490929,0.179668,-0.010910,-28.1282,10.2942,-0.6251,865.8755,-3.5311,-42.1385,886.6522,0.0000,0.0000,-0.0295,5.1146,0.0789,12.2231,POWERED_ASCENT,-0.749131,0.699437,-0.062775,0.010793,0.159343,-0.577663,-0.291900,1.059459,0.012600,-0.045670,-0.029466,5.114615,0.078925,-0.001168,0.682910,0.570916,60.7621,5.0171,0.0283,90.0010,3.8511,-0.1026,7.2012,-0.0136,-0.1571,7.2211,-0.0294,-0.3514,0.068689,0.074606,-0.060378,-0.066198,-0.067468,0.002934,0.004180,0.0000,0.0000,0.0000,-0.7874,6.3399,-0.0007,-0.019142,0.000848,-0.017086,2.7480,0,1,0.0000,0.0000,0.001207,0.002904,-0.035380,-0.037077,1.000000,[],7.2322,7.2236,7.2236,-0.0295,-0.3515,343.0397,1,0.369364,90.0010,-0.1026,-3.8511,90.0010,-0.1026,-3.8520,90.0010,-0.1026,-3.8511,-0.827767,4.564286,0.151612,-47.4276,261.5143,8.6867,-0.029466,5.163850,0.074799,0.28724665,0.76995830,1205.0174,0.300000,1.8558,78.301034,0.040609,0.041537,0.225532,0.037439,0.000025,0.026669,0.001603,0.002838,0.039519,4393.529737,4259.895597,-0.030000,0.030000,-0.030000,4.999997,-2.196642
1.500,-16.9215,-16.7645,94.1759,97.1416,4393508.5167,4259890.6147,1795743.7523,1205.3996,70.1021,0.055713,3.1921,0.001780,0.1020,0.2832,0.2832,4928.9527,97.1416,0.995496,-0.082006,0.047472,-0.002868,-9.4550,5.3964,-0.7768,-0.575255,0.115534,-0.006808,-32.9597,6.6196,-0.3901,872.7654,-0.7762,-69.0440,896.6753,0.0000,0.0000,-0.0304,4.1595,-0.2315,12.1834,POWERED_ASCENT,-1.055603,0.489179,-0.011867,-0.027231,0.224871,-0.815620,-0.292901,1.062861,0.012651,-0.045843,-0.030437,4.159456,-0.231539,-0.001258,0.658528,0.570827,70.1155,5.3992,0.0107,97.0654,3.8377,-0.2567,7.2415,0.2621,-0.2073,7.3023,-0.0065,-0.5777,0.068689,0.074606,-0.060378,-0.066198,-0.067468,0.002934,0.004180,0.0000,0.0000,0.0000,-0.7522,6.3385,-0.0003,-0.029892,0.001375,-0.020645,2.7810,0,1,0.0000,0.0000,0.007872,0.010622,-0.049162,-0.051913,1.000000,[],7.3276,7.3048,7.3048,-0.0065,-0.5779,343.0384,1,0.365555,97.0654,-0.2567,-3.8377,97.0654,-0.2567,-3.8388,97.0654,-0.2567,-3.8377,-0.854982,3.759263,-0.141400,-48.9868,215.3899,-8.1016,-0.030437,4.246330,-0.232516,0.28724813,0.76995830,1205.3996,0.300000,2.1481,84.584452,0.022208,-0.115935,0.390103,0.086700,0.017040,0.044520,0.003358,0.103951,0.044594,4393.544268,4259.891905,-0.030000,0.030000,-0.030000,4.999998,4.993282
1.600,-18.0478,-18.1398,101.0616,104.2508,4393506.7674,4259888.8692,1795753.5136,1205.7955,80.1616,0.061406,3.5183,-0.001690,-0.0968,0.3039,0.3039,5676.5681,104.2508,0.992341,-0.112776,0.050349,-0.002600,-13.0146,5.7012,-0.9511,-0.661331,-0.063495,-0.040807,-37.8915,-3.6380,-2.3381,879.3841,2.5984,-86.1719,906.6316,0.0000,0.0000,-0.0308,4.3834,-0.5844,12.1433,POWERED_ASCENT,-1.143954,0.447618,0.034495,-0.059681,0.274109,-0.994415,-0.294021,1.066776,0.012707,-0.046036,-0.030813,4.383367,-0.584435,-0.001349,0.633898,0.570736,80.1768,5.7950,-0.0248,104.1693,4.0949,-0.4601,7.2989,0.2821,-0.2671,7.3820,0.0218,-0.7234,0.068689,0.074606,-0.060378,-0.066198,-0.067468,0.002934,0.004180,0.0000,0.0000,0.0000,-0.7285,6.3368,0.0005,-0.040568,0.000448,-0.021913,2.7500,0,1,0.0000,0.0000,0.018207,0.019104,-0.062032,-0.062929,1.000000,[],7.4199,7.3845,7.3845,0.0218,-0.7236,343.0371,1,0.361719,104.1693,-0.4601,-4.0949,104.1693,-0.4601,-4.0962,104.1693,-0.4601,-4.0949,-0.865447,4.012496,-0.555851,-49.5865,229.8991,-31.8479,-0.030813,4.499613,-0.580930,0.28724972,0.76995830,1205.7955,0.300000,2.1139,81.721393,0.033383,0.112275,0.431515,0.044198,0.020063,0.068238,0.001905,0.084054,0.067573,4393.525442,4259.893862,-0.030000,0.030000,-0.030000,4.999997,-4.998042
1.700,-19.1312,-19.5552,108.0068,111.4176,4393504.9095,4259886.9860,1795763.9670,1206.2207,90.9340,0.049074,2.8117,-0.000602,-0.0345,0.3248,0.3248,6483.6148,111.4176,0.988014,-0.147859,0.044184,-0.003634,-17.0730,4.9470,-1.1645,-0.748245,-0.215701,-0.101442,-42.8713,-12.3588,-5.8122,875.8464,1.5447,-84.2902,906.6351,0.0000,0.0000,-0.0310,6.5713,-0.4949,12.1028,POWERED_ASCENT,-0.979691,0.587514,0.017954,-0.044243,0.275678,-1.000333,-0.295637,1.072847,0.012777,-0.046317,-0.031018,6.571272,-0.494853,-0.001441,0.609066,0.570644,90.9512,6.2200,-0.0835,111.3295,4.3716,-0.7221,7.3958,0.0387,-0.3509,7.3769,0.0130,-0.7099,0.068689,0.074606,-0.060378,-0.066198,-0.067468,0.002934,0.004180,0.0000,0.0000,0.0000,-0.7095,6.3344,0.0018,-0.041801,-0.001714,-0.019429,2.9960,0,1,0.0000,0.0000,0.024086,0.020659,-0.062943,-0.059516,1.000000,[],7.4135,7.3794,7.3794,0.0130,-0.7102,343.0357,1,0.357852,111.3295,-0.7221,-4.3716,111.3294,-0.7221,-4.3732,111.3295,-0.7221,-4.3716,-0.870653,6.013143,-0.594052,-49.8848,344.5277,-34.0367,-0.031018,6.692693,-0.492628,0.28725141,0.76995829,1206.2207,0.294474,2.5525,84.346117,0.044114,-0.155694,0.529206,-0.093883,-0.012616,0.078604,-0.001881,-0.082285,0.059632,4393.539519,4259.888042,-0.030000,0.030000,-0.030000,4.999994,4.993282
1.800,-20.3412,-21.2079,114.9756,118.6715,4393502.9380,4259884.9507,1795775.1156,1206.6631,102.4261,0.031443,1.8015,0.005350,0.3065,0.3459,0.3459,7355.0155,118.6715,0.981722,-0.187139,0.034031,-0.006506,-21.6320,3.6915,-1.4649,-0.835117,-0.203357,-0.131263,-47.8487,-11.6515,-7.5208,882.0471,-6.3022,-71.8289,916.5918,0.0000,0.0000,-0.0308,9.7786,0.2339,12.0619,POWERED_ASCENT,-0.735944,0.770688,-0.064571,0.018433,0.206467,-0.749155,-0.297272,1.078993,0.012848,-0.046602,-0.030848,9.778600,0.233875,-0.001533,0.583989,0.570552,102.4454,6.6623,-0.1724,118.5848,4.4095,-1.0664,7.5005,-0.2217,-0.4708,7.4543,-0.0533,-0.6070,0.068689,0.074606,-0.060378,-0.066198,-0.067468,0.002934,0.004180,0.0000,0.0000,0.0000,-0.7028,6.3316,0.0038,-0.031967,-0.002854,-0.012175,2.8160,0,1,0.0000,0.0000,0.022646,0.016937,-0.046997,-0.041288,1.000000,[],7.4817,7.4568,7.4568,-0.0533,-0.6072,343.0343,1,0.353938,118.5848,-1.0664,-4.4095,118.5847,-1.0664,-4.4114,118.5848,-1.0664,-4.4095,-0.865748,8.897732,0.034921,-49.6037,509.8025,2.0008,-0.030848,9.888707,0.224214,0.28725323,0.76995827,1206.6631,0.300000,2.8905,83.695554,0.043862,0.110528,0.423340,-0.233432,-0.065403,0.070697,-0.003488,-0.313349,0.073561,4393.522035,4259.894170,-0.030000,0.030000,-0.030000,4.999999,-4.998042
1.900,-21.6660,-23.1357,121.9705,126.0217,4393500.8386,4259882.7356,1795786.9630,1207.0954,114.6498,0.025576,1.4654,0.009934,0.5692,0.3674,0.3674,8293.9855,126.0217,0.972647,-0.230275,0.028880,-0.009848,-26.6873,2.9603,-1.8625,-0.921452,-0.044482,-0.085033,-52.7953,-2.5486,-4.8720,897.9832,-13.9392,-71.9309,936.5016,0.0000,0.0000,-0.0307,11.7835,0.8881,12.0206,POWERED_ASCENT,-0.653554,0.823562,-0.126649,0.062071,0.142016,-0.515396,-0.298928,1.085220,0.012920,-0.046890,-0.030681,11.783485,0.888112,-0.001626,0.558629,0.570458,114.6713,7.0944,-0.3013,125.9427,4.1920,-1.5282,7.5760,-0.2079,-0.6237,7.6151,-0.1182,-0.6100,0.068689,0.074606,-0.060378,-0.066198,-0.067468,0.002934,0.004180,0.0000,0.0000,0.0000,-0.7378,6.3279,0.0068,-0.022102,-0.001034,-0.009118,3.1470,0,1,0.0000,0.0000,0.014018,0.011950,-0.032254,-0.030187,1.000000,[],7.6430,7.6177,7.6177,-0.1182,-0.6102,343.0329,1,0.349972,125.9427,-1.5282,-4.1920,125.9426,-1.5282,-4.1942,125.9427,-1.5282,-4.1920,-0.861723,10.675026,0.731802,-49.3731,611.6339,41.9291,-0.030681,11.900470,0.865442,0.28725515,0.76995825,1207.0954,0.287845,2.6361,91.916311,0.057527,-0.206742,0.286745,-0.213205,-0.074089,0.044064,0.001219,-0.463406,0.092490,4393.538828,4259.886721,-0.030000,0.030000,-0.030000,4.999995,4.993282
2.000,-22.8922,-25.1768,129.0402,133.4515,4393498.6096,4259880.3202,1795799.5130,1207.5039,127.6135,0.035027,2.0069,0.006663,0.3818,0.3890,0.3890,9300.4119,133.4515,0.960272,-0.276924,0.032479,-0.011617,-32.2378,3.2070,-2.3133,-1.007666,0.078561,-0.012962,-57.7350,4.5012,-0.7427,893.8034,-9.8429,-96.8159,936.5049,0.0000,0.0000,-0.0307,11.5718,0.3714,11.9788,POWERED_ASCENT,-0.784465,0.721246,-0.079753,0.023151,0.099404,-0.360958,-0.300603,1.091514,0.012993,-0.047182,-0.030726,11.571770,0.371434,-0.001721,0.532993,0.570364,127.6369,7.5027,-0.4838,133.3747,3.9880,-2.1401,7.5980,0.0704,-0.7948,7.6061,-0.0838,-0.8239,0.068689,0.074606,-0.060378,-0.066198,-0.067468,0.002934,0.004180,0.0000,0.0000,0.0000,-0.7652,6.3232,0.0110,-0.020413,0.001613,-0.000425,2.8730,0,1,0.0000,0.0000,0.018375,0.021601,-0.019225,-0.022450,1.000000,[],7.6536,7.6087,7.6087,-0.0838,-0.8242,343.0316,1,0.345996,133.3747,-2.1401,-3.9880,133.3747,-2.1401,-3.9907,133.3747,-2.1401,-3.9880,-0.863125,10.486449,0.393319,-49.4534,600.8292,22.5355,-0.030726,11.738373,0.354496,0.28725720,0.76995822,1207.5039,0.300000,2.7655,102.707036,0.032390,0.084640,0.162144,-0.076416,-0.036256,0.030678,0.002549,-0.675918,0.061453,4393.524795,4259.885855,-0.030000,0.030000,-0.030000,4.999996,-4.998042
2.100,-23.8179,-27.1604,136.2080,140.9170,4393496.2724,4259877.7029,1795812.7747,1207.9048,141.3218,0.045621,2.6139,-0.001025,-0.0587,0.4108,0.4108,10369.6746,140.9170,0.944181,-0.326923,0.038708,-0.012056,-38.2870,3.7390,-2.7615,-1.094374,0.029820,-0.029760,-62.7030,1.7085,-1.7051,899.0191,3.6672,-129.4509,946.5616,0.0000,0.0000,-0.0310,11.0565,-1.0082,11.9367,POWERED_ASCENT,-0.940739,0.618073,0.026650,-0.056360,0.143911,-0.522479,-0.302811,1.099602,0.013094,-0.047538,-0.031039,11.056536,-1.008201,-0.001816,0.507163,0.570269,141.3468,7.9032,-0.7360,140.8283,4.0570,-2.9198,7.6222,0.2396,-0.9748,7.6774,0.0313,-1.1055,0.068689,0.074606,-0.060378,-0.066198,-0.067468,0.002934,0.004180,0.0000,0.0000,0.0000,-0.7548,6.3168,0.0172,-0.027052,0.001646,0.003554,3.5930,0,1,0.0000,0.0000,0.028960,0.032252,-0.021853,-0.025145,1.000000,[],7.7593,7.6801,7.6801,0.0313,-1.1059,343.0303,1,0.345498,140.8283,-2.9198,-4.0570,140.8283,-2.9198,-4.0602,140.8283,-2.9198,-4.0570,-0.871910,10.125115,-0.864487,-49.9568,580.1263,-49.5314,-0.031039,11.291618,-1.001541,0.28725936,0.76995818,1207.9048,0.293986,2.4223,118.115323,0.025136,-0.100139,-0.035925,0.014350,-0.025301,0.035797,0.000940,-0.960144,0.069326,4393.547502,4259.880717,-0.030000,0.030000,-0.000420,4.999997,4.993282
2.200,-24.5113,-29.1647,143.4456,148.4184,4393493.8562,4259874.8879,1795826.7574,1208.3236,155.7772,0.044236,2.5346,-0.001955,-0.1120,0.4327,0.4327,11502.6060,148.4184,0.923953,-0.380235,0.039160,-0.014083,-44.8363,3.5348,-3.2051,-1.181480,-0.091195,-0.140628,-67.6938,-5.2251,-8.0574,903.7574,5.6983,-141.9371,956.4178,0.0000,0.0000,-0.0309,12.8046,-1.1883,11.8942,POWERED_ASCENT,-0.929884,0.645293,0.037332,-0.059887,0.150776,-0.546898,-0.305566,1.109528,0.013222,-0.047961,-0.030906,12.804636,-1.188339,-0.001912,0.481097,0.570173,155.8032,8.3217,-1.0750,148.3057,4.2921,-3.8761,7.6723,0.0298,-1.1690,7.7455,0.0488,-1.2164,0.068689,0.074606,-0.060378,-0.066198,-0.067468,0.002934,0.004180,0.0000,0.0000,0.0000,-0.7436,6.3090,0.0252,-0.026536,-0.001914,0.005011,3.6730,0,1,0.0000,0.0000,0.033462,0.029633,-0.023439,-0.019610,1.000000,[],7.8432,7.7481,7.7481,0.0489,-1.2169,343.0289,1,0.344999,148.3057,-3.8761,-4.2921,148.3056,-3.8761,-4.2957,148.3057,-3.8761,-4.2921,-0.867772,11.870989,-1.159849,-49.7197,680.1575,-66.4545,-0.030906,13.076025,-1.177443,0.28726164,0.76995812,1208.3236,0.300000,2.5087,134.354639,0.025108,0.023186,-0.740218,0.007824,-0.078018,0.044377,-0.000044,-1.340974,0.082952,4393.524100,4259.877040,-0.030000,0.030000,0.029992,4.999998,-4.998042
2.300,-25.2237,-31.4528,150.6720,155.9730,4393491.3716,4259871.8601,1795841.4639,1208.7585,170.9838,0.036671,2.1011,0.005615,0.3217,0.4547,0.4547,12702.8448,155.9730,0.898869,-0.436425,0.034759,-0.018966,-51.8807,2.6327,-3.6984,-1.268000,-0.096037,-0.183460,-72.6511,-5.5025,-10.5115,898.4607,-11.7635,-139.4620,956.5313,0.0000,0.0000,-0.0308,16.0383,0.5002,11.8514,POWERED_ASCENT,-0.827340,0.731883,-0.069785,0.022828,0.125791,-0.455855,-0.308341,1.119525,0.013352,-0.048387,-0.030768,16.038252,0.500250,-0.002009,0.454828,0.570076,171.0096,8.7562,-1.5193,155.8322,4.3213,-5.0229,7.6953,-0.2932,-1.3936,7.7279,-0.1012,-1.1996,0.068689,0.074606,-0.060378,-0.066198,-0.067468,0.002934,0.004180,0.0000,0.0000,0.0000,-0.7469,6.2990,0.0358,-0.017331,-0.004296,0.006018,3.9280,0,1,0.0000,0.0000,0.027646,0.019053,-0.015609,-0.007017,1.000000,[],7.8238,7.7305,7.7305,-0.1012,-1.2000,343.0275,1,0.344496,155.8322,-5.0229,-4.3213,155.8321,-5.0229,-4.3255,155.8322,-5.0229,-4.3213,-0.863766,14.866232,0.310035,-49.4902,851.7724,17.7637,-0.030768,16.318408,0.476619,0.28726404,0.76995805,1208.7585,0.300000,1.7508,156.921733,0.033293,-0.017525,-1.217912,-0.079205,-0.075513,0.042891,0.000014,-0.765889,0.090298,4393.555645,4259.875875,-0.029993,0.030000,-0.030000,4.999997,-1.711197
2.400,-26.0055,-34.1151,157.8304,163.5560,4393488.8114,4259868.5840,1795856.8898,1209.1793,186.9464,0.035898,2.0568,0.008717,0.4995,0.4768,0.4768,13967.4511,163.5560,0.868150,-0.494589,0.033819,-0.023540,-59.4164,2.0307,-4.2651,-1.354493,-0.010265,-0.086537,-77.6067,-0.5881,-4.9582,902.7346,-20.7172,-151.9611,966.4926,0.0000,0.0000,-0.0308,17.8632,1.2187,11.8083,POWERED_ASCENT,-0.819869,0.741359,-0.111775,0.050577,0.085076,-0.308031,-0.311126,1.129559,0.013482,-0.048814,-0.030799,17.863236,1.218666,-0.002106,0.428389,0.569979,186.9703,9.1765,-2.0891,163.3813,4.0337,-6.3900,7.7304,-0.3384,-1.6485,7.7930,-0.1788,-1.3118,0.068689,0.074606,-0.060378,-0.066198,-0.067468,0.002934,0.004180,0.0000,0.0000,0.0000,-0.7631,6.2876,0.0481,-0.008103,-0.003888,0.006527,3.5270,0,1,0.0000,0.0000,0.018517,0.010742,-0.005463,0.002312,1.000000,[],7.9074,7.7957,7.7957,-0.1789,-1.3123,343.0262,1,0.343991,163.3813,-6.3900,-4.0337,163.3812,-6.3900,-4.0385,163.3813,-6.3900,-4.0337,-0.865120,16.458457,1.043752,-49.5677,943.0001,59.8026,-0.030799,18.183305,1.175030,0.28726656,0.76995796,1209.1793,0.300000,1.8118,157.909003,0.013558,-0.022198,-1.503286,-0.112773,-0.050324,0.029874,0.000901,-1.472528,0.091766,4393.523027,4259.878052,0.030000,0.011771,-0.030000,4.999998,-2.271028
2.500,-26.6508,-36.9933,165.0092,171.1923,4393486.1781,4259865.0290,1795873.0322,1209.5666,203.6686,0.039985,2.2910,0.002159,0.1237,0.4991,0.4991,15301.5845,171.1923,0.831273,-0.553980,0.038000,-0.025448,-67.4456,2.0047,-4.8452,-1.441025,0.002958,-0.039446,-82.5647,0.1695,-2.2601,896.7558,-3.6418,-179.6013,966.5006,0.0000,0.0000,-0.0308,18.5372,-0.6182,11.7648,POWERED_ASCENT,-0.884509,0.702251,-0.017935,-0.023419,0.086590,-0.313232,-0.313930,1.139664,0.013613,-0.049244,-0.030757,18.537156,-0.618199,-0.002204,0.401735,0.569880,203.6881,9.5633,-2.8084,170.9649,3.7017,-8.0072,7.6077,-0.3158,-1.8838,7.7700,-0.0316,-1.5562,0.068689,0.074606,-0.060378,-0.066198,-0.067468,0.002934,0.004180,0.0000,0.0000,0.0000,-0.7666,6.2716,0.0652,-0.007305,-0.004397,0.006963,4.5550,0,1,0.0000,0.0000,0.018665,0.009871,-0.004739,0.004055,1.000000,[],7.9270,7.7726,7.7726,-0.0316,-1.5567,343.0249,1,0.343482,170.9649,-8.0072,-3.7017,170.9648,-8.0072,-3.7072,170.9649,-8.0072,-3.7017,-0.863961,17.106285,-0.560379,-49.5013,980.1179,-32.1074,-0.030757,18.933082,-0.626227,0.28726919,0.76995784,1209.5666,0.300000,1.7854,169.094325,0.006413,-0.020712,-1.763873,-0.148049,0.033834,0.017165,-0.001135,-1.634657,0.092735,4393.554877,4259.877748,0.030000,0.030000,-0.030000,4.999992,-3.426333
2.600,-27.0956,-39.9987,172.0789,178.7322,4393483.4916,4259861.1803,1795889.8880,1209.9234,221.1475,0.040051,2.2948,-0.000494,-0.0283,0.5210,0.5210,16678.5542,178.7322,0.787648,-0.614162,0.040378,-0.028024,-75.9686,1.6724,-5.3813,-1.527839,-0.038706,-0.142964,-87.5387,-2.2177,-8.1912,880.5228,3.9907,-197.8694,956.4310,0.0000,0.0000,-0.0310,20.4645,-1.3696,11.7217,POWERED_ASCENT,-0.894024,0.711259,0.018031,-0.047602,0.123337,-0.446373,-0.317513,1.152938,0.013778,-0.049864,-0.031019,20.464468,-1.369609,-0.002302,0.375306,0.569783,221.1587,9.9195,-3.7014,178.4281,3.3919,-9.8552,7.4600,-0.6498,-2.0865,7.6574,0.0347,-1.7207,0.068689,0.074606,-0.060378,-0.066198,-0.067468,0.002934,0.004180,0.0000,0.0000,0.0000,-0.7661,6.2489,0.0892,-0.007934,-0.011068,0.007267,3.3520,0,1,0.0000,0.0000,0.026269,0.004133,-0.011735,0.010400,1.000000,[],7.8511,7.6600,7.6600,0.0347,-1.7213,343.0238,1,0.342972,178.4281,-9.8552,-3.3919,178.4279,-9.8553,-3.3982,178.4281,-9.8552,-3.3919,-0.871155,19.087326,-1.285942,-49.9135,1093.6232,-73.6791,-0.031019,20.919935,-1.360423,0.28727195,0.76995770,1209.9234,0.300000,1.9746,168.394972,0.016934,-0.018224,-1.887776,-0.163964,0.045014,0.017532,-0.005724,-1.637085,0.086712,4393.520771,4259.864049,0.030000,0.030000,-0.030000,4.999996,-4.999996
2.700,-27.5982,-43.3371,178.9167,186.1477,4393480.7600,4259857.0160,1795907.4400,1210.2358,239.3706,0.038553,2.2089,0.005292,0.3032,0.5427,0.5427,18090.6746,186.1477,0.736607,-0.674334,0.039477,-0.033554,-84.9837,0.7394,-5.8936,-1.615038,-0.030951,-0.177149,-92.5349,-1.7733,-10.1499,874.0906,-15.8176,-211.1436,956.3046,0.0000,0.0000,-0.0310,22.9409,0.5670,11.6792,POWERED_ASCENT,-0.879533,0.735091,-0.065889,0.018168,0.144482,-0.523169,-0.321072,1.166137,0.013941,-0.050482,-0.030981,22.940885,0.567004,-0.002398,0.349207,0.569687,239.3684,10.2313,-4.7896,185.7464,2.7544,-11.9021,7.3497,-1.1219,-2.2761,7.6291,-0.1381,-1.8429,0.068689,0.074606,-0.060378,-0.066198,-0.067468,0.002934,0.004180,0.0000,0.0000,0.0000,-0.7718,6.2222,0.1163,-0.004073,-0.018782,0.007556,3.7070,0,1,0.0000,0.0000,0.030411,-0.007154,-0.015299,0.022266,1.000000,[],7.8524,7.6317,7.6317,-0.1381,-1.8435,343.0227,1,0.342468,185.7464,-11.9021,-2.7544,185.7463,-11.9022,-2.7615,185.7464,-11.9021,-2.7544,-0.870100,21.472430,0.430292,-49.8531,1230.2796,24.6539,-0.030981,23.447213,0.529073,0.28727482,0.76995752,1210.2358,0.300000,1.9898,178.741493,0.012921,-0.023167,-2.108251,-0.209533,0.040174,0.016651,-0.007892,-1.641411,0.093122,4393.554415,4259.863373,0.030000,0.030000,-0.030000,4.999993,-4.999994
2.800,-28.2681,-47.0967,185.5196,193.4805,4393477.9691,4259852.4957,1795925.6634,1210.4600,258.3269,0.039140,2.2426,0.005764,0.3303,0.5640,0.5640,19543.5916,193.4805,0.677805,-0.733120,0.040896,-0.037989,-94.4894,-0.0150,-6.3996,-1.701790,-0.023659,-0.085492,-97.5054,-1.3556,-4.8984,857.7956,-18.5031,-232.2577,946.4823,0.0000,0.0000,-0.0307,24.8035,0.6322,11.6369,POWERED_ASCENT,-0.895560,0.735688,-0.071346,0.018753,0.141153,-0.511370,-0.324591,1.179189,0.014103,-0.051093,-0.030745,24.803453,0.632237,-0.002494,0.323262,0.569591,258.3043,10.4547,-6.0922,192.9564,1.6539,-14.1350,7.2413,-1.3805,-2.4326,7.5141,-0.1621,-2.0345,0.068689,0.074606,-0.060378,-0.066198,-0.067468,0.002934,0.004180,0.0000,0.0000,0.0000,-0.7768,6.1883,0.1491,-0.003862,-0.017671,0.007837,4.0080,0,1,0.0000,0.0000,0.029370,-0.005972,-0.013695,0.021646,1.000000,[],7.7890,7.5167,7.5167,-0.1621,-2.0352,343.0220,1,0.341966,192.9564,-14.1350,-1.6539,192.9563,-14.1351,-1.6618,192.9564,-14.1350,-1.6539,-0.863573,23.128453,0.492291,-49.4791,1325.1627,28.2062,-0.030745,25.382616,0.586098,0.28727780,0.76995730,1210.4600,0.300000,1.9916,178.775293,0.013490,-0.037469,-2.204995,-0.255793,0.213265,0.013648,-0.015730,-1.643309,0.101818,4393.518136,4259.858537,0.030000,0.030000,-0.030000,4.999996,-4.999997
2.900,-28.9843,-51.1150,191.9486,200.7414,4393475.1083,4259847.5852,1795944.5370,1210.5599,278.0065,0.038528,2.2075,0.001492,0.0855,0.5852,0.5852,21037.7644,200.7414,0.610998,-0.789369,0.044209,-0.040296,-104.4851,-0.5496,-6.8368,-1.787823,-0.031340,-0.100401,-102.4347,-1.7957,-5.7526,851.0169,-2.6232,-249.5890,946.3446,0.0000,0.0000,-0.0305,27.2379,-1.0730,11.5949,POWERED_ASCENT,-0.894036,0.750517,-0.009396,-0.029565,0.162903,-0.590446,-0.328076,1.192112,0.014263,-0.051698,-0.030530,27.237931,-1.072976,-0.002589,0.297458,0.569496,277.9549,10.5538,-7.6262,200.0601,0.2996,-16.5214,7.1519,-1.7471,-2.5058,7.4818,-0.0231,-2.1943,0.068689,0.074606,-0.060378,-0.066198,-0.067468,0.002934,0.004180,0.0000,0.0000,0.0000,-0.7803,6.1501,0.1840,-0.005297,-0.020069,0.008148,4.0520,0,1,0.0000,0.0000,0.033514,-0.006623,-0.017218,0.022920,1.000000,[],7.7996,7.4843,7.4843,-0.0231,-2.1950,343.0217,1,0.341467,200.0601,-16.5214,-0.2996,200.0601,-16.5214,-0.3084,200.0601,-16.5214,-0.2996,-0.857484,25.473224,-1.034872,-49.1302,1459.5082,-59.2938,-0.030530,27.884044,-1.079767,0.28728090,0.76995705,1210.5599,0.300000,2.0648,186.677056,0.017635,-0.036314,-2.412671,-0.279582,0.293051,0.011899,-0.018082,-1.647330,0.115319,4393.552922,4259.857398,0.030000,0.030000,-0.030000,4.999996,-4.999996
3.000,-29.8802,-55.4076,198.1917,207.9489,4393472.1691,4259842.2600,1795964.0447,1210.5087,298.4026,0.038660,2.2150,0.003401,0.1949,0.6062,0.6062,22575.7094,207.9489,0.535738,-0.841969,0.045636,-0.044604,-114.9694,-1.5021,-7.1624,-1.874866,-0.010822,-0.158468,-107.4219,-0.6201,-9.0796,843.8699,-11.5331,-271.7263,946.4827,0.0000,0.0000,-0.0341,29.7219,-0.1976,11.5529,POWERED_ASCENT,-0.907025,0.763170,-0.038498,-0.005073,0.185594,-0.673177,-0.334768,1.216439,0.014543,-0.052733,-0.034146,29.721931,-0.197582,-0.002684,0.271717,0.569401,298.3114,10.5017,-9.4034,207.0762,-1.4142,-18.9796,7.1063,-2.3699,-2.5082,7.4459,-0.1018,-2.3976,0.068689,0.074606,-0.060378,-0.066198,-0.067468,0.002934,0.004180,0.0000,0.0000,0.0000,-0.7921,-0.2043,0.2292,0.009790,-0.018663,0.008990,12.6080,4,1,0.0000,0.0000,0.017863,-0.019463,0.000117,0.037443,1.000000,[],7.8257,7.4484,7.4484,-0.1018,-2.3984,343.0219,1,0.342522,207.0762,-18.9796,1.4142,207.0762,-18.9797,1.4045,207.0762,-18.9796,1.4142,-0.959120,27.966839,-0.227577,-54.9535,1602.3818,-13.0392,-0.034146,30.451125,-0.228532,0.28728411,0.76995676,1210.5087,0.300000,1.9960,187.263407,0.008244,-0.054257,-2.524588,-0.282938,0.279692,0.014008,-0.020279,-1.649555,0.119795,4393.514055,4259.847846,0.030000,0.030000,-0.030000,4.999997,-4.999998
3.100,-31.1860,-60.1010,204.2186,215.1510,4393469.1200,4259836.4849,1795984.1667,1210.2556,319.5115,0.039781,2.2793,0.004799,0.2750,0.6272,0.6272,24167.1488,215.1510,0.451590,-0.889609,0.047387,-0.049150,-126.0072,-2.5591,-7.4021,-1.985278,-0.033557,-0.108958,-113.7480,-1.9227,-6.2429,834.9688,-18.7689,-303.1858,946.3325,0.0000,0.0000,-0.0436,32.6764,0.3830,11.5108,POWERED_ASCENT,-0.945393,0.783780,-0.058525,0.009187,0.272090,-0.987846,-0.349124,1.268028,0.015108,-0.054798,-0.043642,32.676378,0.383028,-0.002779,0.245912,0.569306,319.3681,10.2476,-11.4271,214.0474,-3.7391,-21.4402,7.0750,-2.6625,-1.8441,7.3943,-0.1662,-2.6849,0.068689,0.074606,-0.060378,-0.066198,-0.067468,0.002934,0.004180,0.0000,0.0000,0.0000,-0.8121,-0.0985,0.2843,0.014750,-0.027973,0.009939,4.9600,0,1,0.0000,0.0000,0.023161,-0.032785,-0.003284,0.052662,1.000000,[],7.8711,7.3968,7.3968,-0.1663,-2.6858,343.0227,1,0.347254,214.0474,-21.4402,3.7391,214.0476,-21.4403,3.7283,214.0474,-21.4402,3.7391,-1.225797,30.733395,0.237076,-70.2330,1760.8938,13.5834,-0.043642,33.518823,0.330876,0.28728743,0.76995643,1210.2556,0.300000,1.9653,193.964114,0.013797,-0.051052,-2.841707,-0.520167,0.249941,-0.002042,-0.016443,-1.655534,0.091203,4393.550089,4259.846083,0.030000,0.030000,-0.030000,4.999998,-4.999999
3.200,-33.1368,-64.5122,210.1349,222.2983,4393465.9175,4259830.2404,1796004.8826,1209.7518,341.3272,0.016914,0.9691,0.027597,1.5812,0.6481,0.6481,25800.7511,222.2983,0.334703,-0.940684,0.034371,-0.043650,-140.6683,-3.3889,-5.3966,-3.401135,-0.560549,-0.566076,-194.8707,-32.1171,-32.4338,816.1541,-126.8923,-175.0995,936.6763,0.0000,0.0000,-0.8019,31.4404,7.7316,11.4689,POWERED_ASCENT,-0.511425,0.706386,-0.370623,0.173710,0.419646,-1.523439,-0.246015,0.892881,0.056255,-0.204108,-0.801855,31.440442,7.731632,-0.002874,0.220161,0.569211,341.1181,9.7427,-13.6810,220.9880,-6.3511,-23.2492,7.2468,-2.3148,0.8466,7.2541,-1.1278,-1.5563,0.048248,0.067466,-0.022436,-0.045362,-0.045878,0.010536,0.011979,0.0000,0.0000,0.0000,-0.7027,0.9515,0.3470,-0.028224,0.043546,0.005928,4.6040,0,1,0.0000,0.0000,-0.009394,0.077698,0.021249,-0.065843,1.000000,[],7.5070,7.2566,7.2566,-1.1282,-1.5568,343.0243,1,0.352017,220.9880,-23.2492,6.3511,220.9883,-23.2493,6.3391,220.9880,-23.2492,6.3511,-22.514963,31.004361,4.881146,-1290.0124,1776.4190,279.6690,-0.801855,31.943595,7.367003,0.28729086,0.76995606,1209.7518,0.300000,2.1466,189.352575,-0.015038,-0.068557,-2.988964,-0.373838,-1.404446,0.002527,0.025818,-1.658705,0.111403,4393.509105,4259.843714,0.030000,0.030000,-0.029931,4.999998,-4.999999
3.300,-36.7244,-66.8339,216.3094,229.3582,4393462.4281,4259823.6500,1796026.1992,1208.9900,363.8526,-0.001226,-0.0702,0.029743,1.7042,0.6686,0.6686,27467.6160,229.3582,0.140235,-0.989264,0.031009,-0.027007,-163.7748,-2.5641,-3.9563,-4.472626,-0.888661,0.876290,-256.2626,-50.9165,50.2077,806.5075,-226.9875,-3.1335,936.5171,0.0000,0.0000,-0.2414,4.8966,48.0279,11.4271,POWERED_ASCENT,-0.008597,0.103337,-0.622745,1.013582,0.661664,-2.401260,-0.011579,0.042023,-0.183790,0.667011,-0.241445,4.896571,48.027949,-0.002968,0.194523,0.569117,363.5708,8.9795,-15.9835,228.0971,-8.6219,-22.4187,6.5664,3.5250,-2.2466,7.1946,-2.0249,-0.0280,0.048248,-0.025648,-0.022436,0.036657,-0.002095,-0.033247,0.009205,0.0000,0.0000,0.0000,-0.7989,-2.0049,0.4095,0.050901,-0.065562,0.000402,15.3700,4,1,0.0000,0.0000,0.015063,-0.116062,-0.014259,0.116865,1.000000,[],7.4767,7.1970,7.1970,-2.0256,-0.0280,343.0268,1,0.356684,228.0971,-22.4187,8.6219,228.0975,-22.4188,8.6088,228.0971,-22.4187,8.6219,-6.804358,0.695878,39.473679,-389.8610,39.8709,2261.6752,-0.241445,4.905871,47.354250,0.28729440,0.76995569,1208.9900,0.300000,3.0316,199.042876,-0.018292,-0.082991,-3.169050,-0.854371,0.690298,-0.013626,0.030734,0.294606,0.102309,4393.546610,4259.840700,0.030000,0.030000,-0.029928,4.999991,-4.999991
3.400,-34.1195,-67.3781,223.4668,235.8842,4393458.7768,4259816.9302,1796048.1831,1208.2194,387.0792,-0.145374,-8.3293,-0.073430,-4.2072,0.6877,0.6877,29055.1082,235.8842,-0.095853,-0.988697,0.096758,0.062677,168.2994,6.0495,-11.7993,-5.244684,-0.840735,0.920273,-300.4982,-48.1706,52.7277,808.8642,374.2521,859.0012,946.4639,0.0000,0.0000,-0.3607,102.6752,-17.9810,11.3852,POWERED_ASCENT,2.227924,2.048467,0.970668,-0.358737,1.041003,-3.778903,-0.011944,0.043358,-0.189587,0.688206,-0.360691,102.675233,-17.980957,-0.003063,0.168807,0.569022,386.7218,8.2076,-18.2662,234.5387,-5.1639,-24.6226,5.9763,1.8421,-3.9178,7.2422,3.3509,7.6911,0.048248,-0.025648,-0.022436,0.036657,-0.002095,-0.033247,0.009205,0.0000,0.0000,0.0000,-0.8952,-1.3970,0.4661,-0.125822,0.013143,0.040956,4.6100,0,1,0.0000,0.0000,0.153635,0.179921,-0.071723,-0.098009,1.000000,[],11.0866,7.2446,7.2446,3.3520,7.6937,343.0293,1,0.356881,234.5387,-24.6226,5.1639,234.5390,-24.6228,5.1495,234.5387,-24.6226,5.1639,-10.153775,86.945603,-19.699414,-581.7684,4981.6161,-1128.6933,-0.360691,100.044322,-16.834714,0.28729805,0.76995532,1208.2194,0.289144,2.8647,199.181213,-0.021066,-0.063987,-2.151692,-0.597631,2.039040,-0.074146,-0.055226,-1.645894,0.140207,4393.502283,4259.827927,-0.030000,0.030000,-0.030000,4.999997,-4.999997
3.500,-31.3924,-70.0871,229.6013,242.1042,4393455.6652,4259810.0728,1796070.8508,1207.9224,410.9059,0.131261,7.5207,-0.000139,-0.0080,0.7058,0.7058,30608.5007,242.1042,-0.488431,-0.871613,0.022903,-0.034674,121.4840,-4.7505,-0.3480,-12.859627,5.524886,-0.426022,-736.8024,316.5527,-24.4093,787.4350,125.1720,-908.2229,936.6756,0.0000,0.0000,-10.6637,-60.3821,-59.0120,11.3430,POWERED_ASCENT,-2.236039,-1.143541,0.308173,-1.117594,0.393005,-1.425695,-0.257994,0.936305,0.313542,-1.137658,-10.663677,-60.382096,-59.012024,-0.003158,0.142957,0.568927,410.4461,7.9091,-21.0234,240.4014,-3.3568,-28.4659,5.7137,-4.6576,10.5498,7.0765,1.1249,-8.1620,0.046060,0.184317,0.064410,-0.009040,-0.043751,0.052927,0.071437,0.0000,0.0000,0.0000,-1.0515,-0.3970,0.5420,0.033877,-0.007393,-0.024782,8.9390,0,1,0.0000,0.0000,-0.051265,-0.066052,0.001701,0.016488,1.000000,[],10.8646,7.0789,7.0789,1.1253,-8.1648,343.0302,1,0.367430,240.4014,-28.4659,3.3568,240.4016,-28.4662,3.3412,240.4014,-28.4659,3.3568,-299.608294,-47.468507,14.966766,-17166.2908,-2719.7451,857.5325,-10.663677,-57.513920,-58.616730,0.28730179,0.76995486,1207.9224,0.254325,2.5192,179.470827,-0.095489,-0.075833,-5.009977,2.462799,-1.124629,-0.087767,-0.051551,0.284856,0.075854,4393.529818,4259.825537,-0.030000,-0.030000,0.030000,4.999995,-4.999995
3.600,-42.8826,-66.8126,233.6824,246.8001,4393451.8643,4259803.2087,1796093.9822,1207.2779,435.2979,0.039187,2.2452,-0.009587,-0.5493,0.7195,0.7195,31809.3959,246.8001,-0.859028,-0.511521,0.018231,0.009197,61.5663,-1.2556,-1.9748,-0.959059,-4.550051,-2.760117,-54.9500,-260.6987,-158.1431,774.3707,-171.1420,-170.0706,936.5031,0.0000,0.0000,5.9974,-76.3365,101.4880,11.3010,POWERED_ASCENT,-0.402905,-1.391114,-0.405443,1.849460,0.498835,-1.810431,0.294688,-1.069431,-0.507839,1.843150,5.997369,-76.336529,101.488008,-0.003253,0.117182,0.568832,434.7566,7.2629,-23.3055,246.0066,-7.9259,-18.1166,3.4915,-6.9206,-8.6197,6.9849,-1.5437,-1.5341,0.046060,-0.203442,-0.022812,0.061578,0.049037,-0.083473,-0.029654,0.0000,0.0000,0.0000,-0.4611,-1.4164,0.6139,-0.015252,-0.049695,0.017087,6.9010,0,1,0.0000,0.0000,0.082034,-0.017356,-0.047860,0.051530,1.000000,[],7.3186,6.9873,6.9873,-1.5443,-1.5346,343.0323,1,0.384099,246.0066,-18.1166,7.9259,246.0072,-18.1169,7.9090,246.0066,-18.1166,7.9259,168.821176,-67.093825,88.626371,9672.7409,-3844.1930,5077.9170,5.997369,-75.783292,100.931286,0.28730563,0.76995449,1207.2779,0.258200,5.6877,177.242943,-0.062251,-0.083164,-5.852942,2.749914,-0.471799,0.234388,0.069703,-1.729754,0.103742,4393.491858,4259.817464,-0.030000,0.029313,0.030000,4.999998,-4.999998
3.700,-42.3675,-78.0913,235.0438,251.2744,4393447.6719,4259796.1000,1796117.5255,1206.3172,460.2087,-0.108450,-6.2137,-0.205790,-11.7909,0.7325,0.7325,32976.2939,251.2744,-0.751297,-0.638960,0.163666,-0.022275,82.2372,-15.9256,-10.5267,5.045434,3.627115,0.449909,289.0821,207.8184,25.7779,678.2160,1488.2210,910.4047,846.9174,0.0000,0.0000,5.4700,20.8302,-203.4364,11.2607,POWERED_ASCENT,2.080471,0.366165,3.400906,-3.576124,0.897841,-3.258647,0.276941,-1.005114,0.152333,-0.552873,5.470010,20.830159,-203.436418,-0.003344,0.092475,0.568741,459.5899,6.3005,-25.4908,249.4318,-14.7151,-26.5726,2.5510,0.1474,-3.1530,6.1395,13.4720,8.2414,-0.065900,-0.089790,0.075413,-0.049221,0.045470,0.025186,-0.032375,0.0000,0.0000,0.0000,-0.7603,-0.3664,0.6823,0.116400,0.015304,-0.011272,6.8390,0,1,0.0000,0.0000,-0.142975,-0.112367,0.120432,0.089824,1.000000,[],16.9500,6.1416,6.1416,13.4766,8.2442,343.0354,1,0.385519,249.4318,-26.5726,14.7151,249.4328,-26.5729,14.6969,249.4318,-26.5726,14.7151,153.698112,18.569247,-200.613206,8806.2532,1063.9395,-11494.2900,5.470010,17.785746,-198.459775,0.28730954,0.76995413,1206.3172,0.215863,8.5258,124.964521,-0.087016,-0.193229,-6.413932,-1.770988,-1.553819,0.295529,-0.083896,-1.733264,0.015218,4393.501502,4259.813268,-0.029651,-0.030000,-0.030000,4.999994,-4.999994
3.800,-40.6239,-80.7089,237.4847,254.0930,4393443.2605,4259787.9311,1796141.0722,1204.4993,485.4125,-0.236351,-13.5419,0.248927,14.2625,0.7407,0.7407,33726.2005,254.0930,-0.512731,-0.841323,0.018986,0.170067,115.5956,15.4676,-12.3626,4.870808,-4.408676,-1.534864,279.0767,-252.5985,-87.9412,465.1542,-1746.9003,1754.6920,627.9344,0.0000,0.0000,2.2192,156.8453,213.3707,11.2273,POWERED_ASCENT,3.920690,2.695814,-3.903281,3.667356,1.405520,-5.101497,0.257608,-0.934948,0.009875,-0.035836,2.219215,156.845320,213.370701,-0.003420,0.071933,0.568665,484.6801,4.4807,-28.2848,251.9343,-14.5705,-29.6656,-2.0195,3.2819,-3.2827,4.2233,-15.8608,15.9316,-0.040811,-0.089790,0.046377,-0.009070,0.041977,0.001617,-0.023324,0.0000,0.0000,0.0000,-0.9912,0.6336,0.7661,-0.208019,0.029790,-0.014328,8.5470,0,1,0.0000,0.0000,0.163901,0.223481,-0.192557,-0.252137,1.000000,[],22.8817,4.2248,4.2248,-15.8662,15.9370,343.0414,1,0.363717,251.9343,-29.6656,14.5705,251.9354,-29.6660,14.5511,251.9343,-29.6656,14.5705,62.528552,131.867893,212.202906,3582.6221,7555.4737,12158.3309,2.219215,150.844772,207.396799,0.28731350,0.76995368,1204.4993,0.228410,5.8538,206.414546,-0.090225,0.111344,4.456831,3.227979,-2.444693,-0.154457,-0.138452,0.450995,0.056912,4393.490382,4259.803003,0.030000,-0.029991,-0.028680,4.999998,-4.998042
3.900,-35.7625,-80.4809,236.4969,252.3626,4393439.8573,4259780.0483,1796164.8740,1203.6387,510.6336,0.402332,23.0519,-0.008419,-0.4824,0.7357,0.7357,33271.2069,252.3626,-0.280578,-0.939298,0.017309,-0.196712,145.7856,-22.2875,4.8276,7.918130,12.728142,-3.070228,453.6754,729.2688,-175.9111,222.0534,165.5057,-2609.3618,379.1001,0.0000,0.0000,1.3870,-143.7289,-59.2651,11.2046,POWERED_ASCENT,-5.910100,-2.504155,0.374864,-1.032562,1.230646,-4.466905,-0.727788,2.641997,0.294355,-1.068333,1.387019,-143.728863,-59.265085,-0.003471,0.058010,0.568614,509.7536,3.6181,-31.5752,249.9531,-11.3509,-32.8860,-1.8198,-12.8079,13.8075,2.0202,1.5057,-23.7394,0.055920,0.130292,-0.080389,-0.198398,-0.116250,0.048095,-0.023144,0.0000,0.0000,0.0000,-0.9930,1.5336,0.8552,0.078788,-0.112305,0.012382,22.0550,0,1,0.0000,0.0000,0.045898,-0.178711,-0.021135,0.203475,1.000000,[],23.8809,2.0209,2.0209,1.5063,-23.7476,343.0442,1,0.355704,249.9531,-32.8860,11.3509,249.9540,-32.8864,11.3307,249.9531,-32.8860,11.3509,37.858921,-147.792132,-151.784010,2169.1564,-8467.8654,-8696.5831,1.387019,-134.671717,-58.690611,0.28731745,0.76995314,1203.6387,0.218311,5.2431,223.360032,-0.069034,-0.000546,5.514212,2.296996,1.335979,-0.030694,0.201877,0.087649,0.089351,4393.533803,4259.802145,0.030000,-0.030000,-0.030000,4.999996,-4.999996
4.000,-53.4792,-78.7922,231.2252,250.0667,4393435.3899,4259772.0612,1796188.2493,1201.8551,535.6461,0.411342,23.5682,0.155823,8.9280,0.7290,0.7290,32674.2324,250.0667,0.121629,-0.957074,-0.020074,-0.262320,-165.0552,-30.4644,-1.6878,6.766794,-10.008715,20.271186,387.7087,-573.4571,1161.4534,78.4682,-1374.1055,-1923.6216,229.7891,0.0000,0.0000,-4.0424,-442.6582,277.4642,11.1911,POWERED_ASCENT,-4.436529,-7.853239,-3.169157,4.922517,1.597798,-5.800319,0.910276,-3.303777,-0.983932,3.571407,-4.042375,-442.658173,277.464173,-0.003501,0.049770,0.568583,534.6549,1.8325,-34.1997,248.1679,-23.9154,-19.3409,-3.8035,1.4084,-3.3891,0.7147,-12.5163,-17.5217,0.007245,-0.258303,-0.017587,0.349066,0.145634,-0.158050,0.020105,0.0000,0.0000,0.0000,-0.8509,-5.0036,0.9420,0.176465,-0.172601,-0.000000,3.7500,4,1,0.0000,0.0000,-0.003865,-0.349066,0.003865,0.349066,1.000000,[],21.5522,0.7150,0.7150,-12.5206,-17.5277,343.0499,1,0.348998,248.1679,-19.3409,23.9154,248.1699,-19.3414,23.8944,248.1679,-19.3409,23.9154,-119.269434,-270.064815,317.604422,-6833.6352,-15473.5741,18197.3930,-4.042375,-435.922838,272.652903,0.28732138,0.76995271,1201.8551,0.222756,7.1512,201.122882,-0.084464,-0.119819,3.893374,3.426780,-0.048280,0.487609,-0.102797,1.674607,0.038365,4393.482628,4259.784988,0.030000,0.030000,-0.029792,4.999998,-4.999998
4.075,-50.4608,-79.3387,228.8350,247.3992,4393431.4550,4259766.0358,1796205.4534,1199.9989,554.1944,-1.846754,-105.8112,-1.389050,-79.5867,0.7212,0.7212,31986.6696,247.3992,0.349892,-0.611320,0.596253,0.385157,176.0682,62.6425,-90.9634,1.590932,-10.627033,23.341274,91.1537,-608.8842,1337.3565,210.4113,518.7001,-18.2998,180.0084,0.0000,0.0000,-0.4377,97.0412,-53.7990,11.1840,POWERED_ASCENT,6.011356,1.758623,4.232388,-0.974969,1.581442,-5.741050,0.889848,-3.229437,-1.189223,4.316859,-0.437707,97.041195,-53.798981,-0.003518,0.045370,0.568567,553.1428,-0.0253,-35.7865,245.3695,-22.8792,-21.8344,-3.8035,1.4084,-3.3891,1.9178,4.7277,-0.1668,0.050180,-0.335350,-0.060522,0.349066,0.143429,-0.198780,0.000843,0.0000,0.0000,0.0000,-0.9739,-5.1243,0.9907,0.176465,-0.172601,-0.000000,3.7280,4,1,0.0000,0.0000,-0.003865,-0.349066,0.003865,0.349066,1.000000,[],5.1064,1.9185,1.9185,4.7293,-0.1669,343.0559,1,0.341208,245.3695,-21.8344,22.8792,245.3714,-21.8349,22.8577,245.3695,-21.8344,22.8792,-19.285604,125.589343,-31.694945,-1104.9837,7195.7393,-1815.9866,-0.437707,97.105566,-51.974405,0.28732430,0.76995245,1199.9989,0.179078,9.3645,159.405907,-0.103442,0.034208,3.674153,-10.113286,12.192924,-0.050906,-0.121263,1.701558,0.030035,4393.504003,4259.787548,0.030000,0.030000,0.030000,4.999996,-4.999996
