t_wall_s,t_boot_ms,roll_rad,pitch_rad,yaw_rad,rollspeed,pitchspeed,yawspeed
134.418001,9915981,-0.000727,0.065160,-1.174188,-0.000071,0.000700,-0.000192
134.418001,9916014,-0.000721,0.065140,-1.174182,-0.000625,0.000597,-0.000856
134.418162,9916049,-0.000727,0.065110,-1.174206,0.000461,0.001039,-0.001068
134.418162,9916080,-0.000718,0.065093,-1.174192,-0.000315,0.000230,-0.000747
134.482873,9916111,-0.000714,0.065075,-1.174202,-0.000484,0.001712,-0.000828
134.519095,9916142,-0.000706,0.065072,-1.174217,-0.000560,0.001644,-0.000002
134.548836,9916175,-0.000725,0.065048,-1.174218,0.000063,-0.000993,0.000435
134.588516,9916211,-0.000722,0.065022,-1.174196,-0.000060,0.000827,-0.000828
134.620172,9916247,-0.000727,0.065003,-1.174220,-0.000198,-0.000367,-0.000375
134.648589,9916276,-0.000723,0.065003,-1.174212,0.000230,0.000966,-0.000722
134.688596,9916317,-0.000729,0.064996,-1.174215,-0.001014,0.000788,-0.001469
134.718927,9916347,-0.000738,0.065001,-1.174218,-0.000290,0.000972,-0.000927
134.750020,9916381,-0.000730,0.065026,-1.174216,-0.000296,0.001015,0.000352
134.788425,9916414,-0.000728,0.065015,-1.174197,-0.000117,0.000544,-0.000170
134.818741,9916448,-0.000715,0.064998,-1.174176,-0.000061,0.000554,0.000140
134.855587,9916484,-0.000714,0.064965,-1.174161,0.000138,0.000018,0.000189
134.888500,9916513,-0.000709,0.064946,-1.174147,0.000224,0.000498,-0.000643
134.918405,9916551,-0.000700,0.064940,-1.174129,0.001634,0.001032,-0.000227
134.950872,9916579,-0.000692,0.064940,-1.174109,0.000239,0.000979,-0.000650
134.988233,9916617,-0.000698,0.064904,-1.174099,0.000170,0.000275,0.000028
135.019885,9916646,-0.000705,0.064909,-1.174099,-0.000357,0.001211,-0.000160
135.049506,9916678,-0.000688,0.064894,-1.174111,0.000299,0.001067,-0.000555
135.088827,9916712,-0.000683,0.064881,-1.174109,0.000279,0.000249,-0.000108
135.118550,9916748,-0.000681,0.064872,-1.174102,-0.000181,0.001052,0.000247
135.152138,9916779,-0.000710,0.064852,-1.174110,-0.000747,-0.000911,-0.000868
135.188693,9916811,-0.000705,0.064845,-1.174128,0.000492,-0.000468,-0.000712
135.219061,9916844,-0.000687,0.064845,-1.174125,0.000282,0.001231,0.000057
135.249109,9916882,-0.000684,0.064851,-1.174147,-0.000262,0.000035,-0.000895
135.283772,9916916,-0.000699,0.064858,-1.174163,-0.000914,-0.000122,-0.000527
135.319022,9916945,-0.000702,0.064859,-1.174183,0.000166,0.001036,-0.000756
135.348735,9916979,-0.000702,0.064889,-1.174204,-0.000144,-0.001562,-0.000567
135.388374,9917014,-0.000696,0.064888,-1.174216,-0.000578,0.000758,-0.001642
135.419177,9917048,-0.000691,0.064916,-1.174238,-0.000488,0.000122,-0.001320
135.423386,9917078,-0.000691,0.064938,-1.174272,-0.000233,0.000937,-0.000399
135.482038,9917115,-0.000681,0.064957,-1.174284,0.000318,0.000249,-0.001063
135.518327,9917144,-0.000672,0.064987,-1.174288,0.000124,0.000791,-0.000717
135.549904,9917179,-0.000657,0.065019,-1.174297,0.001048,0.001041,-0.000333
135.586610,9917212,-0.000648,0.065032,-1.174308,0.000345,-0.000025,-0.000215
135.619234,9917250,-0.000650,0.065062,-1.174320,0.001015,0.001097,-0.000667
135.649584,9917278,-0.000656,0.065072,-1.174324,-0.000048,0.001425,-0.000080
135.688481,9917316,-0.000661,0.065083,-1.174329,-0.000666,0.000073,0.000276
135.719229,9917345,-0.000656,0.065075,-1.174303,0.000084,0.000581,0.000286
135.748758,9917379,-0.000645,0.065049,-1.174276,0.000048,0.000151,-0.000276
135.782669,9917417,-0.000647,0.065014,-1.174232,-0.000118,0.001047,-0.000290
135.819326,9917446,-0.000633,0.064996,-1.174205,-0.000745,0.000494,-0.000703
135.848994,9917483,-0.000604,0.064962,-1.174183,0.000695,0.000037,-0.000825
135.883248,9917516,-0.000592,0.064927,-1.174158,-0.000463,0.001031,-0.000401
135.921971,9917545,-0.000591,0.064897,-1.174147,0.001235,0.001124,-0.001572
135.949135,9917584,-0.000591,0.064877,-1.174139,-0.000903,0.000898,0.000167
135.982364,9917612,-0.000607,0.064854,-1.174126,0.000098,0.001104,-0.000356
136.018329,9917649,-0.000588,0.064812,-1.174102,-0.000233,0.001633,-0.000232
136.048904,9917678,-0.000581,0.064772,-1.174066,0.000131,0.001402,0.000020
136.084123,9917712,-0.000561,0.064729,-1.174050,0.000442,0.000002,-0.000875
136.120280,9917747,-0.000573,0.064706,-1.174034,-0.000198,0.001045,-0.000631
136.148649,9917783,-0.000565,0.064672,-1.174031,0.000048,0.000767,-0.000878
136.184144,9917815,-0.000569,0.064632,-1.174013,-0.000910,0.000445,-0.000189
136.218645,9917845,-0.000555,0.064601,-1.173974,0.000330,0.001764,0.000871
136.249461,9917880,-0.000554,0.064546,-1.173921,-0.000581,0.000730,-0.000329
136.283258,9917914,-0.000550,0.064521,-1.173903,-0.000421,0.000440,-0.000089
136.320086,9917948,-0.000556,0.064503,-1.173896,-0.000458,0.000102,-0.000783
136.348242,9917978,-0.000561,0.064491,-1.173887,0.000133,0.000892,0.001003
136.382385,9918014,-0.000566,0.064475,-1.173867,-0.000649,0.001260,0.000269
136.419637,9918047,-0.000564,0.064453,-1.173847,0.000058,0.000311,-0.000228
136.423152,9918080,-0.000561,0.064444,-1.173830,-0.000128,-0.000473,-0.000693
136.489242,9918117,-0.000552,0.064440,-1.173838,0.000109,0.000507,0.000080
136.519345,9918147,-0.000546,0.064445,-1.173853,-0.000500,0.001038,-0.000046
136.549252,9918180,-0.000568,0.064472,-1.173867,-0.000235,0.001767,0.000314
136.584704,9918212,-0.000561,0.064487,-1.173867,0.000842,0.000712,-0.000349
136.620192,9918247,-0.000551,0.064516,-1.173866,0.000069,0.000762,-0.000151
136.651438,9918278,-0.000543,0.064544,-1.173872,-0.000019,0.000760,-0.000142
136.683098,9918314,-0.000555,0.064556,-1.173872,0.000397,0.000132,-0.000503
136.718802,9918347,-0.000555,0.064608,-1.173876,0.000270,0.000848,-0.001369
136.750548,9918378,-0.000559,0.064641,-1.173885,-0.000470,0.000698,-0.000637
136.783094,9918413,-0.000562,0.064686,-1.173885,-0.000550,0.000959,-0.000220
136.819472,9918443,-0.000561,0.064709,-1.173904,0.000526,0.000403,-0.001413
136.848429,9918481,-0.000573,0.064736,-1.173915,-0.000506,0.000814,-0.000818
136.889018,9918516,-0.000568,0.064775,-1.173909,-0.000079,0.001422,0.000738
136.919357,9918547,-0.000567,0.064803,-1.173923,-0.000386,0.000178,-0.001093
136.949258,9918582,-0.000575,0.064847,-1.173926,-0.000097,0.001514,-0.000508
136.983901,9918616,-0.000570,0.064895,-1.173915,0.000214,0.001401,-0.000008
137.020096,9918647,-0.000581,0.064937,-1.173929,-0.000146,0.001508,-0.000442
137.048914,9918683,-0.000581,0.064970,-1.173920,-0.001138,0.000188,-0.000172
137.088625,9918717,-0.000594,0.065015,-1.173925,-0.000424,0.000319,0.000386
137.115184,9918749,-0.000601,0.065044,-1.173922,0.000169,0.002119,-0.000910
137.146980,9918778,-0.000584,0.065117,-1.173941,0.000339,0.000711,-0.000838
137.188719,9918816,-0.000579,0.065185,-1.173942,-0.000093,0.001755,-0.000285
137.218703,9918850,-0.000584,0.065221,-1.173956,-0.000018,0.000353,0.000197
137.248832,9918875,-0.000583,0.065276,-1.173939,0.000362,0.000043,-0.001248
137.288267,9918913,-0.000569,0.065313,-1.173958,0.000595,0.000980,-0.000485
137.320716,9918947,-0.000572,0.065361,-1.173974,0.000010,0.001281,-0.000675
137.347466,9918978,-0.000566,0.065416,-1.173983,-0.000160,0.000841,0.000004
137.383648,9919001,-0.000573,0.065458,-1.173974,-0.000009,0.000247,-0.000480
137.417975,9919048,-0.000552,0.065430,-1.173930,0.000388,0.000067,-0.000708
137.426724,9919077,-0.000547,0.065417,-1.173914,0.000307,0.001544,-0.000996
137.488502,9919116,-0.000537,0.065391,-1.173882,-0.000466,0.000269,-0.000692
137.517083,9919143,-0.000545,0.065385,-1.173868,-0.000163,0.002241,0.000169
137.547211,9919182,-0.000547,0.065373,-1.173830,-0.000280,0.000433,0.000236
137.588269,9919216,-0.000552,0.065357,-1.173811,-0.000561,0.000840,-0.000565
137.618125,9919249,-0.000546,0.065351,-1.173805,-0.000292,0.000488,-0.000952
137.648849,9919275,-0.000538,0.065335,-1.173802,-0.000543,0.001434,-0.000498
137.686945,9919314,-0.000541,0.065330,-1.173790,-0.000701,0.000752,-0.000222
137.717259,9919344,-0.000535,0.065337,-1.173790,-0.000292,0.001123,-0.000403
137.753608,9919380,-0.000531,0.065350,-1.173787,0.000134,0.000689,-0.000834
137.787029,9919414,-0.000531,0.065347,-1.173772,-0.000200,0.001079,-0.000376
137.819994,9919448,-0.000520,0.065339,-1.173746,0.000336,0.000979,-0.000854
137.848291,9919480,-0.000516,0.065330,-1.173733,0.000249,0.001098,-0.000199
137.887657,9919513,-0.000501,0.065330,-1.173717,0.000492,0.000825,0.000083
137.917468,9919547,-0.000499,0.065328,-1.173702,0.000031,0.001030,-0.000858
137.948069,9919581,-0.000494,0.065326,-1.173710,0.000078,0.000471,-0.000936
137.987039,9919617,-0.000485,0.065329,-1.173705,0.000447,0.000862,0.000056
138.017993,9919648,-0.000491,0.065324,-1.173703,-0.000481,0.000785,-0.000229
138.047322,9919675,-0.000491,0.065345,-1.173695,-0.000474,0.001052,0.000995
138.087522,9919712,-0.000499,0.065367,-1.173679,-0.000041,0.001250,-0.000589
138.118863,9919747,-0.000495,0.065386,-1.173652,-0.000343,0.002031,0.000025
138.147943,9919783,-0.000513,0.065413,-1.173675,-0.000829,0.001953,0.000558
138.186200,9919811,-0.000511,0.065462,-1.173672,-0.000235,0.001610,-0.000007
138.217307,9919849,-0.000519,0.065487,-1.173666,-0.000213,0.000842,-0.000495
138.248733,9919881,-0.000527,0.065524,-1.173671,-0.000852,0.000476,-0.000549
138.287205,9919914,-0.000524,0.065547,-1.173664,0.000572,0.000948,-0.000215
138.317797,9919949,-0.000526,0.065577,-1.173684,0.000179,0.000184,-0.000494
138.347881,9919981,-0.000529,0.065606,-1.173688,0.000386,0.002281,-0.000646
138.387190,9920014,-0.000520,0.065650,-1.173707,0.000725,0.001852,-0.000712
138.419173,9920047,-0.000515,0.065688,-1.173716,-0.001021,0.000864,-0.000695
138.432247,9920079,-0.000536,0.065716,-1.173720,0.000212,-0.000165,-0.000127
138.487437,9920112,-0.000555,0.065741,-1.173716,-0.000373,-0.000095,-0.000790
138.518076,9920150,-0.000564,0.065786,-1.173729,-0.000099,0.001151,0.001084
138.548205,9920181,-0.000573,0.065833,-1.173730,0.000032,0.000882,0.000551
138.586090,9920211,-0.000566,0.065852,-1.173749,0.000882,-0.000075,-0.000455
138.618773,9920246,-0.000561,0.065875,-1.173756,-0.000054,0.000146,-0.000582
138.651739,9920277,-0.000577,0.065905,-1.173765,-0.000078,0.001029,-0.000209
138.688219,9920313,-0.000584,0.065906,-1.173726,-0.000151,0.000576,0.000508
138.717739,9920349,-0.000593,0.065889,-1.173734,-0.000336,0.000524,-0.000885
138.748067,9920376,-0.000592,0.065904,-1.173711,-0.000906,0.000167,-0.000086
138.786548,9920416,-0.000606,0.065889,-1.173690,-0.001086,0.000857,-0.000891
138.820042,9920447,-0.000609,0.065888,-1.173683,-0.000469,0.000599,-0.001131
138.848314,9920476,-0.000611,0.065887,-1.173680,-0.001042,0.000549,-0.000559
138.886674,9920517,-0.000609,0.065865,-1.173662,-0.000402,0.000343,-0.000268
138.919276,9920547,-0.000603,0.065834,-1.173655,0.000230,0.000924,-0.000537
138.946649,9920577,-0.000603,0.065824,-1.173643,-0.000416,0.000652,-0.000418
138.986802,9920613,-0.000592,0.065799,-1.173612,-0.000238,-0.000283,-0.000373
139.017282,9920641,-0.000593,0.065763,-1.173596,0.000229,0.001061,-0.000584
139.047992,9920676,-0.000597,0.065761,-1.173599,0.000188,-0.000217,-0.000591
139.087654,9920712,-0.000597,0.065735,-1.173610,-0.000023,0.000859,-0.000239
139.117994,9920746,-0.000597,0.065727,-1.173618,0.000214,0.000828,-0.000645
139.148063,9920782,-0.000601,0.065733,-1.173638,-0.000227,0.001609,0.000053
139.187114,9920814,-0.000591,0.065733,-1.173639,0.000655,0.001151,-0.000020
139.219091,9920842,-0.000586,0.065732,-1.173632,-0.000452,0.000477,-0.000002
139.248422,9920877,-0.000584,0.065699,-1.173608,-0.000679,0.001860,0.000730
139.288848,9920911,-0.000595,0.065698,-1.173577,-0.000019,0.001797,-0.000545
139.318149,9920946,-0.000596,0.065691,-1.173556,-0.000901,0.000774,-0.000143
139.349454,9920981,-0.000613,0.065674,-1.173525,-0.000257,0.002027,-0.000765
139.388279,9921014,-0.000605,0.065651,-1.173497,-0.000175,0.000972,0.000398
139.418610,9921048,-0.000612,0.065649,-1.173480,-0.000379,0.000497,-0.001182
139.437557,9921078,-0.000626,0.065614,-1.173470,-0.000744,0.001378,-0.000237
139.489621,9921117,-0.000627,0.065605,-1.173473,-0.000131,0.000611,-0.000806
139.520037,9921143,-0.000628,0.065581,-1.173465,-0.000159,-0.000026,-0.000995
139.547557,9921181,-0.000636,0.065567,-1.173475,-0.000193,0.001422,-0.000373
139.587247,9921206,-0.000648,0.065542,-1.173469,-0.000438,0.000243,-0.000285
139.617507,9921249,-0.000652,0.065535,-1.173477,0.000550,0.000503,-0.001007
139.653834,9921281,-0.000639,0.065531,-1.173461,0.000254,0.001809,0.000476
139.682291,9921305,-0.000635,0.065524,-1.173449,-0.000353,0.000755,0.000065
139.719613,9921346,-0.000634,0.065524,-1.173449,-0.000433,0.000918,-0.000385
139.747464,9921382,-0.000651,0.065544,-1.173461,0.000480,0.000885,-0.000499
139.788551,9921410,-0.000654,0.065541,-1.173463,-0.000322,0.000204,0.000204
139.818518,9921450,-0.000655,0.065535,-1.173448,-0.000390,0.001613,-0.000770
139.847699,9921479,-0.000654,0.065533,-1.173467,-0.000911,0.000765,-0.000351
139.887457,9921508,-0.000665,0.065522,-1.173467,0.000581,0.000924,-0.000356
139.919372,9921549,-0.000639,0.065526,-1.173454,0.000172,0.000966,0.000473
139.947690,9921572,-0.000634,0.065524,-1.173468,0.000080,0.000933,-0.000875
139.987075,9921611,-0.000637,0.065523,-1.173473,-0.000027,0.000625,-0.000501
140.017377,9921646,-0.000647,0.065530,-1.173481,0.000405,0.001297,-0.000789
140.048160,9921680,-0.000643,0.065558,-1.173490,-0.000139,0.000839,0.000247
140.086738,9921711,-0.000653,0.065570,-1.173515,-0.000001,0.001595,-0.000400
140.118347,9921750,-0.000648,0.065595,-1.173520,-0.000243,0.000481,-0.000556
140.147769,9921778,-0.000644,0.065599,-1.173503,-0.000465,0.000896,-0.001141
140.187668,9921811,-0.000649,0.065607,-1.173473,-0.000653,0.000308,-0.000414
140.220108,9921847,-0.000660,0.065594,-1.173472,0.000259,0.000706,0.000115
140.249907,9921878,-0.000663,0.065592,-1.173481,-0.000121,0.000611,-0.000862
140.286581,9921916,-0.000659,0.065575,-1.173492,-0.000025,0.001149,-0.000850
140.318004,9921945,-0.000679,0.065572,-1.173489,0.000401,0.000167,0.000286
140.347849,9921981,-0.000673,0.065590,-1.173496,-0.000319,0.001234,-0.000841
140.388604,9922016,-0.000661,0.065614,-1.173505,-0.000071,0.001059,0.000085
140.417495,9922045,-0.000652,0.065628,-1.173509,0.000147,0.001073,-0.000511
140.436274,9922077,-0.000636,0.065618,-1.173517,0.000261,0.001009,-0.000801
140.488178,9922116,-0.000651,0.065622,-1.173528,-0.000714,0.000643,-0.000842
140.517177,9922149,-0.000642,0.065618,-1.173514,0.000348,0.001289,-0.000494
140.548488,9922182,-0.000634,0.065605,-1.173491,0.000737,0.001003,-0.000623
140.586673,9922216,-0.000630,0.065624,-1.173474,0.000389,0.000739,-0.000705
140.618243,9922248,-0.000621,0.065628,-1.173456,0.000762,0.000339,-0.000192
140.653555,9922273,-0.000608,0.065634,-1.173437,-0.001171,0.001294,-0.001631
140.687091,9922309,-0.000622,0.065639,-1.173444,-0.000181,0.000947,-0.000061
140.718335,9922347,-0.000616,0.065633,-1.173434,-0.000056,0.000137,-0.000273
140.749335,9922381,-0.000626,0.065621,-1.173430,-0.000668,0.000533,0.000200
140.787322,9922411,-0.000621,0.065625,-1.173408,-0.000134,0.001219,0.000147
140.819611,9922446,-0.000624,0.065638,-1.173391,0.000061,0.001345,0.000074
140.847357,9922482,-0.000620,0.065654,-1.173405,-0.000530,0.000808,-0.000848
140.887331,9922516,-0.000632,0.065664,-1.173408,0.000662,0.000893,-0.000729
140.920245,9922540,-0.000629,0.065671,-1.173416,-0.000530,0.001219,-0.001670
140.948181,9922576,-0.000632,0.065683,-1.173409,-0.000034,0.000554,-0.000143
140.987252,9922611,-0.000615,0.065674,-1.173413,0.000212,0.002179,-0.001160
141.018989,9922646,-0.000606,0.065703,-1.173404,-0.000152,0.000123,-0.000245
141.049144,9922681,-0.000603,0.065726,-1.173420,-0.000214,0.001326,-0.000564
141.089075,9922712,-0.000614,0.065741,-1.173441,-0.000501,0.000177,-0.000998
141.119607,9922746,-0.000612,0.065740,-1.173437,-0.000255,0.001189,-0.000098
141.147304,9922782,-0.000609,0.065726,-1.173423,-0.000407,0.000806,-0.001455
141.186790,9922813,-0.000604,0.065721,-1.173414,0.000155,0.000701,-0.000070
141.217988,9922846,-0.000609,0.065738,-1.173408,-0.000073,0.000372,-0.000303
141.253477,9922879,-0.000598,0.065735,-1.173385,0.000794,0.001379,-0.000495
141.289061,9922912,-0.000592,0.065746,-1.173378,0.000693,0.001243,-0.001066
141.318907,9922944,-0.000595,0.065740,-1.173388,0.000132,0.000536,-0.000064
141.350127,9922980,-0.000615,0.065728,-1.173404,-0.000620,0.001022,-0.000698
141.386689,9923016,-0.000621,0.065733,-1.173413,-0.000321,0.001464,-0.000743
141.418293,9923040,-0.000615,0.065751,-1.173417,0.000182,0.001412,-0.000203
141.447059,9923082,-0.000616,0.065766,-1.173412,-0.000390,0.001462,-0.000421
141.488729,9923115,-0.000634,0.065779,-1.173444,-0.000236,0.001159,-0.001543
141.519624,9923147,-0.000641,0.065801,-1.173466,0.000910,0.000391,-0.001175
141.548422,9923181,-0.000653,0.065811,-1.173485,-0.000473,0.000680,-0.001110
141.587925,9923214,-0.000667,0.065826,-1.173495,-0.000957,0.000335,0.000010
141.618451,9923245,-0.000686,0.065842,-1.173487,-0.000582,0.000061,0.000271
141.648017,9923282,-0.000705,0.065845,-1.173520,-0.000361,-0.000509,-0.001208
141.687335,9923313,-0.000709,0.065832,-1.173519,-0.000597,-0.000106,-0.000867
141.718563,9923346,-0.000714,0.065803,-1.173506,-0.000381,0.000038,-0.000107
141.748674,9923378,-0.000704,0.065781,-1.173506,-0.000196,0.000651,-0.001252
141.782964,9923404,-0.000711,0.065759,-1.173518,-0.000694,0.000554,-0.001475
141.818673,9923446,-0.000704,0.065762,-1.173505,-0.000422,0.000695,-0.000444
141.855026,9923481,-0.000704,0.065770,-1.173496,0.000682,0.001494,-0.000095
141.885777,9923511,-0.000683,0.065763,-1.173507,-0.000349,0.000930,-0.000487
141.917213,9923547,-0.000695,0.065736,-1.173515,-0.000057,0.000133,-0.000798
141.955751,9923580,-0.000699,0.065723,-1.173518,-0.000121,0.000380,-0.000250
141.985482,9923616,-0.000696,0.065727,-1.173514,0.000165,0.000907,-0.000741
142.017058,9923643,-0.000693,0.065728,-1.173520,-0.000001,0.000316,-0.001101
142.055287,9923681,-0.000701,0.065714,-1.173508,-0.000427,0.000831,-0.000137
142.086441,9923716,-0.000696,0.065683,-1.173483,0.000161,0.000885,-0.000364
142.118255,9923744,-0.000688,0.065670,-1.173475,0.000414,0.000217,-0.001314
142.155648,9923779,-0.000679,0.065670,-1.173461,-0.000116,0.001023,-0.000307
142.185404,9923812,-0.000677,0.065659,-1.173461,0.000057,0.001273,-0.000294
142.217138,9923847,-0.000676,0.065657,-1.173459,-0.000660,0.000485,-0.000518
142.255538,9923882,-0.000677,0.065649,-1.173451,0.000134,0.001213,-0.000068
142.285416,9923914,-0.000669,0.065648,-1.173464,0.000568,0.001097,-0.001004
142.319168,9923944,-0.000664,0.065659,-1.173467,-0.000620,0.000512,0.000361
142.354850,9923981,-0.000660,0.065665,-1.173453,-0.000408,0.001187,-0.000393
142.385071,9924014,-0.000667,0.065675,-1.173448,-0.000084,0.001282,-0.000519
142.419407,9924044,-0.000678,0.065698,-1.173446,-0.000695,0.001492,-0.000782
142.439912,9924081,-0.000694,0.065710,-1.173456,-0.000538,0.000335,-0.000864
142.485245,9924118,-0.000692,0.065736,-1.173478,0.000153,0.001448,-0.000535
142.517658,9924149,-0.000694,0.065747,-1.173464,-0.000331,0.000223,-0.000274
142.555311,9924183,-0.000696,0.065782,-1.173478,-0.000818,0.000495,-0.001087
142.585958,9924213,-0.000695,0.065802,-1.173491,-0.000024,0.000832,-0.000888
142.619935,9924249,-0.000714,0.065826,-1.173505,-0.000634,0.000671,-0.000338
142.654806,9924278,-0.000720,0.065882,-1.173501,-0.000443,0.001539,0.000352
142.685171,9924315,-0.000741,0.065922,-1.173515,-0.000187,0.001553,-0.001301
142.717451,9924349,-0.000771,0.065964,-1.173524,-0.000389,0.001418,-0.000502
142.755259,9924378,-0.000777,0.065993,-1.173519,0.000179,0.000873,-0.000370
142.785085,9924412,-0.000829,0.066008,-1.173526,-0.001425,0.001401,-0.000926
142.820032,9924446,-0.000819,0.066048,-1.173523,-0.000904,0.000330,-0.000435
142.846756,9924476,-0.000847,0.066072,-1.173514,-0.000155,0.000622,0.000239
142.884517,9924515,-0.000869,0.066104,-1.173522,-0.000218,0.000485,-0.000909
142.920048,9924546,-0.000872,0.066127,-1.173521,0.000326,0.000496,0.000099
142.954876,9924582,-0.000889,0.066166,-1.173521,-0.000347,0.000954,-0.000501
142.985333,9924611,-0.000917,0.066173,-1.173539,-0.001044,-0.000114,-0.000466
143.018639,9924645,-0.000920,0.066199,-1.173519,-0.000086,0.001133,-0.000827
143.056315,9924677,-0.000919,0.066223,-1.173518,-0.000039,0.000686,-0.001303
143.083995,9924712,-0.000920,0.066223,-1.173524,0.000489,0.001180,-0.000339
143.117690,9924742,-0.000910,0.066218,-1.173514,0.000614,0.001431,-0.001058
143.154609,9924777,-0.000893,0.066234,-1.173527,-0.000121,-0.000027,-0.001183
143.184868,9924812,-0.000897,0.066219,-1.173551,0.000135,0.000260,-0.001109
143.218596,9924847,-0.000895,0.066258,-1.173553,-0.000102,0.001648,-0.000207
143.248850,9924878,-0.000886,0.066284,-1.173546,0.000026,0.001360,-0.000454
143.287538,9924914,-0.000885,0.066294,-1.173561,-0.000138,0.000539,-0.000606
143.317077,9924946,-0.000879,0.066315,-1.173585,0.000177,0.001319,-0.000597
143.354768,9924983,-0.000889,0.066325,-1.173625,0.000208,0.001076,-0.000880
143.384550,9925016,-0.000887,0.066321,-1.173626,0.000930,0.001071,-0.000651
143.418153,9925049,-0.000891,0.066306,-1.173634,0.000641,-0.000591,-0.000344
143.448072,9925077,-0.000903,0.066286,-1.173647,-0.000007,-0.000015,-0.001146
143.489633,9925111,-0.000900,0.066315,-1.173651,-0.000365,0.000742,0.000179
143.518020,9925149,-0.000892,0.066339,-1.173639,0.000588,0.001840,-0.000359
143.554477,9925179,-0.000891,0.066360,-1.173637,-0.000659,0.000968,0.000079
143.584603,9925214,-0.000907,0.066377,-1.173637,-0.000253,-0.000687,-0.000559
143.618492,9925249,-0.000930,0.066386,-1.173646,-0.000811,0.000021,-0.000158
143.654752,9925282,-0.000941,0.066387,-1.173637,0.000016,0.001316,-0.000751
143.685933,9925313,-0.000940,0.066411,-1.173650,0.001164,0.000195,-0.001018
143.717368,9925347,-0.000913,0.066400,-1.173663,0.000710,0.001590,0.000876
143.747999,9925378,-0.000920,0.066424,-1.173634,-0.000297,0.001724,-0.000430
143.784700,9925411,-0.000922,0.066462,-1.173624,0.000687,0.000187,-0.000340
143.820932,9925447,-0.000918,0.066446,-1.173622,-0.001055,0.000973,-0.000106
143.855903,9925484,-0.000907,0.066465,-1.173617,0.000317,0.000413,0.000235
143.886150,9925516,-0.000875,0.066470,-1.173601,0.000337,0.000732,-0.000425
143.918111,9925550,-0.000866,0.066492,-1.173598,-0.000189,0.000385,-0.001056
143.952410,9925579,-0.000853,0.066509,-1.173627,0.000526,0.000291,-0.000771
143.984904,9925610,-0.000857,0.066522,-1.173633,0.000459,0.000296,-0.000327
144.018425,9925649,-0.000872,0.066547,-1.173642,-0.000962,0.000326,-0.001467
144.054867,9925681,-0.000879,0.066571,-1.173640,0.000064,0.000762,0.000238
144.084445,9925713,-0.000885,0.066570,-1.173637,-0.000145,0.000722,-0.000382
144.120172,9925746,-0.000873,0.066612,-1.173628,0.000382,0.001684,0.000004
144.154768,9925782,-0.000874,0.066630,-1.173651,0.000365,0.001088,-0.000163
144.186740,9925814,-0.000872,0.066625,-1.173652,-0.000379,0.000381,-0.000778
144.217459,9925844,-0.000867,0.066562,-1.173621,-0.000389,0.000385,-0.000521
144.255812,9925883,-0.000856,0.066482,-1.173564,-0.000020,0.000798,0.000742
144.285237,9925914,-0.000855,0.066420,-1.173563,-0.000072,0.000220,-0.002245
144.318335,9925943,-0.000857,0.066408,-1.173534,-0.000662,0.001350,-0.000813
144.355017,9925983,-0.000840,0.066365,-1.173495,0.000071,0.002356,-0.001071
144.385822,9926016,-0.000838,0.066292,-1.173484,-0.000767,-0.000275,-0.000203
144.417575,9926046,-0.000824,0.066222,-1.173483,0.000095,0.000338,0.000025
144.447470,9926075,-0.000820,0.066168,-1.173466,-0.000106,0.000282,-0.000667
144.455856,9926106,-0.000828,0.066142,-1.173469,-0.000432,0.001449,-0.000363
144.519127,9926144,-0.000817,0.066107,-1.173460,-0.000074,0.001179,-0.000276
144.554839,9926180,-0.000797,0.066101,-1.173479,0.000042,0.001194,-0.000710
144.585874,9926215,-0.000795,0.066074,-1.173474,-0.000079,0.001431,0.000172
144.617684,9926248,-0.000771,0.066067,-1.173475,0.000033,0.001939,0.000025
144.655194,9926279,-0.000758,0.066062,-1.173481,-0.000419,0.000973,-0.000456
144.684521,9926316,-0.000754,0.066034,-1.173501,0.000435,0.000167,-0.000222
144.721527,9926348,-0.000753,0.065997,-1.173502,-0.001063,0.000234,-0.000710
144.755031,9926381,-0.000758,0.065978,-1.173510,-0.001400,0.000989,-0.000024
144.784877,9926417,-0.000758,0.065969,-1.173520,0.000282,0.001300,-0.001149
144.817547,9926446,-0.000753,0.065979,-1.173524,-0.000233,0.001705,-0.000205
144.848896,9926477,-0.000749,0.065983,-1.173535,-0.000262,0.001027,-0.000026
144.884740,9926511,-0.000757,0.065997,-1.173542,0.000016,0.000487,-0.000601
144.920125,9926545,-0.000745,0.066019,-1.173552,0.000586,0.001533,-0.000631
144.955012,9926580,-0.000744,0.066044,-1.173543,-0.001002,0.000846,0.000099
144.984375,9926615,-0.000734,0.066058,-1.173542,0.001108,0.001296,-0.000080
145.018232,9926643,-0.000730,0.066060,-1.173531,-0.000845,0.000971,0.000108
145.055319,9926682,-0.000745,0.066091,-1.173531,0.000413,0.001593,-0.000390
145.087227,9926715,-0.000745,0.066110,-1.173542,-0.000098,0.001009,-0.000542
145.118982,9926747,-0.000748,0.066121,-1.173518,-0.000398,0.000397,0.000489
145.147596,9926780,-0.000747,0.066141,-1.173523,0.000569,0.000790,0.000062
145.185383,9926815,-0.000744,0.066186,-1.173531,0.000727,0.001268,-0.000802
145.218017,9926845,-0.000753,0.066222,-1.173527,-0.000844,0.000394,-0.000335
145.255603,9926882,-0.000774,0.066252,-1.173534,-0.000698,0.001777,-0.000739
145.286054,9926916,-0.000786,0.066291,-1.173541,0.000453,0.000550,-0.000524
145.317344,9926948,-0.000770,0.066308,-1.173550,0.000069,0.001383,-0.000203
145.353149,9926979,-0.000770,0.066344,-1.173556,0.000285,0.001556,0.000024
145.386767,9927014,-0.000779,0.066365,-1.173568,-0.000025,0.000724,-0.000365
145.418988,9927045,-0.000789,0.066369,-1.173569,-0.000334,0.000805,0.000056
145.454547,9927079,-0.000804,0.066392,-1.173573,-0.000222,0.000815,-0.000885
145.454547,9927111,-0.000800,0.066409,-1.173577,0.000220,0.001464,-0.000623
145.517271,9927148,-0.000819,0.066435,-1.173578,-0.000653,-0.000119,-0.000289
145.555988,9927182,-0.000827,0.066453,-1.173583,-0.000933,0.000400,-0.001509
145.585141,9927214,-0.000828,0.066475,-1.173607,0.000204,0.000951,-0.000564
145.618318,9927250,-0.000840,0.066515,-1.173609,-0.000545,0.000449,-0.000680
145.654890,9927280,-0.000827,0.066546,-1.173590,-0.000022,0.000521,0.000004
145.686837,9927317,-0.000831,0.066534,-1.173576,-0.000170,0.001329,-0.000447
145.718186,9927348,-0.000832,0.066487,-1.173544,-0.000443,0.000877,-0.000031
145.754991,9927380,-0.000829,0.066446,-1.173514,0.000001,0.000945,-0.000648
145.785669,9927413,-0.000820,0.066418,-1.173495,0.000657,0.000949,-0.000796
145.818179,9927448,-0.000808,0.066374,-1.173471,0.000024,0.000611,-0.000976
145.847358,9927479,-0.000792,0.066333,-1.173460,-0.000026,0.001817,-0.000396
145.887379,9927511,-0.000788,0.066307,-1.173455,0.000231,0.000740,-0.000436
145.918357,9927546,-0.000783,0.066261,-1.173457,0.000262,0.000558,-0.000551
145.955403,9927581,-0.000759,0.066215,-1.173447,-0.000045,0.001866,-0.000202
145.984526,9927613,-0.000749,0.066199,-1.173446,0.000084,0.000698,-0.000095
146.017233,9927649,-0.000745,0.066164,-1.173440,0.001051,0.000519,0.000305
146.054392,9927683,-0.000747,0.066134,-1.173446,-0.000267,0.000697,-0.000248
146.086847,9927714,-0.000763,0.066120,-1.173450,0.000308,0.000722,0.000162
146.117975,9927746,-0.000760,0.066116,-1.173445,0.000293,0.000055,0.000666
146.155378,9927779,-0.000758,0.066081,-1.173436,0.000381,0.001356,-0.000945
146.185004,9927815,-0.000755,0.066047,-1.173434,0.000051,0.001960,-0.000608
146.219354,9927846,-0.000743,0.066017,-1.173435,-0.000208,0.001495,-0.000729
146.254615,9927881,-0.000747,0.065993,-1.173431,0.000029,0.000512,-0.000281
146.285080,9927910,-0.000735,0.065970,-1.173445,0.000237,0.000504,-0.001000
146.318165,9927950,-0.000734,0.065937,-1.173442,-0.000924,0.001075,0.000489
146.347298,9927976,-0.000738,0.065926,-1.173453,0.000603,0.001014,-0.000274
146.386447,9928013,-0.000706,0.065918,-1.173435,0.001048,0.001335,0.000158
146.417659,9928045,-0.000708,0.065915,-1.173433,0.000297,0.001082,-0.000428
146.453378,9928081,-0.000685,0.065906,-1.173425,0.000253,0.001382,0.000185
146.453378,9928114,-0.000685,0.065881,-1.173434,-0.000767,0.000860,-0.000976
146.517678,9928144,-0.000685,0.065864,-1.173437,0.000195,0.000704,-0.000971
146.553870,9928179,-0.000679,0.065826,-1.173436,-0.000238,0.000492,-0.000758
146.583947,9928216,-0.000669,0.065819,-1.173441,0.000273,0.001409,-0.001160
146.617510,9928246,-0.000674,0.065807,-1.173439,-0.000561,0.001603,0.000035
146.653938,9928284,-0.000683,0.065806,-1.173441,-0.000389,0.000936,-0.000806
146.682949,9928310,-0.000674,0.065797,-1.173442,-0.000095,0.001271,-0.000422
146.719279,9928347,-0.000656,0.065776,-1.173466,0.000769,0.001018,-0.001857
146.753322,9928379,-0.000650,0.065755,-1.173456,0.000440,0.001237,-0.000895
146.782969,9928415,-0.000648,0.065733,-1.173457,-0.000341,0.001012,-0.000352
146.818203,9928448,-0.000649,0.065702,-1.173446,-0.000935,0.000777,-0.000200
146.853943,9928480,-0.000646,0.065672,-1.173435,-0.000203,0.000162,0.000312
146.883257,9928515,-0.000640,0.065690,-1.173433,0.001049,0.001953,-0.000584
146.918990,9928549,-0.000623,0.065658,-1.173434,0.000660,0.000972,-0.000388
146.954471,9928582,-0.000621,0.065646,-1.173453,0.000107,0.000182,-0.001285
146.984958,9928615,-0.000612,0.065643,-1.173456,0.000333,0.000488,-0.000863
147.017739,9928644,-0.000604,0.065646,-1.173447,-0.000207,0.001702,0.000214
147.053760,9928683,-0.000610,0.065654,-1.173456,-0.000068,0.000627,-0.000409
147.086663,9928713,-0.000618,0.065651,-1.173466,0.000712,0.000798,-0.000176
147.118424,9928745,-0.000607,0.065655,-1.173473,-0.000473,0.001294,-0.000392
147.153840,9928778,-0.000624,0.065673,-1.173472,-0.000096,0.000040,0.000160
147.182778,9928812,-0.000629,0.065671,-1.173451,0.000090,0.001155,-0.000226
147.217672,9928847,-0.000640,0.065703,-1.173445,-0.000379,0.000734,-0.000331
147.254222,9928882,-0.000635,0.065732,-1.173458,0.000488,0.001867,-0.000890
147.283483,9928913,-0.000646,0.065760,-1.173458,-0.000095,0.001450,-0.000464
147.320499,9928948,-0.000660,0.065781,-1.173481,-0.000693,0.001260,-0.000964
147.354366,9928975,-0.000656,0.065794,-1.173476,-0.000523,0.000437,-0.000773
147.384145,9929011,-0.000671,0.065833,-1.173489,-0.000036,0.000001,0.000126
147.419698,9929047,-0.000675,0.065849,-1.173500,-0.000250,0.000957,-0.000586
147.452964,9929079,-0.000675,0.065856,-1.173513,-0.000053,0.000265,0.000398
147.456405,9929114,-0.000672,0.065847,-1.173493,-0.000499,0.000397,-0.000640
147.518338,9929150,-0.000677,0.065870,-1.173495,0.000337,0.001261,-0.000785
147.553179,9929180,-0.000676,0.065873,-1.173496,-0.000076,0.001184,-0.000960
147.584214,9929216,-0.000688,0.065866,-1.173486,0.000239,0.000555,-0.000184
147.618147,9929246,-0.000676,0.065872,-1.173479,0.000141,0.001504,0.000093
147.654166,9929278,-0.000667,0.065870,-1.173472,0.000041,0.000657,0.000030
147.684028,9929313,-0.000667,0.065860,-1.173479,0.000313,0.000823,-0.000692
147.718368,9929349,-0.000669,0.065873,-1.173476,0.000017,0.001412,-0.000172
147.755111,9929383,-0.000658,0.065859,-1.173472,0.000130,0.000508,-0.001433
147.784537,9929410,-0.000649,0.065860,-1.173456,0.000695,0.000778,0.000426
147.820451,9929445,-0.000649,0.065871,-1.173448,0.000128,0.001847,-0.001851
147.852657,9929479,-0.000650,0.065851,-1.173449,0.000737,0.001605,0.000649
147.884027,9929510,-0.000665,0.065867,-1.173432,-0.000260,0.001209,-0.000050
147.917765,9929546,-0.000675,0.065851,-1.173435,0.000499,0.000919,-0.000509
147.954242,9929578,-0.000683,0.065844,-1.173453,0.000080,0.001351,-0.001075
147.984366,9929615,-0.000681,0.065822,-1.173463,0.000313,0.001172,-0.000495
148.018259,9929646,-0.000683,0.065818,-1.173465,-0.000252,0.000773,-0.000062
148.054073,9929677,-0.000680,0.065841,-1.173480,-0.000488,0.001656,-0.000393
148.085684,9929713,-0.000682,0.065828,-1.173516,0.000291,0.001243,-0.001479
148.117510,9929747,-0.000707,0.065821,-1.173538,-0.000142,0.001551,-0.000774
148.154985,9929781,-0.000721,0.065814,-1.173549,-0.000467,0.000930,-0.000851
148.186114,9929814,-0.000712,0.065801,-1.173559,0.000420,0.000050,-0.000129
148.218792,9929847,-0.000710,0.065821,-1.173556,0.000550,0.000214,-0.000059
148.255254,9929881,-0.000711,0.065831,-1.173551,-0.000023,0.000847,-0.001200
148.285269,9929915,-0.000719,0.065859,-1.173563,-0.000770,0.001276,-0.001160
148.318163,9929947,-0.000725,0.065861,-1.173571,0.000285,0.000767,-0.000878
148.354538,9929984,-0.000736,0.065877,-1.173582,-0.000659,0.001889,-0.000120
148.384676,9930012,-0.000727,0.065887,-1.173579,0.000734,0.000739,-0.000504
148.417839,9930045,-0.000731,0.065895,-1.173570,0.000130,0.000974,-0.000135
148.455352,9930079,-0.000742,0.065901,-1.173564,0.000051,-0.000316,-0.000565
148.458345,9930114,-0.000741,0.065888,-1.173564,-0.000539,0.000780,-0.000455
148.519098,9930146,-0.000754,0.065894,-1.173551,0.001352,0.001371,-0.000900
148.554219,9930177,-0.000750,0.065943,-1.173571,-0.000125,0.000922,-0.000330
148.585817,9930210,-0.000764,0.065932,-1.173574,-0.000781,0.001239,-0.000793
148.620376,9930247,-0.000772,0.065950,-1.173589,-0.000680,-0.000389,-0.000896
148.646782,9930275,-0.000763,0.065949,-1.173598,-0.000110,0.000967,-0.000428
148.684798,9930315,-0.000767,0.065978,-1.173606,0.000648,0.000384,-0.000192
148.717243,9930345,-0.000775,0.066002,-1.173605,0.000517,0.001567,0.000970
148.755082,9930381,-0.000777,0.066009,-1.173613,-0.000428,0.000594,-0.001124
148.785765,9930411,-0.000790,0.066019,-1.173620,0.000019,0.001216,-0.000150
148.817585,9930448,-0.000783,0.065987,-1.173607,0.000305,0.001288,-0.000674
148.855363,9930483,-0.000772,0.065954,-1.173593,0.000160,0.000265,-0.001302
148.885684,9930515,-0.000755,0.065936,-1.173566,0.000378,0.000973,-0.000096
148.918841,9930548,-0.000753,0.065904,-1.173542,-0.000670,0.000448,-0.000123
148.955188,9930582,-0.000758,0.065886,-1.173530,-0.000262,0.000978,-0.000299
148.985409,9930615,-0.000747,0.065866,-1.173527,-0.000438,0.001557,-0.001400
149.018533,9930641,-0.000739,0.065859,-1.173516,0.000211,0.000170,-0.000164
149.055515,9930684,-0.000735,0.065814,-1.173499,-0.000767,0.000980,-0.000473
149.085592,9930715,-0.000735,0.065778,-1.173499,-0.000452,0.000148,-0.000315
149.118340,9930750,-0.000742,0.065736,-1.173490,0.000456,0.000793,-0.000767
149.147885,9930773,-0.000733,0.065724,-1.173485,0.000656,0.000715,-0.000933
149.184781,9930815,-0.000720,0.065705,-1.173486,0.000073,0.000205,-0.001165
149.218587,9930845,-0.000712,0.065690,-1.173476,-0.000436,0.001222,-0.000406
149.254605,9930878,-0.000715,0.065651,-1.173479,0.000006,0.000206,-0.000092
149.285631,9930913,-0.000715,0.065626,-1.173466,-0.000705,-0.000035,-0.001139
149.317931,9930949,-0.000706,0.065604,-1.173464,0.000524,0.000558,0.000807
149.354075,9930982,-0.000680,0.065582,-1.173463,-0.000083,0.000797,-0.000980
149.385840,9931011,-0.000665,0.065573,-1.173456,0.000186,0.000578,-0.000045
149.418545,9931046,-0.000658,0.065556,-1.173447,-0.000575,0.001469,-0.000721
149.454259,9931079,-0.000661,0.065565,-1.173474,-0.000085,0.001214,-0.000565
149.459191,9931117,-0.000653,0.065570,-1.173489,-0.000255,0.000839,0.000288
149.519241,9931147,-0.000655,0.065592,-1.173483,0.000126,0.000883,-0.000260
149.554572,9931179,-0.000649,0.065613,-1.173498,-0.000210,0.001684,-0.000129
149.585138,9931213,-0.000651,0.065622,-1.173503,0.000234,0.000561,-0.001191
149.618640,9931249,-0.000666,0.065642,-1.173512,-0.001148,0.000935,-0.000111
149.651213,9931277,-0.000662,0.065661,-1.173525,0.000829,0.000447,-0.000523
149.686617,9931314,-0.000657,0.065690,-1.173525,0.000385,0.000571,-0.001174
149.718650,9931347,-0.000654,0.065705,-1.173526,-0.000106,0.000297,-0.000238
149.755434,9931382,-0.000648,0.065699,-1.173522,0.000002,0.000857,-0.000129
149.784944,9931416,-0.000630,0.065694,-1.173517,0.000168,0.000767,-0.000764
149.819140,9931445,-0.000627,0.065687,-1.173519,0.000132,0.001397,-0.000073
149.855144,9931482,-0.000622,0.065699,-1.173524,0.000522,0.001581,-0.000577
149.885353,9931515,-0.000622,0.065716,-1.173522,0.000163,0.001624,-0.001003
149.919416,9931543,-0.000619,0.065734,-1.173510,0.000251,0.001726,0.000542
149.954732,9931581,-0.000633,0.065732,-1.173494,-0.000971,0.000557,-0.000503
149.985228,9931617,-0.000644,0.065736,-1.173494,-0.000235,-0.000381,-0.000523
150.020263,9931648,-0.000660,0.065725,-1.173492,-0.000498,0.000477,-0.000873
150.054638,9931682,-0.000661,0.065778,-1.173507,0.000088,0.002499,-0.000617
150.084514,9931716,-0.000663,0.065785,-1.173504,-0.000194,0.000674,-0.000404
150.118181,9931741,-0.000674,0.065806,-1.173505,-0.000507,0.000469,-0.000592
150.154593,9931782,-0.000670,0.065807,-1.173519,0.000370,0.000534,-0.001640
150.187313,9931815,-0.000671,0.065834,-1.173517,-0.000534,0.000945,-0.000034
150.217646,9931843,-0.000681,0.065840,-1.173510,-0.000317,0.000644,-0.001081
150.255710,9931883,-0.000691,0.065879,-1.173511,0.000096,0.000857,-0.000643
150.285683,9931911,-0.000683,0.065916,-1.173533,0.000646,0.001458,-0.001034
150.318990,9931949,-0.000683,0.065926,-1.173543,-0.000006,-0.000344,-0.000906
150.354845,9931983,-0.000670,0.065958,-1.173553,-0.000012,0.001681,-0.000704
150.385609,9932013,-0.000656,0.065974,-1.173551,0.001682,0.000640,-0.000711
150.419014,9932046,-0.000656,0.066003,-1.173560,-0.000044,0.000773,-0.000519
150.455666,9932080,-0.000669,0.066025,-1.173583,-0.000154,0.001063,-0.000780
150.460863,9932115,-0.000666,0.066066,-1.173575,0.000244,0.000780,-0.000049
150.520861,9932148,-0.000670,0.066099,-1.173575,-0.000704,0.000999,-0.000664
150.554771,9932181,-0.000688,0.066112,-1.173572,0.000115,0.000743,0.000509
150.584458,9932213,-0.000683,0.066147,-1.173574,0.000463,0.000968,-0.000047
150.618060,9932245,-0.000689,0.066171,-1.173584,-0.000279,0.001113,-0.000508
150.654526,9932278,-0.000701,0.066203,-1.173589,-0.000813,0.001656,0.000157
150.686016,9932306,-0.000701,0.066219,-1.173580,-0.000090,0.001261,0.000084
150.718780,9932345,-0.000686,0.066237,-1.173591,0.000044,0.000227,-0.001038
150.754802,9932380,-0.000698,0.066271,-1.173594,-0.000106,0.001337,-0.000609
150.785592,9932417,-0.000698,0.066293,-1.173589,-0.000859,0.000457,-0.000658
150.818097,9932445,-0.000710,0.066304,-1.173603,0.000388,0.000981,-0.001298
150.855558,9932483,-0.000708,0.066335,-1.173602,0.000481,0.000760,0.000059
150.886446,9932516,-0.000701,0.066352,-1.173612,0.000781,0.000411,-0.000479
150.918997,9932544,-0.000705,0.066358,-1.173622,0.000622,0.001502,0.000216
150.955101,9932578,-0.000708,0.066371,-1.173623,0.000039,0.000940,-0.000965
150.985055,9932613,-0.000704,0.066372,-1.173612,0.000191,0.000454,0.000261
151.018428,9932650,-0.000712,0.066364,-1.173589,-0.000970,0.000833,-0.000623
151.055319,9932678,-0.000715,0.066372,-1.173592,-0.000710,0.000726,0.000434
151.085951,9932712,-0.000726,0.066384,-1.173571,-0.000049,0.000855,-0.000726
151.118680,9932743,-0.000735,0.066404,-1.173594,-0.000188,0.001185,-0.000365
151.155665,9932782,-0.000736,0.066422,-1.173596,-0.000261,0.001083,-0.000181
151.185461,9932812,-0.000738,0.066432,-1.173603,0.000212,0.000095,-0.000814
151.221079,9932848,-0.000734,0.066436,-1.173637,0.000245,0.000147,-0.001007
151.249835,9932880,-0.000736,0.066456,-1.173628,0.000198,0.000901,0.000145
151.285326,9932914,-0.000752,0.066464,-1.173631,-0.000656,0.000667,-0.000519
151.317958,9932948,-0.000762,0.066473,-1.173623,-0.000262,0.000072,-0.000113
151.355198,9932981,-0.000760,0.066490,-1.173622,0.000384,0.001454,-0.000003
151.387274,9933013,-0.000770,0.066489,-1.173629,0.000006,0.000639,-0.000596
151.419402,9933046,-0.000758,0.066508,-1.173623,-0.000015,0.000265,-0.000713
151.448482,9933080,-0.000752,0.066500,-1.173627,0.000343,0.000454,-0.001021
151.465337,9933114,-0.000750,0.066469,-1.173607,-0.000173,0.000313,-0.000157
151.518817,9933144,-0.000746,0.066434,-1.173603,-0.000408,0.000855,-0.001494
151.555434,9933182,-0.000740,0.066399,-1.173565,-0.000404,0.000321,-0.000850
151.586526,9933212,-0.000738,0.066378,-1.173556,-0.000663,0.000622,-0.001113
151.618430,9933248,-0.000744,0.066320,-1.173551,-0.000266,0.001116,-0.000250
151.655409,9933282,-0.000732,0.066293,-1.173556,-0.000363,0.000843,-0.000289
151.686147,9933308,-0.000727,0.066247,-1.173542,-0.000573,0.000483,-0.000751
151.719250,9933347,-0.000726,0.066217,-1.173535,-0.000351,0.000885,-0.000502
151.746639,9933383,-0.000738,0.066181,-1.173526,-0.000319,0.000611,-0.000476
151.784344,9933405,-0.000737,0.066145,-1.173525,-0.000295,0.000090,0.000017
151.819257,9933447,-0.000737,0.066120,-1.173540,-0.000713,0.000621,-0.001099
151.855123,9933478,-0.000747,0.066095,-1.173537,-0.000022,0.000880,-0.000591
151.884921,9933512,-0.000748,0.066087,-1.173533,-0.000482,0.001113,-0.000794
151.918663,9933549,-0.000765,0.066070,-1.173553,-0.000304,-0.000030,-0.001002
151.955104,9933581,-0.000772,0.066058,-1.173544,0.000163,0.000620,-0.000838
151.985952,9933611,-0.000776,0.066053,-1.173546,-0.000281,0.001304,-0.000273
152.018196,9933644,-0.000769,0.066076,-1.173549,-0.000255,0.000999,-0.001100
152.056876,9933682,-0.000759,0.066084,-1.173547,0.000382,0.001713,-0.000680
152.084560,9933715,-0.000765,0.066110,-1.173547,-0.000321,0.002018,-0.000528
152.121291,9933748,-0.000764,0.066132,-1.173548,0.000170,0.000635,0.001036
152.150061,9933780,-0.000774,0.066114,-1.173553,-0.000637,-0.000692,-0.001052
152.186247,9933813,-0.000767,0.066115,-1.173568,-0.000153,0.000120,-0.000166
152.218163,9933849,-0.000754,0.066119,-1.173568,0.000470,0.000142,-0.000837
152.255520,9933879,-0.000755,0.066157,-1.173558,-0.000697,0.001760,-0.000160
152.284593,9933913,-0.000767,0.066178,-1.173562,-0.000569,-0.000030,0.000192
152.318596,9933944,-0.000765,0.066191,-1.173534,-0.000003,0.000597,-0.000241
152.354687,9933981,-0.000754,0.066210,-1.173546,0.000623,-0.000266,-0.000167
152.384997,9934015,-0.000751,0.066224,-1.173537,-0.000067,0.001099,-0.000971
152.418667,9934046,-0.000746,0.066218,-1.173542,-0.000158,0.000883,-0.000447
152.455733,9934082,-0.000743,0.066225,-1.173538,0.000051,0.000639,-0.000353
152.474803,9934109,-0.000739,0.066236,-1.173539,-0.000183,0.000279,-0.001031
152.519335,9934145,-0.000738,0.066239,-1.173560,0.000159,0.000673,-0.001149
152.554901,9934179,-0.000742,0.066244,-1.173560,-0.000900,0.000942,0.000066
152.585424,9934214,-0.000732,0.066285,-1.173543,0.000648,0.001677,-0.000437
152.618995,9934245,-0.000737,0.066280,-1.173556,-0.000478,0.000523,-0.000322
152.651155,9934281,-0.000758,0.066316,-1.173560,-0.000621,0.000846,0.000597
152.685801,9934312,-0.000768,0.066337,-1.173552,-0.000699,0.000408,-0.000975
152.720315,9934349,-0.000767,0.066371,-1.173553,0.000237,0.001233,0.000619
152.755375,9934382,-0.000765,0.066388,-1.173563,0.000045,0.000213,-0.000638
152.786635,9934412,-0.000759,0.066404,-1.173566,-0.000410,0.000811,-0.000942
152.818154,9934445,-0.000769,0.066422,-1.173577,0.000226,0.000779,-0.000451
152.855471,9934480,-0.000769,0.066455,-1.173577,-0.000436,0.001744,-0.000262
152.886494,9934512,-0.000786,0.066476,-1.173574,-0.000112,0.000085,-0.001334
152.918414,9934549,-0.000771,0.066439,-1.173562,-0.000085,0.001201,-0.000032
152.955005,9934578,-0.000762,0.066426,-1.173562,-0.000706,0.000109,-0.000926
152.986316,9934615,-0.000772,0.066396,-1.173548,0.000566,0.000822,-0.000680
153.007268,9934639,-0.000758,0.066398,-1.173533,0.000333,0.001985,-0.000192
153.052735,9934682,-0.000753,0.066387,-1.173526,0.000406,0.000379,-0.000865
153.088721,9934714,-0.000768,0.066363,-1.173516,-0.000216,0.000419,-0.000175
153.120114,9934747,-0.000761,0.066344,-1.173506,-0.001029,0.000023,-0.000230
153.147356,9934772,-0.000752,0.066317,-1.173496,0.000600,0.000945,-0.000743
153.182530,9934812,-0.000752,0.066297,-1.173490,0.000284,0.001424,0.000302
153.221528,9934850,-0.000745,0.066266,-1.173495,0.000163,0.001655,-0.001327
153.253161,9934877,-0.000740,0.066247,-1.173494,0.000391,-0.000088,0.000037
153.282727,9934912,-0.000741,0.066214,-1.173477,0.000268,0.000229,-0.000841
153.321639,9934946,-0.000722,0.066176,-1.173475,0.000694,0.002243,-0.000042
153.350683,9934981,-0.000728,0.066147,-1.173455,-0.000407,0.000882,0.000168
153.382638,9935012,-0.000731,0.066100,-1.173465,-0.000394,0.000436,-0.001446
153.421969,9935045,-0.000716,0.066023,-1.173446,-0.000010,0.000654,0.000252
153.450101,9935081,-0.000721,0.065972,-1.173416,-0.000103,0.001967,-0.000963
153.470289,9935113,-0.000724,0.065932,-1.173417,0.000055,0.000683,-0.000744
153.520481,9935146,-0.000721,0.065883,-1.173402,-0.000632,0.001494,-0.000405
153.551555,9935181,-0.000713,0.065852,-1.173385,-0.000515,0.001040,-0.000223
153.583367,9935212,-0.000710,0.065790,-1.173381,-0.000638,0.000801,-0.000272
153.621200,9935246,-0.000702,0.065752,-1.173386,0.000902,0.001414,-0.000257
153.650305,9935280,-0.000683,0.065730,-1.173386,0.000148,0.001065,-0.001008
153.683603,9935314,-0.000676,0.065723,-1.173399,0.000301,0.001319,-0.000183
153.720258,9935347,-0.000678,0.065705,-1.173413,-0.000573,0.000969,-0.000532
153.755069,9935381,-0.000675,0.065700,-1.173433,-0.000405,0.001664,0.000055
153.783097,9935414,-0.000669,0.065710,-1.173435,0.000030,0.000743,-0.000880
153.820794,9935443,-0.000665,0.065716,-1.173441,-0.000445,0.000334,0.000118
153.851073,9935478,-0.000672,0.065734,-1.173450,-0.000158,0.000858,-0.000610
153.882578,9935512,-0.000666,0.065738,-1.173459,-0.001380,0.000569,-0.000599
153.922054,9935544,-0.000689,0.065759,-1.173473,-0.000775,0.001068,-0.000514
153.950474,9935576,-0.000688,0.065796,-1.173467,0.000068,0.001519,0.000371
153.982958,9935612,-0.000699,0.065826,-1.173463,0.000295,-0.000143,-0.000071
154.020948,9935647,-0.000694,0.065859,-1.173462,-0.000610,0.000833,-0.000493
154.051260,9935679,-0.000681,0.065882,-1.173461,0.000859,0.002214,-0.000734
154.083617,9935714,-0.000675,0.065919,-1.173468,0.000198,0.001172,-0.000669
154.122248,9935750,-0.000687,0.065961,-1.173470,-0.000149,0.000980,-0.000310
154.150286,9935780,-0.000691,0.065980,-1.173469,-0.000116,0.000606,-0.000376
154.185758,9935814,-0.000685,0.066006,-1.173491,0.000355,0.001405,-0.001159
154.220726,9935845,-0.000676,0.066031,-1.173502,-0.000154,0.001099,-0.000906
154.251183,9935883,-0.000669,0.066055,-1.173535,-0.000574,0.001009,-0.001408
154.283431,9935916,-0.000691,0.066099,-1.173569,0.000106,0.000795,-0.000953
154.321092,9935947,-0.000707,0.066116,-1.173586,-0.000420,0.000888,-0.000904
154.350905,9935981,-0.000709,0.066117,-1.173591,0.000582,0.000805,-0.000734
154.385588,9936015,-0.000708,0.066127,-1.173583,-0.000701,0.000907,-0.000494
154.420615,9936042,-0.000715,0.066138,-1.173576,0.000070,0.000325,-0.000467
154.454845,9936079,-0.000713,0.066135,-1.173583,0.000104,0.000601,-0.000653
154.477800,9936113,-0.000715,0.066144,-1.173607,0.000007,0.000236,-0.001062
154.522171,9936144,-0.000715,0.066136,-1.173603,-0.001380,0.001979,-0.000881
154.552441,9936179,-0.000725,0.066169,-1.173611,-0.000049,0.001083,-0.000499
154.583708,9936215,-0.000726,0.066167,-1.173589,-0.000047,0.000707,-0.000144
154.620981,9936244,-0.000730,0.066172,-1.173588,0.000171,0.000970,0.000295
154.650861,9936280,-0.000732,0.066164,-1.173566,0.000182,0.000049,-0.000146
154.682954,9936314,-0.000734,0.066173,-1.173575,-0.000296,0.000973,0.000326
154.721816,9936346,-0.000744,0.066173,-1.173580,0.000035,0.000411,-0.001051
154.751873,9936375,-0.000750,0.066165,-1.173592,0.000933,0.000233,-0.000959
154.783569,9936417,-0.000754,0.066169,-1.173586,-0.000055,0.000672,-0.000404
154.821361,9936446,-0.000763,0.066139,-1.173563,-0.000426,0.001200,-0.001392
154.851734,9936482,-0.000762,0.066109,-1.173536,-0.000282,0.001082,-0.000567
154.883349,9936516,-0.000758,0.066076,-1.173500,-0.000182,0.001372,0.000531
154.921624,9936546,-0.000768,0.066044,-1.173469,0.000271,0.002155,-0.000574
154.956936,9936584,-0.000763,0.066032,-1.173474,0.000318,0.000908,-0.000696
154.982870,9936614,-0.000765,0.065992,-1.173457,-0.000581,0.000183,-0.000004
155.021643,9936642,-0.000764,0.065956,-1.173448,0.000392,0.000530,-0.000473
155.050688,9936677,-0.000758,0.065925,-1.173450,0.001074,0.000715,-0.000586
155.083368,9936716,-0.000752,0.065899,-1.173464,-0.000092,0.000543,-0.000491
155.119572,9936745,-0.000754,0.065886,-1.173457,0.000277,0.000519,0.001086
155.151382,9936781,-0.000752,0.065875,-1.173449,0.000113,0.001096,-0.000278
155.182101,9936812,-0.000751,0.065859,-1.173456,-0.000281,0.000257,-0.001135
155.221873,9936848,-0.000739,0.065831,-1.173466,-0.000036,0.000516,-0.000489
155.250396,9936879,-0.000723,0.065818,-1.173465,0.000041,0.000566,-0.000414
155.283075,9936912,-0.000717,0.065795,-1.173450,-0.000028,0.000849,-0.000784
155.321893,9936944,-0.000708,0.065787,-1.173450,-0.000134,0.001841,-0.000364
155.351437,9936981,-0.000709,0.065780,-1.173438,-0.000725,-0.000129,-0.000698
155.385361,9937011,-0.000708,0.065795,-1.173447,0.000175,0.001770,-0.000737
155.421004,9937048,-0.000703,0.065767,-1.173439,-0.000278,0.001151,-0.000473
155.452023,9937082,-0.000694,0.065760,-1.173432,-0.000121,0.000049,-0.000500
155.481000,9937115,-0.000693,0.065740,-1.173438,-0.000635,0.000570,-0.001316
155.521680,9937144,-0.000690,0.065743,-1.173441,0.000018,0.001505,-0.000934
155.552273,9937177,-0.000697,0.065738,-1.173449,-0.000475,0.000998,-0.000637
155.583562,9937212,-0.000693,0.065759,-1.173433,-0.000130,0.001335,0.000193
155.620892,9937246,-0.000681,0.065761,-1.173421,0.000040,0.001215,-0.000103
155.650495,9937279,-0.000679,0.065751,-1.173402,0.000156,0.000946,-0.000491
155.686995,9937313,-0.000684,0.065764,-1.173390,-0.000360,0.001857,0.000010
155.722065,9937347,-0.000691,0.065734,-1.173379,-0.000857,-0.000893,-0.000160
155.750200,9937380,-0.000686,0.065719,-1.173362,0.000044,0.000581,0.000180
155.782244,9937412,-0.000686,0.065708,-1.173343,-0.000247,0.001143,0.000116
155.821744,9937449,-0.000690,0.065700,-1.173341,-0.000787,0.000717,-0.000127
155.850455,9937480,-0.000697,0.065698,-1.173365,0.000383,0.001364,-0.000726
155.883185,9937511,-0.000696,0.065706,-1.173371,-0.000885,0.001192,-0.000148
155.922019,9937546,-0.000699,0.065719,-1.173378,-0.000601,0.000439,-0.001002
155.951010,9937579,-0.000712,0.065692,-1.173404,0.000237,0.000598,-0.001025
155.982901,9937611,-0.000707,0.065696,-1.173401,-0.000237,0.001119,-0.000159
156.020144,9937646,-0.000699,0.065720,-1.173379,-0.000517,0.000893,-0.000332
156.051141,9937681,-0.000713,0.065711,-1.173377,-0.000744,0.000765,-0.000805
156.083732,9937717,-0.000715,0.065718,-1.173399,0.000450,-0.000339,-0.001512
156.121196,9937743,-0.000712,0.065724,-1.173416,0.000030,0.000295,-0.000674
156.152419,9937782,-0.000714,0.065747,-1.173432,0.000559,0.000143,0.000235
156.182933,9937815,-0.000748,0.065766,-1.173421,-0.000223,-0.000056,-0.000277
156.222079,9937850,-0.000743,0.065783,-1.173417,0.000329,0.000641,-0.000197
156.251166,9937878,-0.000750,0.065797,-1.173419,-0.000311,0.000787,-0.000298
156.283464,9937910,-0.000740,0.065809,-1.173429,0.000387,0.001642,-0.000537
156.320664,9937946,-0.000764,0.065830,-1.173434,-0.000259,0.000244,-0.000747
156.352534,9937979,-0.000748,0.065847,-1.173437,0.000439,0.001087,0.000018
156.383577,9938009,-0.000755,0.065854,-1.173438,0.000314,0.000306,-0.000183
156.422590,9938048,-0.000742,0.065861,-1.173440,-0.000295,0.000811,-0.000489
156.451363,9938077,-0.000729,0.065861,-1.173436,0.000748,-0.000322,0.000987
156.480090,9938117,-0.000704,0.065873,-1.173419,0.000342,0.001241,0.000091
156.521680,9938147,-0.000704,0.065879,-1.173422,0.000106,0.000736,-0.001452
156.550076,9938181,-0.000720,0.065893,-1.173422,-0.000759,0.000981,-0.001091
156.583930,9938216,-0.000721,0.065876,-1.173407,-0.000259,0.000467,0.000107
156.621845,9938249,-0.000708,0.065853,-1.173393,-0.000346,0.000911,-0.000003
156.653225,9938279,-0.000708,0.065848,-1.173394,0.000103,0.000827,-0.000091
156.683871,9938312,-0.000706,0.065837,-1.173396,-0.000039,0.000785,-0.001432
156.721181,9938348,-0.000705,0.065827,-1.173409,-0.000682,0.001345,-0.000633
156.752319,9938379,-0.000717,0.065838,-1.173423,-0.000359,0.001675,-0.001407
156.783746,9938414,-0.000734,0.065836,-1.173422,0.000044,0.000341,0.000240
156.821797,9938447,-0.000725,0.065811,-1.173421,-0.000192,0.000443,-0.000202
156.850734,9938471,-0.000735,0.065813,-1.173425,-0.000641,0.001238,-0.000770
156.884412,9938515,-0.000754,0.065792,-1.173430,0.000470,0.000476,0.000160
156.920899,9938546,-0.000744,0.065798,-1.173420,-0.000376,0.000311,-0.000442
156.953696,9938580,-0.000761,0.065818,-1.173418,-0.000641,0.000579,-0.000307
156.985837,9938612,-0.000766,0.065854,-1.173418,-0.000199,0.000674,-0.000430
157.021248,9938646,-0.000766,0.065862,-1.173420,-0.000395,0.000298,-0.000209
157.051462,9938680,-0.000775,0.065864,-1.173422,-0.000840,-0.000120,-0.000217
157.082701,9938712,-0.000785,0.065879,-1.173424,-0.000082,0.001481,-0.000747
157.120840,9938748,-0.000789,0.065898,-1.173433,0.000471,0.000887,-0.000843
157.151434,9938778,-0.000804,0.065912,-1.173432,0.000249,0.000313,-0.000181
157.182519,9938812,-0.000800,0.065935,-1.173419,-0.000005,0.000302,-0.000602
157.221203,9938844,-0.000795,0.065954,-1.173398,0.000720,0.000745,-0.000380
157.250352,9938877,-0.000795,0.065981,-1.173408,-0.000315,0.001044,-0.000339
157.283123,9938912,-0.000793,0.065998,-1.173414,0.000162,0.000196,-0.000222
157.321123,9938950,-0.000793,0.066009,-1.173441,-0.000554,0.000808,-0.000262
157.351459,9938980,-0.000801,0.066034,-1.173444,0.000063,-0.000105,0.000564
157.384517,9939015,-0.000797,0.066040,-1.173426,0.000859,0.000750,-0.000193
157.422209,9939048,-0.000787,0.066075,-1.173435,0.000164,0.002056,0.000162
157.451221,9939081,-0.000783,0.066120,-1.173440,-0.000374,0.000338,-0.000165
157.480547,9939111,-0.000797,0.066156,-1.173439,0.000511,0.001086,-0.000409
157.522746,9939145,-0.000781,0.066169,-1.173419,0.000268,0.000559,-0.000113
157.552373,9939175,-0.000769,0.066196,-1.173435,0.000375,0.001403,-0.000894
157.582883,9939215,-0.000762,0.066239,-1.173446,-0.000108,0.001127,-0.000225
157.620195,9939246,-0.000761,0.066257,-1.173437,0.000366,0.001170,-0.000917
157.654080,9939280,-0.000762,0.066291,-1.173438,0.000522,0.000462,-0.000088
157.683668,9939315,-0.000791,0.066320,-1.173421,-0.000595,0.001321,-0.000952
157.721162,9939345,-0.000807,0.066332,-1.173430,-0.000185,-0.000359,-0.000736
157.751108,9939375,-0.000797,0.066329,-1.173443,-0.000008,0.000573,-0.000949
157.783296,9939416,-0.000817,0.066354,-1.173471,-0.000053,0.000536,-0.001020
157.821826,9939445,-0.000822,0.066352,-1.173462,-0.000326,0.000906,-0.001064
157.852421,9939482,-0.000834,0.066376,-1.173470,0.000052,0.000800,-0.000210
157.882870,9939507,-0.000836,0.066385,-1.173463,0.000264,0.000640,-0.000511
157.921199,9939547,-0.000839,0.066412,-1.173465,-0.000190,0.001053,0.000049
157.951229,9939581,-0.000848,0.066425,-1.173458,-0.000133,-0.000150,0.000158
157.983234,9939613,-0.000857,0.066436,-1.173467,-0.000018,0.000649,-0.001151
158.021101,9939647,-0.000868,0.066442,-1.173497,-0.000734,0.000373,-0.000959
158.053679,9939680,-0.000873,0.066431,-1.173484,-0.000416,-0.000013,0.000982
158.083505,9939715,-0.000887,0.066421,-1.173479,0.000050,0.000656,-0.000008
158.120637,9939749,-0.000872,0.066417,-1.173470,-0.000292,0.000248,-0.000114
158.150357,9939778,-0.000864,0.066439,-1.173451,0.000255,0.001765,0.000077
158.183090,9939816,-0.000849,0.066440,-1.173435,0.000399,0.001128,-0.000329
158.221610,9939846,-0.000838,0.066424,-1.173440,0.000338,0.000033,-0.000472
158.253832,9939880,-0.000853,0.066426,-1.173438,-0.000438,0.000575,-0.000686
158.283304,9939915,-0.000844,0.066425,-1.173440,0.000264,0.001871,-0.000680
158.321494,9939947,-0.000832,0.066433,-1.173437,0.000427,0.001463,-0.000099
158.351361,9939978,-0.000828,0.066415,-1.173453,-0.000243,-0.000100,-0.000864
158.383417,9940011,-0.000823,0.066413,-1.173471,-0.000247,0.001028,-0.000023
158.421724,9940046,-0.000827,0.066412,-1.173482,-0.000306,0.000782,-0.000569
158.450411,9940079,-0.000818,0.066398,-1.173485,-0.000556,0.000813,-0.000109
158.482849,9940113,-0.000840,0.066411,-1.173492,-0.000716,0.000468,-0.000740
158.482849,9940146,-0.000850,0.066406,-1.173509,-0.000305,0.001023,-0.000809
158.550723,9940177,-0.000854,0.066407,-1.173514,-0.000137,0.001307,-0.000758
158.582837,9940215,-0.000881,0.066422,-1.173548,-0.000416,0.000746,0.000017
158.620257,9940247,-0.000886,0.066433,-1.173563,-0.000682,0.001690,-0.000013
158.652465,9940278,-0.000898,0.066455,-1.173591,-0.000158,0.001172,-0.000256
158.682744,9940313,-0.000886,0.066456,-1.173595,0.000155,0.000760,-0.001084
158.720985,9940349,-0.000879,0.066474,-1.173592,0.000186,0.000351,-0.000129
158.750442,9940380,-0.000877,0.066479,-1.173600,0.000503,0.001313,-0.000427
158.788450,9940413,-0.000868,0.066505,-1.173608,-0.000057,0.001592,0.000395
158.822218,9940446,-0.000871,0.066520,-1.173605,0.000060,0.000985,-0.000982
158.851598,9940476,-0.000871,0.066479,-1.173581,-0.000078,0.001190,-0.000723
158.883432,9940516,-0.000869,0.066457,-1.173578,0.000106,0.001352,-0.001114
158.921351,9940550,-0.000848,0.066457,-1.173575,0.000244,0.001112,-0.000525
158.952326,9940583,-0.000831,0.066437,-1.173585,0.000597,0.000781,-0.001301
158.982758,9940614,-0.000844,0.066405,-1.173577,-0.000608,0.000207,-0.000235
159.022018,9940643,-0.000837,0.066405,-1.173599,-0.000094,0.001437,-0.000539
159.050921,9940682,-0.000820,0.066354,-1.173585,-0.000045,0.000688,-0.000818
159.087510,9940715,-0.000807,0.066303,-1.173591,0.000278,-0.000129,-0.000837
159.117980,9940741,-0.000801,0.066268,-1.173579,-0.000379,0.000969,0.000464
159.151595,9940782,-0.000787,0.066241,-1.173573,0.000195,0.001206,-0.000453
159.183183,9940812,-0.000775,0.066211,-1.173564,0.000758,0.000918,-0.000504
159.221196,9940845,-0.000773,0.066177,-1.173539,0.000785,0.001490,-0.000630
159.252299,9940880,-0.000760,0.066114,-1.173532,0.000026,0.000252,0.000127
159.282269,9940911,-0.000757,0.066097,-1.173514,0.000580,0.000676,-0.000785
159.320826,9940945,-0.000741,0.066061,-1.173528,-0.000289,0.000820,-0.000481
159.351029,9940979,-0.000737,0.066031,-1.173525,0.000307,0.000942,-0.000543
159.382515,9941011,-0.000731,0.065991,-1.173513,-0.000139,0.000182,-0.000390
159.421019,9941046,-0.000718,0.065974,-1.173516,0.000331,0.000602,-0.000527
159.452149,9941077,-0.000712,0.065965,-1.173516,-0.000565,0.001073,-0.000470
159.484220,9941111,-0.000707,0.065946,-1.173521,-0.000119,0.002175,-0.000511
159.489231,9941148,-0.000700,0.065962,-1.173521,-0.000354,0.001114,-0.000366
159.551177,9941177,-0.000683,0.065911,-1.173494,0.000211,0.001016,-0.000106
159.583777,9941216,-0.000679,0.065865,-1.173462,0.000240,0.001430,-0.000780
159.621447,9941245,-0.000677,0.065839,-1.173453,-0.000678,0.000627,-0.000276
159.651000,9941282,-0.000669,0.065808,-1.173440,-0.000344,0.000403,-0.000598
159.684833,9941312,-0.000665,0.065784,-1.173423,-0.000537,0.001111,0.000104
159.720164,9941346,-0.000665,0.065746,-1.173430,-0.000232,0.000718,-0.000926
159.752733,9941383,-0.000650,0.065714,-1.173444,-0.000031,0.001940,-0.000925
159.783312,9941414,-0.000647,0.065689,-1.173431,-0.000489,0.001238,0.000519
159.821077,9941448,-0.000641,0.065672,-1.173414,0.000036,0.001468,-0.000260
159.850775,9941480,-0.000646,0.065662,-1.173417,0.000305,-0.000460,-0.000338
159.883760,9941514,-0.000643,0.065641,-1.173424,0.000258,0.001363,0.000077
159.920722,9941548,-0.000649,0.065670,-1.173430,-0.000550,0.001545,-0.000412
159.951783,9941578,-0.000637,0.065662,-1.173446,0.000444,0.001090,-0.000518
159.978727,9941615,-0.000610,0.065679,-1.173449,0.000799,0.000836,-0.000124
160.021741,9941644,-0.000617,0.065668,-1.173471,0.000022,0.001247,-0.001143
160.051471,9941680,-0.000636,0.065684,-1.173470,0.000284,0.001227,-0.000496
160.083028,9941715,-0.000648,0.065690,-1.173475,0.000170,0.000769,0.000207
160.120707,9941745,-0.000652,0.065706,-1.173479,-0.000819,0.000799,-0.000309
160.155186,9941780,-0.000647,0.065724,-1.173490,0.000452,0.000916,-0.000513
160.182922,9941813,-0.000631,0.065695,-1.173442,0.000032,0.000785,-0.000425
160.221431,9941848,-0.000640,0.065686,-1.173413,-0.000042,0.001341,0.000055
160.251544,9941881,-0.000629,0.065663,-1.173394,0.000289,0.000529,-0.000564
160.282589,9941914,-0.000634,0.065650,-1.173367,-0.000465,0.001190,-0.000515
160.320772,9941946,-0.000638,0.065631,-1.173362,0.000501,0.000641,-0.000584
160.350193,9941983,-0.000627,0.065624,-1.173343,0.000319,0.000709,-0.000208
160.385642,9942016,-0.000610,0.065619,-1.173333,0.000562,0.000289,-0.000451
160.421321,9942045,-0.000596,0.065606,-1.173335,0.000448,0.001319,-0.000703
160.450553,9942082,-0.000590,0.065601,-1.173344,-0.000289,0.000085,-0.000647
160.484344,9942109,-0.000587,0.065600,-1.173345,-0.001184,0.001188,-0.000388
160.489963,9942144,-0.000594,0.065591,-1.173333,-0.000837,0.000273,-0.000503
160.553244,9942179,-0.000614,0.065588,-1.173344,-0.000317,0.000099,-0.000142
160.585154,9942212,-0.000625,0.065580,-1.173345,-0.000803,0.000522,-0.000667
160.619409,9942246,-0.000627,0.065568,-1.173354,-0.000233,0.000435,-0.000032
160.655301,9942280,-0.000626,0.065571,-1.173365,-0.000418,0.000632,-0.000855
160.682352,9942314,-0.000626,0.065568,-1.173393,-0.000852,0.000372,-0.000245
160.720659,9942346,-0.000638,0.065570,-1.173397,-0.000478,0.000365,-0.000121
160.752911,9942383,-0.000642,0.065584,-1.173404,-0.000360,0.000758,-0.000188
160.783573,9942412,-0.000624,0.065617,-1.173403,0.000617,0.001769,-0.000071
160.822512,9942449,-0.000628,0.065637,-1.173417,0.000048,0.000516,-0.000408
160.850998,9942482,-0.000621,0.065673,-1.173413,0.000128,0.000505,-0.000097
160.889770,9942516,-0.000624,0.065668,-1.173410,0.000807,0.000816,-0.000067
160.920916,9942547,-0.000620,0.065686,-1.173415,-0.000686,0.001378,0.000493
160.953414,9942580,-0.000615,0.065726,-1.173385,0.000081,0.001157,0.000407
160.984345,9942617,-0.000610,0.065749,-1.173381,0.000112,0.000470,-0.000413
161.021369,9942645,-0.000616,0.065781,-1.173377,-0.000207,0.001586,0.000505
161.050293,9942679,-0.000610,0.065806,-1.173375,0.001128,0.001483,0.000072
161.084788,9942716,-0.000613,0.065825,-1.173386,0.000275,0.000544,-0.000974
161.121570,9942747,-0.000612,0.065841,-1.173386,0.000423,-0.000013,0.000375
161.151510,9942778,-0.000605,0.065853,-1.173380,0.000692,0.000269,-0.000599
161.183872,9942816,-0.000599,0.065868,-1.173377,-0.000016,0.001099,-0.000079
161.220959,9942843,-0.000601,0.065873,-1.173386,-0.000643,0.000836,-0.000628
161.253086,9942879,-0.000612,0.065896,-1.173396,0.000481,0.000780,0.000079
161.287744,9942913,-0.000601,0.065902,-1.173394,-0.000133,0.000406,-0.000668
161.318688,9942947,-0.000604,0.065925,-1.173413,0.000102,0.000490,-0.001263
161.348143,9942980,-0.000609,0.065953,-1.173433,-0.000108,0.000107,-0.000443
161.388770,9943016,-0.000607,0.065971,-1.173441,-0.000367,0.000853,-0.000286
161.418527,9943044,-0.000607,0.065987,-1.173438,0.000131,0.000657,0.000356
161.450052,9943081,-0.000612,0.066005,-1.173467,0.000444,0.000121,-0.000414
161.488837,9943116,-0.000610,0.066046,-1.173447,0.000236,0.001674,0.000715
161.491078,9943147,-0.000609,0.066063,-1.173465,-0.000488,0.000663,-0.001409
161.551569,9943183,-0.000625,0.066068,-1.173468,-0.000633,0.000571,-0.000780
161.589010,9943217,-0.000628,0.066077,-1.173472,-0.000640,0.001038,-0.001013
161.618395,9943246,-0.000621,0.066065,-1.173474,0.000165,0.001094,-0.001170
161.649358,9943282,-0.000613,0.066039,-1.173456,0.000369,0.000705,-0.000809
161.688508,9943313,-0.000606,0.066021,-1.173442,-0.000184,0.000406,-0.000050
161.720242,9943347,-0.000613,0.065975,-1.173415,-0.000825,-0.000364,-0.000719
161.748528,9943382,-0.000607,0.065959,-1.173398,-0.000115,0.001668,0.000089
161.789097,9943417,-0.000605,0.065951,-1.173396,0.000223,0.001225,-0.000489
161.821029,9943447,-0.000606,0.065922,-1.173419,0.000508,0.001687,-0.000963
161.849127,9943482,-0.000598,0.065907,-1.173406,-0.000365,0.000758,-0.000531
161.889580,9943515,-0.000596,0.065891,-1.173400,0.000203,0.000485,-0.000584
161.919682,9943547,-0.000597,0.065850,-1.173409,-0.000050,0.001062,-0.000656
161.949892,9943582,-0.000594,0.065837,-1.173405,-0.000323,0.000991,-0.000971
161.988214,9943612,-0.000604,0.065829,-1.173420,0.000081,0.000587,-0.000689
162.019786,9943642,-0.000593,0.065810,-1.173430,0.000265,0.000312,-0.001026
162.049738,9943681,-0.000575,0.065817,-1.173441,0.000077,0.000935,-0.000227
162.089187,9943712,-0.000577,0.065810,-1.173443,-0.000655,0.000159,-0.000159
162.121249,9943746,-0.000565,0.065795,-1.173432,-0.000262,0.001606,0.000172
162.149970,9943780,-0.000576,0.065800,-1.173429,0.000795,0.000840,0.000375
162.189362,9943814,-0.000574,0.065813,-1.173431,-0.000180,0.001961,-0.000306
162.219769,9943845,-0.000558,0.065828,-1.173423,0.000863,0.000740,-0.000499
162.249280,9943877,-0.000550,0.065822,-1.173413,-0.000357,0.000109,-0.001250
162.284048,9943915,-0.000556,0.065811,-1.173419,-0.000469,0.001623,-0.000674
162.319620,9943949,-0.000547,0.065808,-1.173418,-0.000153,0.001071,-0.000403
162.349454,9943982,-0.000556,0.065807,-1.173395,-0.000235,0.001713,0.000128
162.384133,9944015,-0.000554,0.065845,-1.173401,-0.000142,0.001423,-0.000562
162.420032,9944047,-0.000539,0.065848,-1.173382,0.000646,0.001220,-0.000112
162.450075,9944082,-0.000554,0.065834,-1.173387,-0.000407,0.000446,-0.000437
162.488836,9944112,-0.000552,0.065848,-1.173379,0.000479,0.000716,0.000373
162.498537,9944148,-0.000535,0.065811,-1.173368,-0.000102,-0.000820,-0.000338
162.550117,9944180,-0.000549,0.065817,-1.173372,-0.000321,0.000756,-0.001748
162.581975,9944214,-0.000542,0.065822,-1.173379,0.000021,0.000309,-0.000795
162.618710,9944246,-0.000531,0.065810,-1.173370,0.000456,0.000522,0.000451
162.648231,9944281,-0.000530,0.065814,-1.173342,0.000294,0.002019,0.000176
162.683952,9944312,-0.000532,0.065774,-1.173319,-0.000858,0.000532,0.000378
162.718980,9944347,-0.000527,0.065753,-1.173327,0.000844,-0.000122,-0.001431
162.751313,9944382,-0.000514,0.065741,-1.173343,0.000500,0.000967,-0.001263
162.783300,9944413,-0.000513,0.065714,-1.173341,-0.000465,0.000159,-0.000420
162.818988,9944439,-0.000514,0.065695,-1.173358,0.000893,0.000286,0.000319
162.848437,9944479,-0.000512,0.065661,-1.173351,-0.000306,0.001835,0.000280
162.889846,9944515,-0.000508,0.065624,-1.173355,-0.000266,0.002123,-0.000723
162.920986,9944540,-0.000511,0.065611,-1.173368,-0.000151,-0.000023,-0.000262
162.950684,9944580,-0.000489,0.065589,-1.173381,-0.000139,0.000379,-0.000401
162.988511,9944608,-0.000494,0.065568,-1.173384,-0.000103,0.000331,-0.000042
163.021276,9944647,-0.000489,0.065572,-1.173395,0.000811,0.001694,-0.000960
163.049702,9944680,-0.000482,0.065586,-1.173414,0.000170,0.001563,-0.000358
163.088962,9944713,-0.000482,0.065586,-1.173434,-0.000233,0.000579,-0.000593
163.119611,9944748,-0.000491,0.065578,-1.173432,0.000275,0.000344,-0.000025
163.149772,9944779,-0.000478,0.065589,-1.173418,0.000089,0.001145,0.000553
163.188821,9944811,-0.000459,0.065612,-1.173407,0.000563,0.000867,-0.000127
163.219590,9944838,-0.000463,0.065632,-1.173416,-0.000266,0.001418,-0.000423
163.250066,9944880,-0.000468,0.065653,-1.173400,-0.000616,0.001655,-0.000662
163.289486,9944916,-0.000477,0.065634,-1.173399,-0.000505,0.000633,-0.000325
163.319384,9944945,-0.000475,0.065621,-1.173378,-0.000405,0.000224,-0.000535
163.349836,9944976,-0.000479,0.065619,-1.173364,-0.000239,0.000510,0.000260
163.386406,9945015,-0.000484,0.065611,-1.173332,0.000380,0.000178,-0.000052
163.420654,9945033,-0.000491,0.065604,-1.173331,-0.001005,0.000153,-0.000956
163.453935,9945079,-0.000490,0.065621,-1.173316,-0.000258,0.000906,-0.000462
163.483761,9945107,-0.000498,0.065620,-1.173326,0.000664,0.000451,0.000373
163.497701,9945145,-0.000491,0.065634,-1.173328,0.000857,0.001372,-0.000347
163.554009,9945182,-0.000475,0.065657,-1.173339,0.000167,0.001036,-0.000030
163.585650,9945214,-0.000490,0.065687,-1.173345,-0.000897,0.000970,-0.000398
163.622562,9945247,-0.000490,0.065708,-1.173361,0.000147,0.000342,-0.000208
163.651891,9945279,-0.000488,0.065738,-1.173372,0.000221,0.001439,0.000438
163.685602,9945316,-0.000485,0.065756,-1.173359,-0.000389,0.001223,-0.000666
163.722207,9945349,-0.000464,0.065745,-1.173351,0.000753,0.000376,-0.000643
163.754462,9945378,-0.000451,0.065719,-1.173338,0.000419,0.001179,-0.000736
163.785414,9945414,-0.000451,0.065695,-1.173311,-0.000190,0.000780,0.000085
163.823501,9945449,-0.000452,0.065666,-1.173306,0.000099,-0.000031,-0.000468
163.852617,9945478,-0.000454,0.065653,-1.173298,0.000292,0.000404,-0.000974
163.884037,9945517,-0.000459,0.065620,-1.173306,0.000466,0.000046,-0.000603
163.921870,9945546,-0.000460,0.065606,-1.173307,-0.000077,0.000497,-0.001300
163.954836,9945577,-0.000485,0.065606,-1.173306,-0.000648,0.001656,-0.000382
163.983480,9945611,-0.000476,0.065590,-1.173329,-0.000509,0.001328,0.000251
164.022686,9945646,-0.000490,0.065582,-1.173327,-0.000474,0.000979,-0.000419
164.053466,9945681,-0.000493,0.065586,-1.173327,-0.000143,0.001498,-0.000482
164.086260,9945712,-0.000483,0.065583,-1.173345,0.000379,0.000696,-0.000284
164.119214,9945743,-0.000494,0.065573,-1.173351,-0.001316,0.000517,-0.000524
164.151779,9945778,-0.000512,0.065588,-1.173380,-0.000075,0.000149,-0.000598
164.182894,9945815,-0.000525,0.065594,-1.173383,-0.000552,0.000818,-0.000294
164.223128,9945846,-0.000540,0.065591,-1.173369,0.000450,0.000071,-0.000493
164.254157,9945881,-0.000540,0.065605,-1.173370,0.000729,0.001026,-0.000344
164.283810,9945912,-0.000524,0.065622,-1.173385,0.000163,0.000689,-0.000843
164.322468,9945950,-0.000534,0.065629,-1.173385,-0.000210,0.000810,0.000287
164.352687,9945982,-0.000547,0.065626,-1.173378,-0.000263,0.000753,-0.000626
164.382610,9946011,-0.000543,0.065622,-1.173378,-0.000650,-0.000375,-0.001533
