time,pos_x,pos_y,pos_z,vel_x,vel_y,vel_z,q0,q1,q2,q3,omega_x,omega_y,omega_z,mass,altitude,ground_range,alpha,beta,mach,fin_cmd_1,fin_cmd_2,fin_cmd_3,fin_cmd_4,fin_act_1,fin_act_2,fin_act_3,fin_act_4,force_x,force_y,force_z,lat,lon,alt_msl
0.010000,4393519.067327,4259900.829654,1795674.982111,-0.077555,-0.075196,0.531329,0.99144474,0.00049536,0.13052618,-0.00006521,0.10000000,0.00000000,0.00000000,12.7370,1200.0000,0.0000,0.00000000,0.00000000,0.000000,0.00000000,0.00000000,0.00000000,0.00000000,0.00000000,0.00000000,0.00000000,0.00000000,0.0000,0.0000,0.0000,16.45747200,44.11536100,1200.0000
0.020000,4393519.066173,4259900.828535,1795674.989567,-0.152902,-0.148252,0.941795,0.99144437,0.00099072,0.13052613,-0.00013041,0.10000000,0.00000000,0.00000000,12.7344,1200.0001,0.0023,0.00000000,0.00000000,0.001580,0.00000000,0.00000000,0.00000000,0.00000000,0.00000000,0.00000000,0.00000000,0.00000000,647.7998,0.0000,0.0000,16.45747202,44.11536100,1200.0001
0.030000,4393519.064270,4259900.826691,1795675.000869,-0.227680,-0.220755,1.321087,0.99144375,0.00148609,0.13052605,-0.00019562,0.10000000,0.00000000,0.00000000,12.7321,1200.0007,0.0099,0.00000000,0.00000000,0.002815,0.00000000,0.00000000,0.00000000,0.00000000,0.00000000,0.00000000,0.00000000,0.00000000,508.4594,0.0000,0.0000,16.45747209,44.11536100,1200.0007
0.040000,4393519.061619,4259900.824120,1795675.016015,-0.302698,-0.293490,1.713483,0.99144288,0.00198145,0.13052593,-0.00026083,0.10000000,0.00000000,0.00000000,12.7297,1200.0014,0.0215,0.00000000,0.00000000,0.003960,0.00000000,0.00000000,0.00000000,0.00000000,0.00000000,0.00000000,0.00000000,0.00000000,528.3637,0.0000,0.0000,16.45747219,44.11536100,1200.0014
0.050000,4393519.058213,4259900.820818,1795675.035295,-0.378550,-0.367034,2.151564,0.99144177,0.00247681,0.13052579,-0.00032603,0.10000000,0.00000000,0.00000000,12.7270,1200.0021,0.0371,0.00000000,0.00000000,0.005144,0.00000000,0.00000000,0.00000000,0.00000000,0.00000000,0.00000000,0.00000000,0.00000000,568.1789,0.0000,0.0000,16.45747233,44.11536100,1200.0021
0.060000,4393519.054044,4259900.816775,1795675.059255,-0.455499,-0.441642,2.649694,0.99144041,0.00297217,0.13052561,-0.00039124,0.10000000,0.00000000,0.00000000,12.7240,1200.0030,0.0569,0.00000000,0.00000000,0.006457,0.00000000,0.00000000,0.00000000,0.00000000,0.00000000,0.00000000,0.00000000,0.00000000,637.8506,0.0000,0.0000,16.45747251,44.11536100,1200.0030
0.070000,4393519.049100,4259900.811982,1795675.088472,-0.533379,-0.517152,3.198788,0.99143880,0.00346753,0.13052539,-0.00045644,0.10000000,0.00000000,0.00000000,12.7207,1200.0042,0.0815,0.00000000,0.00000000,0.007942,0.00000000,0.00000000,0.00000000,0.00000000,0.00000000,0.00000000,0.00000000,0.00000000,707.5193,0.0000,0.0000,16.45747274,44.11536100,1200.0042
0.080000,4393519.043375,4259900.806431,1795675.123336,-0.611833,-0.593219,3.779327,0.99143694,0.00396289,0.13052515,-0.00052165,0.10000000,0.00000000,0.00000000,12.7172,1200.0059,0.1115,0.00000000,0.00000000,0.009573,0.00000000,0.00000000,0.00000000,0.00000000,0.00000000,0.00000000,0.00000000,0.00000000,747.3379,0.0000,0.0000,16.45747301,44.11536100,1200.0059
0.090000,4393519.036863,4259900.800117,1795675.164111,-0.690601,-0.669589,4.376987,0.99143484,0.00445825,0.13052487,-0.00058685,0.10000000,0.00000000,0.00000000,12.7137,1200.0081,0.1472,0.00000000,0.00000000,0.011293,0.00000000,0.00000000,0.00000000,0.00000000,0.00000000,0.00000000,0.00000000,0.00000000,787.1470,0.0000,0.0000,16.45747333,44.11536100,1200.0081
0.100000,4393519.029563,4259900.793039,1795675.210876,-0.769371,-0.745961,4.974820,0.99143249,0.00495360,0.13052456,-0.00065206,0.09999956,-0.00000133,0.00000001,12.7101,1200.0110,0.1888,0.00000000,0.00000000,0.013063,0.00000000,0.00000000,0.00000000,0.00000000,0.00000000,0.00000000,0.00000000,0.00000000,797.1001,0.0000,0.0000,16.45747371,44.11536100,1200.0110
0.110000,4393519.021476,4259900.785198,1795675.263556,-0.847923,-0.822122,5.561080,0.99142989,0.00544895,0.13052419,-0.00071726,0.09999642,-0.00001135,0.00000013,12.7066,1200.0145,0.2365,0.18672177,0.00185654,0.014834,0.00000000,0.00000000,0.00000000,0.00000000,0.00000000,0.00000000,0.00000000,0.00000000,787.1446,-0.0001,-0.0100,16.45747414,44.11536100,1200.0145
0.120000,4393519.012604,4259900.776596,1795675.322098,-0.926428,-0.898236,6.144896,0.99142706,0.00594427,0.13052373,-0.00078247,0.09999208,-0.00002638,0.00000032,12.7032,1200.0186,0.2902,0.18381829,0.00201081,0.016572,0.00000000,0.00000000,0.00000000,0.00000000,0.00000000,0.00000000,0.00000000,0.00000000,787.1381,-0.0002,-0.0153,16.45747462,44.11536100,1200.0186
0.130000,4393519.002948,4259900.767234,1795675.386428,-1.004787,-0.974210,6.721044,0.99142399,0.00643957,0.13052314,-0.00084766,0.09998631,-0.00004803,0.00000063,12.6998,1200.0233,0.3499,0.18153487,0.00216667,0.018303,0.00000000,0.00000000,0.00000000,0.00000000,0.00000000,0.00000000,0.00000000,0.00000000,767.2355,-0.0003,-0.0226,16.45747516,44.11536100,1200.0233
0.140000,4393518.992508,4259900.757112,1795675.456520,-1.083145,-1.050181,7.297353,0.99142069,0.00693484,0.13052239,-0.00091285,0.09997881,-0.00007823,0.00000110,12.6963,1200.0287,0.4154,0.17984408,0.00232560,0.020012,0.00000000,0.00000000,0.00000000,0.00000000,0.00000000,0.00000000,0.00000000,0.00000000,767.2333,-0.0004,-0.0320,16.45747575,44.11536100,1200.0287
0.150000,4393518.981285,4259900.746230,1795675.532402,-1.161641,-1.126286,7.881661,0.99141716,0.00743006,0.13052143,-0.00097804,0.09996927,-0.00011937,0.00000180,12.6929,1200.0346,0.4867,0.17841365,0.00248478,0.021721,0.00000000,0.00000000,0.00000000,0.00000000,0.00000000,0.00000000,0.00000000,0.00000000,767.2305,-0.0006,-0.0441,16.45747640,44.11536100,1200.0346
0.160000,4393518.969275,4259900.734586,1795675.614180,-1.240321,-1.202570,8.476588,0.99141342,0.00792523,0.13052021,-0.00104321,0.09995730,-0.00017436,0.00000280,12.6894,1200.0411,0.5639,0.17701446,0.00264159,0.023454,0.00000000,0.00000000,0.00000000,0.00000000,0.00000000,0.00000000,0.00000000,0.00000000,787.1331,-0.0009,-0.0595,16.45747710,44.11536100,1200.0411
0.170000,4393518.956478,4259900.722178,1795675.701960,-1.319113,-1.278962,9.078214,0.99140948,0.00842033,0.13051863,-0.00110837,0.09994244,-0.00024671,0.00000421,12.6858,1200.0482,0.6470,0.17559046,0.00279524,0.025217,0.00000000,0.00000000,0.00000000,0.00000000,0.00000000,0.00000000,0.00000000,0.00000000,807.0272,-0.0012,-0.0789,16.45747785,44.11536100,1200.0482
0.180000,4393518.942893,4259900.709007,1795675.795745,-1.397870,-1.355320,9.678705,0.99140534,0.00891535,0.13051662,-0.00117352,0.09992429,-0.00034020,0.00000614,12.6823,1200.0560,0.7363,0.17422405,0.00294703,0.026999,0.00000000,0.00000000,0.00000000,0.00000000,0.00000000,0.00000000,0.00000000,0.00000000,797.0683,-0.0017,-0.1030,16.45747865,44.11536100,1200.0560
0.190000,4393518.928520,4259900.695072,1795675.895535,-1.476615,-1.431665,10.279372,0.99140103,0.00941026,0.13051405,-0.00123865,0.09990239,-0.00045913,0.00000874,12.6787,1200.0644,0.8315,0.17304318,0.00309938,0.028778,0.00000000,0.00000000,0.00000000,0.00000000,0.00000000,0.00000000,0.00000000,0.00000000,797.0699,-0.0023,-0.1320,16.45747951,44.11536100,1200.0644
0.200000,4393518.913360,4259900.680373,1795676.001359,-1.555462,-1.508109,10.886754,0.99139655,0.00990506,0.13051078,-0.00130375,0.09987623,-0.00060849,0.00001219,12.6751,1200.0735,0.9329,0.17199290,0.00325183,0.030558,0.00000000,0.00000000,0.00000000,0.00000000,0.00000000,0.00000000,0.00000000,0.00000000,797.0623,-0.0031,-0.1668,16.45748043,44.11536100,1200.0735
0.210000,4393518.897411,4259900.664909,1795676.113297,-1.634457,-1.584697,11.503463,0.99139194,0.01039971,0.13050665,-0.00136882,0.09984523,-0.00079414,0.00001671,12.6715,1200.0832,1.0403,0.17095057,0.00340232,0.032357,0.00000000,0.00000000,0.00000000,0.00000000,0.00000000,0.00000000,0.00000000,0.00000000,807.0159,-0.0041,-0.2085,16.45748140,44.11536100,1200.0832
0.220000,4393518.880671,4259900.648679,1795676.231455,-1.713548,-1.661378,12.126900,0.99138722,0.01089420,0.13050147,-0.00143385,0.09980871,-0.00102291,0.00002254,12.6678,1200.0936,1.1540,0.16987801,0.00355009,0.034183,0.00000000,0.00000000,0.00000000,0.00000000,0.00000000,0.00000000,0.00000000,0.00000000,826.9019,-0.0053,-0.2581,16.45748243,44.11536100,1200.0936
0.230000,4393518.863140,4259900.631682,1795676.355835,-1.792636,-1.738055,12.751833,0.99138242,0.01138849,0.13049499,-0.00149884,0.09976607,-0.00130189,0.00002999,12.6641,1200.1047,1.2739,0.16881646,0.00369594,0.036028,0.00000000,0.00000000,0.00000000,0.00000000,0.00000000,0.00000000,0.00000000,0.00000000,816.9469,-0.0068,-0.3166,16.45748351,44.11536100,1200.1047
0.240000,4393518.844817,4259900.613917,1795676.486518,-1.871835,-1.814839,13.384796,0.99137758,0.01188255,0.13048697,-0.00156378,0.09971654,-0.00163951,0.00003941,12.6604,1200.1166,1.4000,0.16783195,0.00384138,0.037877,0.00000000,0.00000000,0.00000000,0.00000000,0.00000000,0.00000000,0.00000000,0.00000000,836.8285,-0.0087,-0.3846,16.45748465,44.11536100,1200.1166
0.250000,4393518.825703,4259900.595385,1795676.623532,-1.951022,-1.891611,14.019252,0.99137274,0.01237635,0.13047707,-0.00162865,0.09965940,-0.00204476,0.00005120,12.6566,1200.1291,1.5326,0.16683302,0.00398447,0.039750,0.00000000,0.00000000,0.00000000,0.00000000,0.00000000,0.00000000,0.00000000,0.00000000,836.8116,-0.0109,-0.4637,16.45748585,44.11536100,1200.1291
0.260000,4393518.805797,4259900.576085,1795676.766930,-2.030286,-1.968458,14.660442,0.99136794,0.01286984,0.13046494,-0.00169344,0.09959384,-0.00252780,0.00006582,12.6529,1200.1424,1.6715,0.16589735,0.00412707,0.041627,0.00000000,0.00000000,0.00000000,0.00000000,0.00000000,0.00000000,0.00000000,0.00000000,846.7445,-0.0136,-0.5547,16.45748710,44.11536100,1200.1424
0.270000,4393518.785098,4259900.556016,1795676.916741,-2.109502,-2.045259,15.301816,0.99136325,0.01336300,0.13045017,-0.00175813,0.09951902,-0.00309957,0.00008380,12.6491,1200.1564,1.8168,0.16495760,0.00426763,0.043523,0.00000000,0.00000000,0.00000000,0.00000000,0.00000000,0.00000000,0.00000000,0.00000000,846.7336,-0.0168,-0.6592,16.45748842,44.11536100,1200.1564
0.280000,4393518.763607,4259900.535180,1795677.072967,-2.188665,-2.122008,15.943377,0.99135872,0.01385576,0.13043228,-0.00182272,0.09943411,-0.00377172,0.00010574,12.6453,1200.1712,1.9687,0.16408227,0.00440795,0.045419,0.00000000,0.00000000,0.00000000,0.00000000,0.00000000,0.00000000,0.00000000,0.00000000,846.7077,-0.0206,-0.7779,16.45748979,44.11536100,1200.1712
0.290000,4393518.741325,4259900.513576,1795677.235609,-2.267793,-2.198722,16.586429,0.99135443,0.01434808,0.13041076,-0.00188718,0.09933827,-0.00455682,0.00013229,12.6415,1200.1868,2.1269,0.16326153,0.00454793,0.047317,0.00000000,0.00000000,0.00000000,0.00000000,0.00000000,0.00000000,0.00000000,0.00000000,846.6783,-0.0250,-0.9118,16.45749122,44.11536100,1200.1868
0.300000,4393518.718250,4259900.491205,1795677.404749,-2.347097,-2.275606,17.242767,0.99135045,0.01483990,0.13038501,-0.00195149,0.09923044,-0.00546971,0.00016425,12.6376,1200.2031,2.2917,0.16247434,0.00468712,0.049218,0.00000000,0.00000000,0.00000000,0.00000000,0.00000000,0.00000000,0.00000000,0.00000000,856.5982,-0.0301,-1.0624,16.45749271,44.11536100,1200.2031
0.310000,4393518.694383,4259900.468064,1795677.580465,-2.426352,-2.352442,17.900587,0.99134688,0.01533116,0.13035434,-0.00201563,0.09910950,-0.00652657,0.00020248,12.6338,1200.2202,2.4630,0.16160630,0.00482223,0.051158,0.00000000,0.00000000,0.00000000,0.00000000,0.00000000,0.00000000,0.00000000,0.00000000,866.4846,-0.0362,-1.2337,16.45749426,44.11536100,1200.2202
0.320000,4393518.669723,4259900.444156,1795677.762761,-2.505527,-2.429201,18.558584,0.99134382,0.01582181,0.13031801,-0.00207956,0.09897444,-0.00774360,0.00024794,12.6299,1200.2381,2.6409,0.16076898,0.00495639,0.053102,0.00000000,0.00000000,0.00000000,0.00000000,0.00000000,0.00000000,0.00000000,0.00000000,866.4558,-0.0432,-1.4250,16.45749586,44.11536100,1200.2381
0.330000,4393518.644273,4259900.419481,1795677.951611,-2.584496,-2.505758,19.210196,0.99134137,0.01631176,0.13027519,-0.00214325,0.09882431,-0.00913753,0.00030165,12.6261,1200.2568,2.8254,0.15996728,0.00508984,0.055046,0.00000000,0.00000000,0.00000000,0.00000000,0.00000000,0.00000000,0.00000000,0.00000000,866.3927,-0.0512,-1.6376,16.45749753,44.11536100,1200.2568
0.340000,4393518.618034,4259900.394041,1795678.146966,-2.663372,-2.582227,19.861987,0.99133966,0.01680094,0.13022494,-0.00220667,0.09865819,-0.01072546,0.00036470,12.6222,1200.2763,3.0165,0.15924753,0.00522418,0.056972,0.00000000,0.00000000,0.00000000,0.00000000,0.00000000,0.00000000,0.00000000,0.00000000,856.4181,-0.0603,-1.8710,16.45749926,44.11536100,1200.2763
0.350000,4393518.591006,4259900.367836,1795678.348878,-2.742273,-2.658718,20.520497,0.99133883,0.01728929,0.13016627,-0.00226979,0.09847486,-0.01252793,0.00043839,12.6184,1200.2966,3.2142,0.15854619,0.00535748,0.058899,0.00000000,0.00000000,0.00000000,0.00000000,0.00000000,0.00000000,0.00000000,0.00000000,866.2975,-0.0706,-2.1282,16.45750104,44.11536100,1200.2966
0.360000,4393518.563189,4259900.340867,1795678.557376,-2.821044,-2.735082,21.177844,0.99133902,0.01777670,0.13009805,-0.00233254,0.09827315,-0.01456620,0.00052410,12.6145,1200.3177,3.4184,0.15780829,0.00548790,0.060844,0.00000000,0.00000000,0.00000000,0.00000000,0.00000000,0.00000000,0.00000000,0.00000000,866.2165,-0.0824,-2.4129,16.45750289,44.11536100,1200.3177
0.370000,4393518.534586,4259900.313136,1795678.772409,-2.899555,-2.811195,21.827472,0.99134039,0.01826310,0.13001906,-0.00239490,0.09805207,-0.01686040,0.00062327,12.6107,1200.3396,3.6293,0.15709088,0.00561732,0.062787,0.00000000,0.00000000,0.00000000,0.00000000,0.00000000,0.00000000,0.00000000,0.00000000,856.2097,-0.0956,-2.7243,16.45750480,44.11536100,1200.3396
0.380000,4393518.505199,4259900.284644,1795678.993900,-2.977828,-2.887075,22.470706,0.99134312,0.01874839,0.12992799,-0.00245680,0.09781076,-0.01943048,0.00073737,12.6069,1200.3623,3.8468,0.15643356,0.00574721,0.064707,0.00000000,0.00000000,0.00000000,0.00000000,0.00000000,0.00000000,0.00000000,0.00000000,846.2160,-0.1103,-3.0609,16.45750676,44.11536100,1200.3623
0.390000,4393518.475029,4259900.255394,1795679.221824,-3.056007,-2.962863,23.115370,0.99134739,0.01923247,0.12982341,-0.00251818,0.09754820,-0.02229870,0.00086808,12.6031,1200.3858,4.0708,0.15581678,0.00587700,0.066608,0.00000000,0.00000000,0.00000000,0.00000000,0.00000000,0.00000000,0.00000000,0.00000000,846.1350,-0.1267,-3.4241,16.45750879,44.11536100,1200.3858
0.400000,4393518.444079,4259900.225387,1795679.456208,-3.134035,-3.038505,23.758837,0.99135341,0.01971524,0.12970378,-0.00257899,0.09726312,-0.02549014,0.00101723,12.5993,1200.4101,4.3012,0.15518005,0.00600446,0.068514,0.00000000,0.00000000,0.00000000,0.00000000,0.00000000,0.00000000,0.00000000,0.00000000,855.9440,-0.1449,-3.8183,16.45751087,44.11536100,1200.4101
0.410000,4393518.412350,4259900.194625,1795679.696974,-3.211784,-3.113875,24.394536,0.99136139,0.02019659,0.12956744,-0.00263914,0.09695470,-0.02902655,0.00118663,12.5955,1200.4351,4.5382,0.15453625,0.00613001,0.070416,0.00000000,0.00000000,0.00000000,0.00000000,0.00000000,0.00000000,0.00000000,0.00000000,835.9601,-0.1650,-4.2437,16.45751301,44.11536100,1200.4351
0.420000,4393518.379844,4259900.163110,1795679.944099,-3.289405,-3.189120,25.030354,0.99137156,0.02067642,0.12941261,-0.00269857,0.09662190,-0.03293226,0.00137827,12.5918,1200.4610,4.7815,0.15392075,0.00625502,0.072296,0.00000000,0.00000000,0.00000000,0.00000000,0.00000000,0.00000000,0.00000000,0.00000000,835.8573,-0.1870,-4.6978,16.45751521,44.11536100,1200.4610
0.430000,4393518.346562,4259900.130843,1795680.197582,-3.366897,-3.264238,25.666270,0.99138417,0.02115461,0.12923741,-0.00275718,0.09626357,-0.03723338,0.00159428,12.5881,1200.4876,5.0313,0.15327730,0.00637722,0.074175,0.00000000,0.00000000,0.00000000,0.00000000,0.00000000,0.00000000,0.00000000,0.00000000,835.7466,-0.2112,-5.1855,16.45751747,44.11536100,1200.4876
0.440000,4393518.312507,4259900.097826,1795680.457398,-3.444100,-3.339076,26.294399,0.99139947,0.02163104,0.12903980,-0.00281490,0.09587868,-0.04195529,0.00183688,12.5844,1200.5149,5.2875,0.15260147,0.00649632,0.076055,0.00000000,0.00000000,0.00000000,0.00000000,0.00000000,0.00000000,0.00000000,0.00000000,835.6070,-0.2378,-5.7080,16.45751978,44.11536100,1200.5149
0.450000,4393518.277681,4259900.064063,1795680.723444,-3.521018,-3.413635,26.914734,0.99141773,0.02210558,0.12881764,-0.00287162,0.09546661,-0.04711925,0.00210815,12.5807,1200.5430,5.5501,0.15193331,0.00661392,0.077913,0.00000000,0.00000000,0.00000000,0.00000000,0.00000000,0.00000000,0.00000000,0.00000000,815.6163,-0.2666,-6.2608,16.45752215,44.11536100,1200.5430
0.460000,4393518.242087,4259900.029554,1795680.995693,-3.597812,-3.488074,27.535153,0.99143923,0.02257811,0.12856867,-0.00292724,0.09502638,-0.05275057,0.00241044,12.5771,1200.5719,5.8189,0.15126472,0.00672965,0.079748,0.00000000,0.00000000,0.00000000,0.00000000,0.00000000,0.00000000,0.00000000,0.00000000,815.4835,-0.2976,-6.8438,16.45752458,44.11536100,1200.5719
0.470000,4393518.205725,4259899.994302,1795681.274147,-3.674490,-3.562398,28.155638,0.99146428,0.02304850,0.12829051,-0.00298165,0.09455690,-0.05887615,0.00274626,12.5734,1200.6015,6.0940,0.15054531,0.00684121,0.081583,0.00000000,0.00000000,0.00000000,0.00000000,0.00000000,0.00000000,0.00000000,0.00000000,815.3197,-0.3313,-7.4629,16.45752707,44.11536100,1200.6015
0.480000,4393518.168597,4259899.958306,1795681.558806,-3.751028,-3.636585,28.774863,0.99149318,0.02351661,0.12798062,-0.00303474,0.09405706,-0.06552299,0.00311820,12.5698,1200.6318,6.3753,0.14977042,0.00694820,0.083418,0.00000000,0.00000000,0.00000000,0.00000000,0.00000000,0.00000000,0.00000000,0.00000000,815.1681,-0.3676,-8.1186,16.45752961,44.11536100,1200.6318
0.490000,4393518.130705,4259899.921570,1795681.849645,-3.827468,-3.710674,29.394165,0.99152624,0.02398230,0.12763636,-0.00308636,0.09352592,-0.07271610,0.00352881,12.5662,1200.6628,6.6629,0.14894183,0.00705053,0.085250,0.00000000,0.00000000,0.00000000,0.00000000,0.00000000,0.00000000,0.00000000,0.00000000,805.0540,-0.4068,-8.8101,16.45753221,44.11536100,1200.6628
0.500000,4393518.092048,4259899.884093,1795682.146689,-3.903817,-3.784673,30.013509,0.99156380,0.02444544,0.12725494,-0.00313640,0.09296226,-0.08048387,0.00398092,12.5625,1200.6946,6.9567,0.14804741,0.00714742,0.087082,0.00000000,0.00000000,0.00000000,0.00000000,0.00000000,0.00000000,0.00000000,0.00000000,814.8359,-0.4488,-9.5388,16.45753486,44.11536100,1200.6946
0.510000,4393518.052629,4259899.845878,1795682.449889,-3.979942,-3.858453,30.626314,0.99160619,0.02490586,0.12683344,-0.00318470,0.09236533,-0.08884808,0.00447707,12.5589,1200.7271,7.2568,0.14708194,0.00723840,0.088913,0.00000000,0.00000000,0.00000000,0.00000000,0.00000000,0.00000000,0.00000000,0.00000000,804.7012,-0.4938,-10.3046,16.45753758,44.11536100,1200.7271
0.520000,4393518.012450,4259899.806924,1795682.759216,-4.056011,-3.932177,31.239157,0.99165376,0.02536341,0.12636884,-0.00323111,0.09173426,-0.09783135,0.00501989,12.5553,1200.7604,7.5631,0.14607104,0.00732453,0.090726,0.00000000,0.00000000,0.00000000,0.00000000,0.00000000,0.00000000,0.00000000,0.00000000,804.5108,-0.5415,-11.1001,16.45754034,44.11536100,1200.7604
0.530000,4393517.971509,4259899.767234,1795683.074672,-4.132045,-4.005863,31.852030,0.99170685,0.02581795,0.12585799,-0.00327548,0.09106805,-0.10745712,0.00561214,12.5517,1200.7943,7.8755,0.14497690,0.00740373,0.092539,0.00000000,0.00000000,0.00000000,0.00000000,0.00000000,0.00000000,0.00000000,0.00000000,804.3094,-0.5922,-11.9311,16.45754317,44.11536100,1200.7943
0.540000,4393517.929809,4259899.726807,1795683.396257,-4.208102,-4.079569,32.466242,0.99176581,0.02626931,0.12529764,-0.00331764,0.09036569,-0.11774742,0.00625651,12.5481,1200.8290,8.1942,0.14379393,0.00747545,0.094352,0.00000000,0.00000000,0.00000000,0.00000000,0.00000000,0.00000000,0.00000000,0.00000000,804.0965,-0.6458,-12.7967,16.45754605,44.11536100,1200.8290
0.550000,4393517.887347,4259899.685643,1795683.723997,-4.284176,-4.153287,33.080470,0.99183099,0.02671733,0.12468443,-0.00335741,0.08962603,-0.12872498,0.00695581,12.5445,1200.8644,8.5190,0.14251077,0.00753883,0.096169,0.00000000,0.00000000,0.00000000,0.00000000,0.00000000,0.00000000,0.00000000,0.00000000,813.7986,-0.7026,-13.6972,16.45754898,44.11536100,1200.8644
0.560000,4393517.844125,4259899.643741,1795684.057866,-4.360303,-4.227053,33.694715,0.99190273,0.02716182,0.12401488,-0.00339461,0.08884830,-0.14040535,0.00771246,12.5409,1200.9006,8.8500,0.14112738,0.00759358,0.097986,0.00000000,0.00000000,0.00000000,0.00000000,0.00000000,0.00000000,0.00000000,0.00000000,803.6601,-0.7623,-14.6295,16.45755197,44.11536100,1200.9006
0.570000,4393517.800140,4259899.601100,1795684.397917,-4.436802,-4.301177,34.314246,0.99198133,0.02760265,0.12328572,-0.00342906,0.08804401,-0.15262658,0.00851887,12.5373,1200.9374,9.1871,0.13963795,0.00763907,0.099803,0.00000000,0.00000000,0.00000000,0.00000000,0.00000000,0.00000000,0.00000000,0.00000000,813.3100,-0.8249,-15.5915,16.45755502,44.11536100,1200.9374
0.580000,4393517.755388,4259899.557717,1795684.744125,-4.513590,-4.375578,34.927277,0.99206692,0.02803974,0.12249502,-0.00346063,0.08723082,-0.16513166,0.00936140,12.5336,1200.9750,9.5306,0.13802135,0.00767385,0.101635,0.00000000,0.00000000,0.00000000,0.00000000,0.00000000,0.00000000,0.00000000,0.00000000,803.2441,-0.8624,-16.0534,16.45755812,44.11536100,1200.9750
0.590000,4393517.709865,4259899.513586,1795685.096489,-4.591126,-4.450701,35.546961,0.99215950,0.02847306,0.12164142,-0.00348919,0.08640953,-0.17789882,0.01023922,12.5300,1201.0133,9.8802,0.13632972,0.00770048,0.103449,0.00000000,0.00000000,0.00000000,0.00000000,0.00000000,0.00000000,0.00000000,0.00000000,803.1186,-0.8961,-16.4363,16.45756128,44.11536100,1201.0133
0.600000,4393517.663563,4259899.468701,1795685.455064,-4.669324,-4.526464,36.168034,0.99225909,0.02890258,0.12072363,-0.00351464,0.08558024,-0.19091460,0.01115188,12.5264,1201.0523,10.2360,0.13451078,0.00771582,0.105283,0.00000000,0.00000000,0.00000000,0.00000000,0.00000000,0.00000000,0.00000000,0.00000000,812.9151,-0.9295,-16.8061,16.45756450,44.11536100,1201.0523
0.610000,4393517.616477,4259899.423056,1795685.819824,-4.748045,-4.602730,36.783915,0.99236564,0.02932827,0.11974044,-0.00353687,0.08474324,-0.20416117,0.01209862,12.5228,1201.0921,10.5981,0.13258425,0.00772073,0.107121,0.00000000,0.00000000,0.00000000,0.00000000,0.00000000,0.00000000,0.00000000,0.00000000,812.7842,-0.9623,-17.1585,16.45756777,44.11536100,1201.0921
0.620000,4393517.568599,4259899.376643,1795686.190769,-4.827710,-4.679910,37.405138,0.99247912,0.02975008,0.11869070,-0.00355577,0.08389876,-0.21762014,0.01307855,12.5191,1201.1325,10.9664,0.13057261,0.00771626,0.108944,0.00000000,0.00000000,0.00000000,0.00000000,0.00000000,0.00000000,0.00000000,0.00000000,812.6819,-0.9943,-17.4886,16.45757110,44.11536100,1201.1325
0.630000,4393517.519920,4259899.329455,1795686.567927,-4.908221,-4.757906,38.026416,0.99259943,0.03016800,0.11757340,-0.00357124,0.08304697,-0.23127245,0.01409070,12.5155,1201.1737,11.3410,0.12843760,0.00769998,0.110784,0.00000000,0.00000000,0.00000000,0.00000000,0.00000000,0.00000000,0.00000000,0.00000000,812.5482,-1.0254,-17.7993,16.45757448,44.11536100,1201.1737
0.640000,4393517.470432,4259899.281482,1795686.951298,-4.989655,-4.836794,38.647743,0.99272646,0.03058198,0.11638759,-0.00358316,0.08218810,-0.24509648,0.01513382,12.5118,1201.2155,11.7218,0.12619738,0.00767269,0.112624,0.00000000,0.00000000,0.00000000,0.00000000,0.00000000,0.00000000,0.00000000,0.00000000,812.4129,-1.0553,-18.0862,16.45757792,44.11536100,1201.2155
0.650000,4393517.420124,4259899.232716,1795687.340882,-5.072093,-4.916652,39.269109,0.99286007,0.03099200,0.11513244,-0.00359146,0.08132238,-0.25906897,0.01620651,12.5082,1201.2580,12.1089,0.12385140,0.00763416,0.114465,0.00000000,0.00000000,0.00000000,0.00000000,0.00000000,0.00000000,0.00000000,0.00000000,812.2759,-1.0839,-18.3473,16.45758142,44.11536100,1201.2580
0.660000,4393517.368986,4259899.183145,1795687.736680,-5.155616,-4.997559,39.890507,0.99300007,0.03139803,0.11380724,-0.00359602,0.08045004,-0.27316501,0.01730715,12.5045,1201.3012,12.5023,0.12139936,0.00758415,0.116307,0.00000000,0.00000000,0.00000000,0.00000000,0.00000000,0.00000000,0.00000000,0.00000000,812.1374,-1.1110,-18.5805,16.45758498,44.11536100,1201.3012
0.670000,4393517.317008,4259899.132761,1795688.138692,-5.240367,-5.079653,40.513248,0.99314626,0.03180002,0.11241141,-0.00359677,0.07957131,-0.28735804,0.01843396,12.5009,1201.3450,12.9020,0.11884116,0.00752245,0.118150,0.00000000,0.00000000,0.00000000,0.00000000,0.00000000,0.00000000,0.00000000,0.00000000,811.9972,-1.1364,-18.7838,16.45758859,44.11536100,1201.3450
0.680000,4393517.264175,4259899.081548,1795688.546945,-5.326373,-5.162961,41.136004,0.99329839,0.03219794,0.11094451,-0.00359362,0.07868637,-0.30162073,0.01958498,12.4972,1201.3895,13.3080,0.11617324,0.00744862,0.119998,0.00000000,0.00000000,0.00000000,0.00000000,0.00000000,0.00000000,0.00000000,0.00000000,821.7763,-1.1599,-18.9556,16.45759226,44.11536100,1201.3895
0.690000,4393517.210476,4259899.029497,1795688.961412,-5.413727,-5.247572,41.758779,0.99345619,0.03259177,0.10940621,-0.00358649,0.07779551,-0.31592228,0.02075796,12.4935,1201.4346,13.7203,0.11339978,0.00736274,0.121846,0.00000000,0.00000000,0.00000000,0.00000000,0.00000000,0.00000000,0.00000000,0.00000000,811.7442,-1.1812,-19.0932,16.45759598,44.11536100,1201.4346
0.700000,4393517.155894,4259898.976591,1795689.382147,-5.502773,-5.333820,42.386801,0.99361933,0.03298146,0.10779638,-0.00357532,0.07689885,-0.33023291,0.02195060,12.4899,1201.4803,14.1389,0.11052163,0.00726467,0.123696,0.00000000,0.00000000,0.00000000,0.00000000,0.00000000,0.00000000,0.00000000,0.00000000,821.4867,-1.2001,-19.1946,16.45759976,44.11536100,1201.4803
0.710000,4393517.100415,4259898.922816,1795689.809148,-5.593357,-5.421557,43.014819,0.99378749,0.03336698,0.10611500,-0.00356005,0.07599663,-0.34451943,0.02316027,12.4862,1201.5266,14.5638,0.10752621,0.00715340,0.125562,0.00000000,0.00000000,0.00000000,0.00000000,0.00000000,0.00000000,0.00000000,0.00000000,811.4188,-1.2166,-19.2600,16.45760360,44.11536100,1201.5266
0.720000,4393517.044021,4259898.868155,1795690.242443,-5.685639,-5.510936,43.644119,0.99396028,0.03374829,0.10436224,-0.00354061,0.07509050,-0.35875090,0.02438419,12.4825,1201.5734,14.9951,0.10442895,0.00702976,0.127429,0.00000000,0.00000000,0.00000000,0.00000000,0.00000000,0.00000000,0.00000000,0.00000000,821.2225,-1.2302,-19.2843,16.45760750,44.11536100,1201.5734
0.730000,4393516.986696,4259898.812591,1795690.682031,-5.779645,-5.601984,44.273361,0.99413730,0.03412537,0.10253841,-0.00351697,0.07418214,-0.37289348,0.02561933,12.4788,1201.6209,15.4328,0.10122820,0.00689348,0.129300,0.00000000,0.00000000,0.00000000,0.00000000,0.00000000,0.00000000,0.00000000,0.00000000,821.0718,-1.2409,-19.2617,16.45761146,44.11536100,1201.6209
0.740000,4393516.928422,4259898.756109,1795691.127910,-5.875468,-5.694791,44.902526,0.99431810,0.03449819,0.10064401,-0.00348909,0.07327186,-0.38690966,0.02686242,12.4751,1201.6689,15.8770,0.09792911,0.00674475,0.131173,0.00000000,0.00000000,0.00000000,0.00000000,0.00000000,0.00000000,0.00000000,0.00000000,820.9195,-1.2482,-19.1938,16.45761547,44.11536100,1201.6689
0.750000,4393516.869181,4259898.698689,1795691.580081,-5.973202,-5.789448,45.531593,0.99450222,0.03486673,0.09867974,-0.00345695,0.07235997,-0.40076044,0.02811003,12.4714,1201.7173,16.3275,0.09453377,0.00658358,0.133047,0.00000000,0.00000000,0.00000000,0.00000000,0.00000000,0.00000000,0.00000000,0.00000000,820.7657,-1.2520,-19.0784,16.45761954,44.11536100,1201.7173
0.760000,4393516.808952,4259898.640314,1795692.038542,-6.072943,-5.886047,46.160541,0.99468917,0.03523097,0.09664647,-0.00342054,0.07144678,-0.41440546,0.02935847,12.4677,1201.7663,16.7844,0.09104465,0.00641004,0.134923,0.00000000,0.00000000,0.00000000,0.00000000,0.00000000,0.00000000,0.00000000,0.00000000,820.6105,-1.2520,-18.9137,16.45762367,44.11536100,1201.7663
0.770000,4393516.747715,4259898.580962,1795692.503291,-6.174783,-5.984679,46.789347,0.99487841,0.03559088,0.09454531,-0.00337984,0.07053260,-0.42780303,0.03060390,12.4640,1201.8158,17.2478,0.08746455,0.00622420,0.136799,0.00000000,0.00000000,0.00000000,0.00000000,0.00000000,0.00000000,0.00000000,0.00000000,820.4538,-1.2481,-18.6977,16.45762786,44.11536100,1201.8158
0.780000,4393516.685449,4259898.520613,1795692.974328,-6.278816,-6.085437,47.417985,0.99506940,0.03594644,0.09237755,-0.00333487,0.06961773,-0.44091025,0.03184225,12.4603,1201.8657,17.7175,0.08379665,0.00602619,0.138677,0.00000000,0.00000000,0.00000000,0.00000000,0.00000000,0.00000000,0.00000000,0.00000000,820.2957,-1.2400,-18.4286,16.45763210,44.11536100,1201.8657
0.790000,4393516.622129,4259898.459244,1795693.451677,-6.385534,-6.188794,48.051704,0.99526158,0.03629761,0.09014473,-0.00328566,0.06870241,-0.45368386,0.03306933,12.4566,1201.9159,18.1937,0.08004449,0.00581619,0.140555,0.00000000,0.00000000,0.00000000,0.00000000,0.00000000,0.00000000,0.00000000,0.00000000,820.1362,-1.2274,-18.1048,16.45763641,44.11536100,1201.9159
0.800000,4393516.557732,4259898.396831,1795693.935335,-6.494028,-6.293872,48.677357,0.99545435,0.03664439,0.08784858,-0.00323223,0.06778693,-0.46607874,0.03428072,12.4529,1201.9666,18.6764,0.07620346,0.00559379,0.142451,0.00000000,0.00000000,0.00000000,0.00000000,0.00000000,0.00000000,0.00000000,0.00000000,819.9739,-1.2104,-17.7263,16.45764077,44.11536100,1201.9666
0.810000,4393516.492240,4259898.333358,1795694.425223,-6.604881,-6.401236,49.301391,0.99564712,0.03698673,0.08549108,-0.00317462,0.06687184,-0.47804476,0.03547168,12.4492,1202.0176,19.1656,0.07229868,0.00536075,0.144324,0.00000000,0.00000000,0.00000000,0.00000000,0.00000000,0.00000000,0.00000000,0.00000000,799.9061,-1.1883,-17.2871,16.45764519,44.11536100,1202.0176
0.820000,4393516.425626,4259898.268798,1795694.921362,-6.718621,-6.511397,49.929087,0.99583925,0.03732462,0.08307453,-0.00311291,0.06595851,-0.48950819,0.03663753,12.4454,1202.0690,19.6611,0.06832443,0.00511665,0.146195,0.00000000,0.00000000,0.00000000,0.00000000,0.00000000,0.00000000,0.00000000,0.00000000,809.8133,-1.1612,-16.7892,16.45764967,44.11536100,1202.0690
0.830000,4393516.357857,4259898.203119,1795695.423830,-6.835589,-6.624687,50.563069,0.99603011,0.03765805,0.08060156,-0.00304715,0.06504748,-0.50041455,0.03777351,12.4417,1202.1205,20.1631,0.06427853,0.00486128,0.148078,0.00000000,0.00000000,0.00000000,0.00000000,0.00000000,0.00000000,0.00000000,0.00000000,829.4014,-1.1290,-16.2335,16.45765420,44.11536100,1202.1205
0.840000,4393516.288907,4259898.136298,1795695.932596,-6.954833,-6.740182,51.191432,0.99621906,0.03798700,0.07807506,-0.00297743,0.06413909,-0.51071331,0.03887454,12.4380,1202.1724,20.6717,0.06016403,0.00459481,0.149982,0.00000000,0.00000000,0.00000000,0.00000000,0.00000000,0.00000000,0.00000000,0.00000000,819.3614,-1.0917,-15.6187,16.45765880,44.11536100,1202.1724
0.850000,4393516.218745,4259898.068302,1795696.447710,-7.078036,-6.859516,51.831255,0.99640545,0.03831144,0.07549816,-0.00290384,0.06323354,-0.52035538,0.03993555,12.4343,1202.2244,21.1867,0.05600219,0.00431884,0.151872,0.00000000,0.00000000,0.00000000,0.00000000,0.00000000,0.00000000,0.00000000,0.00000000,829.1093,-1.0487,-14.9405,16.45766345,44.11536100,1202.2244
0.860000,4393516.147339,4259897.999101,1795696.969193,-7.203658,-6.981195,52.465377,0.99658867,0.03863138,0.07287425,-0.00282649,0.06233106,-0.52929096,0.04095135,12.4305,1202.2767,21.7083,0.05178069,0.00403240,0.153798,0.00000000,0.00000000,0.00000000,0.00000000,0.00000000,0.00000000,0.00000000,0.00000000,828.9396,-1.0004,-14.2031,16.45766816,44.11536100,1202.2767
0.870000,4393516.074660,4259897.928666,1795697.497042,-7.332830,-7.106315,53.104289,0.99676807,0.03894680,0.07020698,-0.00274551,0.06143191,-0.53747002,0.04191660,12.4268,1202.3291,22.2365,0.04752498,0.00373746,0.155709,0.00000000,0.00000000,0.00000000,0.00000000,0.00000000,0.00000000,0.00000000,0.00000000,828.7701,-0.9462,-13.4014,16.45767294,44.11536100,1202.3291
0.880000,4393516.000675,4259897.856967,1795698.031251,-7.464530,-7.233887,53.737424,0.99694306,0.03925767,0.06750026,-0.00266103,0.06053638,-0.54484306,0.04282594,12.4231,1202.3815,22.7713,0.04323255,0.00343384,0.157637,0.00000000,0.00000000,0.00000000,0.00000000,0.00000000,0.00000000,0.00000000,0.00000000,828.5981,-0.8863,-12.5383,16.45767777,44.11536100,1202.3815
0.890000,4393515.925356,4259897.783975,1795698.571815,-7.599962,-7.365079,54.375258,0.99711305,0.03956400,0.06475822,-0.00257321,0.05964471,-0.55136169,0.04367398,12.4193,1202.4341,23.3127,0.03892020,0.00312291,0.159551,0.00000000,0.00000000,0.00000000,0.00000000,0.00000000,0.00000000,0.00000000,0.00000000,828.4265,-0.8204,-11.6114,16.45768266,44.11536100,1202.4341
0.900000,4393515.848668,4259897.709658,1795699.118728,-7.738005,-7.498801,55.007238,0.99727749,0.03986578,0.06198524,-0.00248222,0.05875658,-0.55698825,0.04445535,12.4156,1202.4866,23.8607,0.03458812,0.00280473,0.161481,0.00000000,0.00000000,0.00000000,0.00000000,0.00000000,0.00000000,0.00000000,0.00000000,828.2524,-0.7488,-10.6260,16.45768762,44.11536100,1202.4866
0.910000,4393515.770585,4259897.633988,1795699.671958,-7.879303,-7.635678,55.638607,0.99743584,0.04016299,0.05918588,-0.00238824,0.05787184,-0.56168470,0.04516468,12.4118,1202.5392,24.4154,0.03025172,0.00248062,0.163396,0.00000000,0.00000000,0.00000000,0.00000000,0.00000000,0.00000000,0.00000000,0.00000000,828.0788,-0.6711,-9.6065,16.45769263,44.11536101,1202.5392
0.920000,4393515.691068,4259897.556931,1795700.231524,-8.024554,-7.776386,56.274514,0.99758764,0.04045562,0.05636491,-0.00229147,0.05699071,-0.56540728,0.04579673,12.4081,1202.5916,24.9766,0.02591607,0.00215109,0.165313,0.00000000,0.00000000,0.00000000,0.00000000,0.00000000,0.00000000,0.00000000,0.00000000,827.9476,-0.5877,-8.5288,16.45769770,44.11536101,1202.5916
0.930000,4393515.610082,4259897.478450,1795700.797445,-8.173348,-7.920527,56.911000,0.99773242,0.04074366,0.05352732,-0.00219214,0.05611345,-0.56811385,0.04634634,12.4043,1202.6440,25.5445,0.02158803,0.00181681,0.167246,0.00000000,0.00000000,0.00000000,0.00000000,0.00000000,0.00000000,0.00000000,0.00000000,827.7271,-0.4985,-7.3950,16.45770283,44.11536101,1202.6440
0.940000,4393515.527590,4259897.398509,1795701.369741,-8.325735,-8.068151,57.548049,0.99786979,0.04102712,0.05067831,-0.00209048,0.05524028,-0.56976426,0.04680845,12.4005,1202.6961,26.1191,0.01727918,0.00147885,0.169183,0.00000000,0.00000000,0.00000000,0.00000000,0.00000000,0.00000000,0.00000000,0.00000000,837.5019,-0.4036,-6.2063,16.45770802,44.11536101,1202.6961
0.950000,4393515.443556,4259897.317075,1795701.948404,-8.481579,-8.219126,58.184278,0.99799940,0.04130599,0.04782329,-0.00198672,0.05437148,-0.57032059,0.04717814,12.3968,1202.7481,26.7004,0.01299922,0.00113814,0.171126,0.00000000,0.00000000,0.00000000,0.00000000,0.00000000,0.00000000,0.00000000,0.00000000,837.3223,-0.3032,-4.9649,16.45771328,44.11536101,1202.7481
0.960000,4393515.357946,4259897.234115,1795702.533424,-8.640907,-8.373478,58.819645,0.99812095,0.04158028,0.04496785,-0.00188113,0.05350730,-0.56974776,0.04745072,12.3930,1202.7998,27.2884,0.00875861,0.00079571,0.173069,0.00000000,0.00000000,0.00000000,0.00000000,0.00000000,0.00000000,0.00000000,0.00000000,837.1418,-0.1974,-3.6731,16.45771859,44.11536101,1202.7998
0.970000,4393515.270726,4259897.149595,1795703.124794,-8.803739,-8.531226,59.454108,0.99823421,0.04184998,0.04211774,-0.00177399,0.05264801,-0.56801380,0.04762170,12.3892,1202.8512,27.8831,0.00456751,0.00045256,0.175013,0.00000000,0.00000000,0.00000000,0.00000000,0.00000000,0.00000000,0.00000000,0.00000000,836.9605,-0.0865,-2.3341,16.45772396,44.11536101,1202.8512
0.980000,4393515.181856,4259897.063476,1795703.722529,-8.970864,-8.693136,60.092816,0.99833898,0.04211510,0.03927887,-0.00166557,0.05179302,-0.56509508,0.04768692,12.3854,1202.9023,28.4845,0.00043629,0.00010976,0.176958,0.00000000,0.00000000,0.00000000,0.00000000,0.00000000,0.00000000,0.00000000,0.00000000,836.7784,0.0293,-0.9514,16.45772940,44.11536101,1202.9023
0.990000,4393515.091305,4259896.975728,1795704.326595,-9.139929,-8.856927,60.720140,0.99843515,0.04237566,0.03645725,-0.00155617,0.05094153,-0.56097386,0.04764253,12.3817,1202.9530,29.0927,-0.00362442,-0.00023162,0.178919,0.00000000,0.00000000,0.00000000,0.00000000,0.00000000,0.00000000,0.00000000,0.00000000,836.5473,0.1497,0.4737,16.45773489,44.11536101,1202.9530
1.000000,4393514.999042,4259896.886322,1795704.936955,-9.313313,-9.024906,61.351669,0.99852267,0.04263166,0.03365899,-0.00144610,0.05009384,-0.55562987,0.04748506,12.3779,1203.0032,29.7076,-0.00760471,-0.00057050,0.180849,0.00000000,0.00000000,0.00000000,0.00000000,0.00000000,0.00000000,0.00000000,0.00000000,836.4592,0.2743,1.9346,16.45774045,44.11536101,1203.0032
1.010000,4393514.905027,4259896.795219,1795705.553624,-9.490193,-9.196274,61.982119,0.99860154,0.04288311,0.03089029,-0.00133568,0.04925020,-0.54904651,0.04721133,12.3741,1203.0529,30.3293,-0.01149275,-0.00090567,0.182796,0.00000000,0.00000000,0.00000000,0.00000000,0.00000000,0.00000000,0.00000000,0.00000000,836.2276,0.4026,3.4263,16.45774607,44.11536101,1203.0529
1.020000,4393514.809226,4259896.702385,1795706.176593,-9.670556,-9.371021,62.611519,0.99867185,0.04313002,0.02815741,-0.00122523,0.04841092,-0.54121189,0.04681864,12.3703,1203.1020,30.9576,-0.01527839,-0.00123601,0.184743,0.00000000,0.00000000,0.00000000,0.00000000,0.00000000,0.00000000,0.00000000,0.00000000,836.0426,0.5344,4.9438,16.45775175,44.11536101,1203.1020
1.030000,4393514.711605,4259896.607787,1795706.805851,-9.854367,-9.549110,63.239825,0.99873372,0.04337243,0.02546669,-0.00111510,0.04757628,-0.53211908,0.04630477,12.3665,1203.1506,31.5928,-0.01895091,-0.00156035,0.186690,0.00000000,0.00000000,0.00000000,0.00000000,0.00000000,0.00000000,0.00000000,0.00000000,835.8569,0.6691,6.4816,16.45775749,44.11536101,1203.1506
1.040000,4393514.612128,4259896.511392,1795707.441386,-10.041588,-9.730507,63.867037,0.99878735,0.04361035,0.02282447,-0.00100561,0.04674656,-0.52176633,0.04566796,12.3627,1203.1985,32.2346,-0.02249964,-0.00187749,0.188638,0.00000000,0.00000000,0.00000000,0.00000000,0.00000000,0.00000000,0.00000000,0.00000000,835.7199,0.8061,8.0338,16.45776329,44.11536101,1203.1985
1.050000,4393514.510762,4259896.413166,1795708.083188,-10.232165,-9.915160,64.493122,0.99883301,0.04384381,0.02023709,-0.00089711,0.04592204,-0.51015740,0.04490702,12.3589,1203.2457,32.8832,-0.02591398,-0.00218626,0.190586,0.00000000,0.00000000,0.00000000,0.00000000,0.00000000,0.00000000,0.00000000,0.00000000,835.4838,0.9448,9.5940,16.45776915,44.11536101,1203.2457
1.060000,4393514.407469,4259896.313073,1795708.731271,-10.427229,-10.104163,65.124564,0.99887101,0.04407285,0.01771085,-0.00078995,0.04510297,-0.49730125,0.04402131,12.3551,1203.2922,33.5386,-0.02918348,-0.00248547,0.192535,0.00000000,0.00000000,0.00000000,0.00000000,0.00000000,0.00000000,0.00000000,0.00000000,835.3966,1.0848,11.1557,16.45777507,44.11536101,1203.2922
1.070000,4393514.302206,4259896.211072,1795709.385675,-10.625773,-10.296542,65.756100,0.99890172,0.04429751,0.01525201,-0.00068448,0.04428954,-0.48321201,0.04301069,12.3513,1203.3378,34.2008,-0.03229483,-0.00277366,0.194504,0.00000000,0.00000000,0.00000000,0.00000000,0.00000000,0.00000000,0.00000000,0.00000000,845.0566,1.2253,12.7133,16.45778105,44.11536101,1203.3378
1.080000,4393514.194943,4259896.107132,1795710.046389,-10.827493,-10.492005,66.386442,0.99892556,0.04451783,0.01286673,-0.00058104,0.04348172,-0.46790913,0.04187576,12.3474,1203.3827,34.8698,-0.03524039,-0.00304987,0.196476,0.00000000,0.00000000,0.00000000,0.00000000,0.00000000,0.00000000,0.00000000,0.00000000,844.8793,1.3658,14.2623,16.45778710,44.11536101,1203.3827
1.090000,4393514.085646,4259896.001222,1795710.713400,-11.032302,-10.690468,67.015588,0.99894300,0.04473384,0.01056105,-0.00047998,0.04267967,-0.45141895,0.04061779,12.3436,1203.4266,35.5456,-0.03801085,-0.00331299,0.198449,0.00000000,0.00000000,0.00000000,0.00000000,0.00000000,0.00000000,0.00000000,0.00000000,844.5978,1.5053,15.8171,16.45779320,44.11536101,1203.4266
1.100000,4393513.974286,4259895.893313,1795711.386697,-11.240103,-10.891836,67.643562,0.99895454,0.04494561,0.00834088,-0.00038165,0.04188367,-0.43377358,0.03923853,12.3398,1203.4696,36.2283,-0.04059669,-0.00356191,0.200422,0.00000000,0.00000000,0.00000000,0.00000000,0.00000000,0.00000000,0.00000000,0.00000000,844.3654,1.6432,17.3431,16.45779937,44.11536101,1203.4696
1.110000,4393513.860834,4259895.783376,1795712.066268,-11.451044,-11.096254,68.271663,0.99896072,0.04515318,0.00621194,-0.00028638,0.04109402,-0.41501286,0.03774052,12.3360,1203.5117,36.9178,-0.04298895,-0.00379552,0.202396,0.00000000,0.00000000,0.00000000,0.00000000,0.00000000,0.00000000,0.00000000,0.00000000,844.1836,1.7788,18.8332,16.45780560,44.11536101,1203.5117
1.120000,4393513.745256,4259895.671379,1795712.752126,-11.664744,-11.303352,68.898629,0.99896210,0.04535660,0.00417971,-0.00019449,0.04031097,-0.39518394,0.03612709,12.3321,1203.5527,37.6141,-0.04517828,-0.00401268,0.204373,0.00000000,0.00000000,0.00000000,0.00000000,0.00000000,0.00000000,0.00000000,0.00000000,853.7943,1.9111,20.2778,16.45781190,44.11536101,1203.5527
1.130000,4393513.627525,4259895.557295,1795713.444262,-11.882153,-11.514052,69.529668,0.99895925,0.04555593,0.00224944,-0.00010631,0.03953479,-0.37434176,0.03440240,12.3283,1203.5926,38.3173,-0.04715767,-0.00421246,0.206351,0.00000000,0.00000000,0.00000000,0.00000000,0.00000000,0.00000000,0.00000000,0.00000000,843.7089,2.0393,21.6681,16.45781825,44.11536101,1203.5926
1.140000,4393513.507605,4259895.441090,1795714.142716,-12.102060,-11.727178,70.159609,0.99895277,0.04575123,0.00042608,-0.00002214,0.03876568,-0.35254673,0.03257121,12.3244,1203.6315,39.0274,-0.04891607,-0.00439357,0.208344,0.00000000,0.00000000,0.00000000,0.00000000,0.00000000,0.00000000,0.00000000,0.00000000,853.3658,2.1627,22.9967,16.45782467,44.11536101,1203.6315
1.150000,4393513.385476,4259895.322744,1795714.847451,-12.324334,-11.942605,70.788554,0.99894325,0.04594256,-0.00128575,0.00005771,0.03800391,-0.32986891,0.03063931,12.3206,1203.6692,39.7444,-0.05045057,-0.00455543,0.210338,0.00000000,0.00000000,0.00000000,0.00000000,0.00000000,0.00000000,0.00000000,0.00000000,843.2225,2.2802,24.2533,16.45783115,44.11536101,1203.6692
1.160000,4393513.261111,4259895.202231,1795715.558484,-12.549082,-12.160435,71.417804,0.99893128,0.04612999,-0.00288181,0.00013298,0.03724970,-0.30638381,0.02861310,12.3167,1203.7058,40.4684,-0.05175505,-0.00469719,0.212332,0.00000000,0.00000000,0.00000000,0.00000000,0.00000000,0.00000000,0.00000000,0.00000000,852.8745,2.3909,25.4286,16.45783769,44.11536101,1203.7058
1.170000,4393513.134493,4259895.079534,1795716.275779,-12.774749,-12.379161,72.041017,0.99891742,0.04631357,-0.00435825,0.00020340,0.03650328,-0.28217582,0.02649994,12.3128,1203.7412,41.1992,-0.05282352,-0.00481801,0.214330,0.00000000,0.00000000,0.00000000,0.00000000,0.00000000,0.00000000,0.00000000,0.00000000,852.5699,2.4940,26.5143,16.45784429,44.11536101,1203.7412
1.180000,4393513.005604,4259894.954636,1795716.999327,-13.003403,-12.600787,72.668549,0.99890223,0.04649337,-0.00571164,0.00026873,0.03576486,-0.25733539,0.02430792,12.3090,1203.7753,41.9369,-0.05365638,-0.00491764,0.216313,0.00000000,0.00000000,0.00000000,0.00000000,0.00000000,0.00000000,0.00000000,0.00000000,852.3761,2.5883,27.4989,16.45785096,44.11536102,1203.7753
1.190000,4393512.874420,4259894.827513,1795717.729147,-13.233732,-12.824042,73.295287,0.99888623,0.04666945,-0.00693907,0.00032875,0.03503460,-0.23195878,0.02204576,12.3051,1203.8082,42.6815,-0.05424248,-0.00499477,0.218312,0.00000000,0.00000000,0.00000000,0.00000000,0.00000000,0.00000000,0.00000000,0.00000000,852.1230,2.6733,28.3777,16.45785769,44.11536102,1203.8082
1.200000,4393512.740925,4259894.698150,1795718.465231,-13.465554,-13.048748,73.921339,0.99886990,0.04684188,-0.00803809,0.00038327,0.03431268,-0.20614956,0.01972303,12.3012,1203.8397,43.4330,-0.05458338,-0.00504926,0.220311,0.00000000,0.00000000,0.00000000,0.00000000,0.00000000,0.00000000,0.00000000,0.00000000,851.9247,2.7479,29.1402,16.45786448,44.11536102,1203.8397
1.210000,4393512.605104,4259894.566534,1795719.207572,-13.698673,-13.274714,74.546773,0.99885368,0.04701072,-0.00900679,0.00043212,0.03359926,-0.18001751,0.01735002,12.2974,1203.8700,44.1915,-0.05467764,-0.00508071,0.222311,0.00000000,0.00000000,0.00000000,0.00000000,0.00000000,0.00000000,0.00000000,0.00000000,851.6680,2.8113,29.7783,16.45787133,44.11536102,1203.8700
1.220000,4393512.466947,4259894.432653,1795719.956164,-13.932887,-13.501746,75.171677,0.99883797,0.04717603,-0.00984385,0.00047514,0.03289448,-0.15367814,0.01493769,12.2935,1203.8989,44.9568,-0.05452491,-0.00508881,0.224312,0.00000000,0.00000000,0.00000000,0.00000000,0.00000000,0.00000000,0.00000000,0.00000000,851.3515,2.8627,30.2842,16.45787825,44.11536102,1203.8989
1.230000,4393512.326444,4259894.296496,1795720.711004,-14.167994,-13.729645,75.796151,0.99882310,0.04733786,-0.01054852,0.00051224,0.03219849,-0.12725220,0.01249766,12.2896,1203.9265,45.7291,-0.05412596,-0.00507339,0.226313,0.00000000,0.00000000,0.00000000,0.00000000,0.00000000,0.00000000,0.00000000,0.00000000,851.0903,2.9012,30.6506,16.45788523,44.11536102,1203.9265
1.240000,4393512.183585,4259894.158057,1795721.472086,-14.403795,-13.958219,76.420330,0.99880936,0.04749629,-0.01112068,0.00054332,0.03151141,-0.10086521,0.01004212,12.2857,1203.9527,46.5083,-0.05348271,-0.00503437,0.228314,0.00000000,0.00000000,0.00000000,0.00000000,0.00000000,0.00000000,0.00000000,0.00000000,850.8272,2.9262,30.8707,16.45789227,44.11536102,1203.9527
1.250000,4393512.038366,4259894.017330,1795722.239410,-14.640367,-14.187541,77.045559,0.99879696,0.04765136,-0.01156084,0.00056834,0.03083332,-0.07464680,0.00758380,12.2818,1203.9776,47.2944,-0.05259823,-0.00497182,0.230317,0.00000000,0.00000000,0.00000000,0.00000000,0.00000000,0.00000000,0.00000000,0.00000000,850.6212,2.9370,30.9385,16.45789937,44.11536102,1203.9776
1.260000,4393511.890771,4259893.874300,1795723.013022,-14.878370,-14.418253,77.675726,0.99878607,0.04780312,-0.01187018,0.00058728,0.03016430,-0.04872828,0.00513573,12.2779,1204.0010,48.0874,-0.05147600,-0.00488582,0.232324,0.00000000,0.00000000,0.00000000,0.00000000,0.00000000,0.00000000,0.00000000,0.00000000,860.2473,2.9329,30.8490,16.45790654,44.11536102,1204.0010
1.270000,4393511.740805,4259893.728971,1795723.792898,-15.114949,-14.647581,78.299464,0.99877678,0.04795163,-0.01205053,0.00060015,0.02950444,-0.02324648,0.00271160,12.2741,1204.0231,48.8874,-0.05011921,-0.00477647,0.234348,0.00000000,0.00000000,0.00000000,0.00000000,0.00000000,0.00000000,0.00000000,0.00000000,850.0224,2.9137,30.5991,16.45791377,44.11536102,1204.0231
1.280000,4393511.588467,4259893.581343,1795724.579038,-15.352848,-14.878190,78.929701,0.99876914,0.04809693,-0.01210443,0.00060701,0.02885382,0.00166077,0.00032535,12.2702,1204.0438,49.6944,-0.04854225,-0.00464493,0.236353,0.00000000,0.00000000,0.00000000,0.00000000,0.00000000,0.00000000,0.00000000,0.00000000,849.8118,2.8784,30.1805,16.45792106,44.11536102,1204.0438
1.290000,4393511.433749,4259893.431408,1795725.371493,-15.590667,-15.108718,79.561382,0.99876312,0.04823908,-0.01203510,0.00060794,0.02821245,0.02585623,-0.00200902,12.2662,1204.0631,50.5083,-0.04674497,-0.00449100,0.238378,0.00000000,0.00000000,0.00000000,0.00000000,0.00000000,0.00000000,0.00000000,0.00000000,859.4283,2.8271,29.5953,16.45792841,44.11536102,1204.0631
1.300000,4393511.276655,4259893.279171,1795726.170266,-15.827602,-15.338388,80.192049,0.99875866,0.04837811,-0.01184646,0.00060307,0.02758040,0.04920069,-0.00427719,12.2623,1204.0809,51.3291,-0.04474019,-0.00431572,0.240408,0.00000000,0.00000000,0.00000000,0.00000000,0.00000000,0.00000000,0.00000000,0.00000000,859.1497,2.7593,28.8397,16.45793583,44.11536102,1204.0809
1.310000,4393511.117205,4259893.124649,1795726.975310,-16.062561,-15.566138,80.817960,0.99875562,0.04851407,-0.01154312,0.00059256,0.02695775,0.07155426,-0.00646463,12.2584,1204.0975,52.1570,-0.04253997,-0.00412009,0.242436,0.00000000,0.00000000,0.00000000,0.00000000,0.00000000,0.00000000,0.00000000,0.00000000,848.9787,2.6749,27.9119,16.45794331,44.11536102,1204.0975
1.320000,4393510.955402,4259892.967845,1795727.786653,-16.297998,-15.794347,81.450726,0.99875385,0.04864699,-0.01113039,0.00057662,0.02634451,0.09278130,-0.00855711,12.2545,1204.1126,52.9918,-0.04015797,-0.00390527,0.244448,0.00000000,0.00000000,0.00000000,0.00000000,0.00000000,0.00000000,0.00000000,0.00000000,858.5897,2.5736,26.8113,16.45795086,44.11536102,1204.1126
1.330000,4393510.791249,4259892.808766,1795728.604326,-16.532241,-16.021394,82.084036,0.99875314,0.04877692,-0.01061424,0.00055547,0.02574069,0.11274900,-0.01054055,12.2506,1204.1264,53.8336,-0.03760126,-0.00367182,0.246481,0.00000000,0.00000000,0.00000000,0.00000000,0.00000000,0.00000000,0.00000000,0.00000000,858.3051,2.4559,25.5433,16.45795846,44.11536102,1204.1264
1.340000,4393510.624761,4259892.647422,1795729.428335,-16.765112,-16.247107,82.717967,0.99875327,0.04890389,-0.01000132,0.00052938,0.02514617,0.13133316,-0.01240109,12.2467,1204.1388,54.6823,-0.03488741,-0.00342132,0.248515,0.00000000,0.00000000,0.00000000,0.00000000,0.00000000,0.00000000,0.00000000,0.00000000,858.0184,2.3218,24.1090,16.45796613,44.11536102,1204.1388
1.350000,4393510.455946,4259892.483823,1795730.258713,-16.997612,-16.472459,83.357722,0.99875400,0.04902793,-0.00929885,0.00049867,0.02456076,0.14841554,-0.01412530,12.2428,1204.1499,55.5381,-0.03203144,-0.00315515,0.250550,0.00000000,0.00000000,0.00000000,0.00000000,0.00000000,0.00000000,0.00000000,0.00000000,857.7296,2.1717,22.5575,16.45797386,44.11536102,1204.1499
1.360000,4393510.284821,4259892.317984,1795731.095467,-17.227530,-16.695305,83.994398,0.99875505,0.04914908,-0.00851466,0.00046369,0.02398447,0.16387840,-0.01570023,12.2389,1204.1597,56.4009,-0.02904750,-0.00287463,0.252602,0.00000000,0.00000000,0.00000000,0.00000000,0.00000000,0.00000000,0.00000000,0.00000000,857.4366,2.0060,20.8537,16.45798166,44.11536102,1204.1597
1.370000,4393510.111396,4259892.149917,1795731.938630,-17.456741,-16.917463,84.637040,0.99875618,0.04926737,-0.00765716,0.00042480,0.02341731,0.17761173,-0.01711360,12.2349,1204.1682,57.2707,-0.02595616,-0.00258172,0.254642,0.00000000,0.00000000,0.00000000,0.00000000,0.00000000,0.00000000,0.00000000,0.00000000,867.0963,1.8253,19.0017,16.45798952,44.11536103,1204.1682
1.380000,4393509.935698,4259891.979647,1795732.788185,-17.682499,-17.136272,85.274136,0.99875714,0.04938283,-0.00673528,0.00038241,0.02285929,0.18951308,-0.01835382,12.2310,1204.1755,58.1476,-0.02277250,-0.00227785,0.256700,0.00000000,0.00000000,0.00000000,0.00000000,0.00000000,0.00000000,0.00000000,0.00000000,856.8455,1.6305,17.0119,16.45799745,44.11536103,1204.1755
1.390000,4393509.757748,4259891.807193,1795733.644141,-17.907558,-17.354398,85.918641,0.99875769,0.04949550,-0.00575845,0.00033698,0.02231042,0.19949012,-0.01941024,12.2271,1204.1816,59.0315,-0.01951873,-0.00196518,0.258738,0.00000000,0.00000000,0.00000000,0.00000000,0.00000000,0.00000000,0.00000000,0.00000000,856.6146,1.4222,14.8913,16.45800543,44.11536103,1204.1816
1.400000,4393509.577555,4259891.632566,1795734.506561,-18.130640,-17.570604,86.565395,0.99875762,0.04960542,-0.00473652,0.00028895,0.02177067,0.20746180,-0.02027329,12.2231,1204.1864,59.9224,-0.01621115,-0.00164531,0.260797,0.00000000,0.00000000,0.00000000,0.00000000,0.00000000,0.00000000,0.00000000,0.00000000,866.2001,1.2019,12.6532,16.45801348,44.11536103,1204.1864
1.410000,4393509.395143,4259891.455789,1795735.375453,-18.351361,-17.784517,87.213152,0.99875676,0.04971261,-0.00367975,0.00023881,0.02124003,0.21335807,-0.02093446,12.2192,1204.1901,60.8204,-0.01287135,-0.00132038,0.262860,0.00000000,0.00000000,0.00000000,0.00000000,0.00000000,0.00000000,0.00000000,0.00000000,865.8290,0.9704,10.3087,16.45802160,44.11536103,1204.1901
1.420000,4393509.210536,4259891.276884,1795736.250827,-18.569645,-17.996062,87.861940,0.99875496,0.04981713,-0.00259869,0.00018709,0.02071850,0.21712183,-0.02138650,12.2152,1204.1927,61.7255,-0.00952022,-0.00099247,0.264924,0.00000000,0.00000000,0.00000000,0.00000000,0.00000000,0.00000000,0.00000000,0.00000000,865.5896,0.7293,7.8710,16.45802978,44.11536103,1204.1927
1.430000,4393509.023753,4259891.095870,1795737.132721,-18.786816,-18.206522,88.518225,0.99875213,0.04991901,-0.00150417,0.00013430,0.02020605,0.21870988,-0.02162355,12.2113,1204.1941,62.6377,-0.00617871,-0.00066370,0.266988,0.00000000,0.00000000,0.00000000,0.00000000,0.00000000,0.00000000,0.00000000,0.00000000,865.2814,0.4799,5.3552,16.45803802,44.11536103,1204.1941
1.440000,4393508.834813,4259890.912767,1795738.021169,-19.000332,-18.413434,89.170388,0.99874822,0.05001829,-0.00040718,0.00008100,0.01970263,0.21809377,-0.02164119,12.2073,1204.1945,63.5569,-0.00286768,-0.00033620,0.269073,0.00000000,0.00000000,0.00000000,0.00000000,0.00000000,0.00000000,0.00000000,0.00000000,874.8530,0.2239,2.7774,16.45804633,44.11536103,1204.1945
1.450000,4393508.643749,4259890.727604,1795738.916158,-19.212386,-18.618921,89.828809,0.99874322,0.05011501,0.00068118,0.00002772,0.01920769,0.21526480,-0.02143664,12.2033,1204.1939,64.4834,0.00039105,-0.00001220,0.271142,0.00000000,0.00000000,0.00000000,0.00000000,0.00000000,0.00000000,0.00000000,0.00000000,864.7244,-0.0370,0.1540,16.45805470,44.11536103,1204.1939
1.460000,4393508.450574,4259890.540397,1795739.817749,-19.422138,-18.822169,90.489549,0.99873719,0.05020923,0.00174982,-0.00002496,0.01872085,0.21022880,-0.02100873,12.1993,1204.1923,65.4169,0.00357648,0.00030612,0.273227,0.00000000,0.00000000,0.00000000,0.00000000,0.00000000,0.00000000,0.00000000,0.00000000,874.2916,-0.3009,-2.4978,16.45806313,44.11536103,1204.1923
1.470000,4393508.255315,4259890.351169,1795740.725952,-19.629064,-19.022670,91.149982,0.99873021,0.05030099,0.00278771,-0.00007648,0.01824216,0.20300529,-0.02035803,12.1953,1204.1898,66.3576,0.00666769,0.00061659,0.275316,0.00000000,0.00000000,0.00000000,0.00000000,0.00000000,0.00000000,0.00000000,0.00000000,873.9721,-0.5660,-5.1575,16.45807163,44.11536103,1204.1898
1.480000,4393508.058007,4259890.159957,1795741.640726,-19.832137,-19.219430,91.804894,0.99872242,0.05039033,0.00378394,-0.00012628,0.01777170,0.19363161,-0.01948695,12.1914,1204.1863,67.3054,0.00964445,0.00091706,0.277401,0.00000000,0.00000000,0.00000000,0.00000000,0.00000000,0.00000000,0.00000000,0.00000000,863.6981,-0.8300,-7.8049,16.45808020,44.11536103,1204.1863
1.490000,4393507.858675,4259889.966784,1795742.562079,-20.034107,-19.415111,92.467186,0.99871400,0.05047730,0.00472785,-0.00017381,0.01730949,0.18216240,-0.01839976,12.1874,1204.1820,68.2604,0.01248770,0.00120552,0.279466,0.00000000,0.00000000,0.00000000,0.00000000,0.00000000,0.00000000,0.00000000,0.00000000,863.4492,-1.0909,-10.4184,16.45808883,44.11536103,1204.1820
1.500000,4393507.657338,4259889.771667,1795743.490047,-20.232942,-19.607744,93.126495,0.99870515,0.05056196,0.00560910,-0.00021853,0.01685554,0.16866964,-0.01710256,12.1834,1204.1768,69.2224,0.01517684,0.00147976,0.281552,0.00000000,0.00000000,0.00000000,0.00000000,0.00000000,0.00000000,0.00000000,0.00000000,872.9358,-1.3466,-12.9781,16.45809752,44.11536103,1204.1768
1.510000,4393507.454018,4259889.574631,1795744.424638,-20.430603,-19.799231,93.791840,0.99869610,0.05064437,0.00641774,-0.00025991,0.01640987,0.15324340,-0.01560339,12.1794,1204.1708,70.1916,0.01769519,0.00173799,0.283625,0.00000000,0.00000000,0.00000000,0.00000000,0.00000000,0.00000000,0.00000000,0.00000000,872.6824,-1.5947,-15.4612,16.45810628,44.11536103,1204.1708
1.520000,4393507.248733,4259889.375690,1795745.365886,-20.626165,-19.988674,94.457949,0.99868708,0.05072456,0.00714435,-0.00029744,0.01597248,0.13599102,-0.01391216,12.1754,1204.1641,71.1679,0.02002404,0.00197819,0.285714,0.00000000,0.00000000,0.00000000,0.00000000,0.00000000,0.00000000,0.00000000,0.00000000,872.3536,-1.8331,-17.8476,16.45811510,44.11536103,1204.1641
1.530000,4393507.041501,4259889.174864,1795746.313799,-20.819785,-20.176225,95.124755,0.99867835,0.05080261,0.00778004,-0.00033065,0.01554334,0.11703770,-0.01204068,12.1714,1204.1566,72.1514,0.02214842,0.00219870,0.287802,0.00000000,0.00000000,0.00000000,0.00000000,0.00000000,0.00000000,0.00000000,0.00000000,872.0229,-2.0596,-20.1149,16.45812399,44.11536103,1204.1566
1.540000,4393506.832338,4259888.972166,1795747.268409,-21.012683,-20.363066,95.797399,0.99867015,0.05087856,0.00831664,-0.00035909,0.01512245,0.09652508,-0.01000258,12.1674,1204.1484,73.1421,0.02405390,0.00239792,0.289890,0.00000000,0.00000000,0.00000000,0.00000000,0.00000000,0.00000000,0.00000000,0.00000000,871.6904,-2.2719,-22.2416,16.45813294,44.11536104,1204.1484
1.550000,4393506.621258,4259888.767612,1795748.229723,-21.203243,-20.547632,96.466716,0.99866270,0.05095247,0.00874671,-0.00038236,0.01470976,0.07461170,-0.00781333,12.1634,1204.1395,74.1399,0.02572618,0.00257427,0.291994,0.00000000,0.00000000,0.00000000,0.00000000,0.00000000,0.00000000,0.00000000,0.00000000,871.3536,-2.4680,-24.2082,16.45814196,44.11536104,1204.1395
1.560000,4393506.408272,4259888.561213,1795749.197771,-21.393483,-20.731878,97.141674,0.99865620,0.05102438,0.00906364,-0.00040008,0.01430524,0.05147100,-0.00549001,12.1594,1204.1300,75.1449,0.02715637,0.00272669,0.294086,0.00000000,0.00000000,0.00000000,0.00000000,0.00000000,0.00000000,0.00000000,0.00000000,880.8959,-2.6456,-25.9924,16.45815104,44.11536104,1204.1300
1.570000,4393506.193397,4259888.352983,1795750.172532,-21.581586,-20.914043,97.811834,0.99865080,0.05109435,0.00926174,-0.00041192,0.01390884,0.02729226,-0.00305149,12.1553,1204.1198,76.1571,0.02833258,0.00285383,0.296194,0.00000000,0.00000000,0.00000000,0.00000000,0.00000000,0.00000000,0.00000000,0.00000000,870.6758,-2.8029,-27.5774,16.45816019,44.11536104,1204.1198
1.580000,4393505.976638,4259888.142930,1795751.154035,-21.769859,-21.096365,98.487498,0.99864662,0.05116243,0.00933630,-0.00041761,0.01352049,0.00227653,-0.00051793,12.1513,1204.1090,77.1765,0.02925028,0.00295509,0.298285,0.00000000,0.00000000,0.00000000,0.00000000,0.00000000,0.00000000,0.00000000,0.00000000,880.2885,-2.9377,-28.9422,16.45816940,44.11536104,1204.1090
1.590000,4393505.758002,4259887.931058,1795752.142282,-21.957524,-21.278088,99.163297,0.99864371,0.05122865,0.00928365,-0.00041692,0.01314009,-0.02336528,0.00208936,12.1473,1204.0976,78.2031,0.02990104,0.00302946,0.300392,0.00000000,0.00000000,0.00000000,0.00000000,0.00000000,0.00000000,0.00000000,0.00000000,869.9907,-3.0488,-30.0741,16.45817868,44.11536104,1204.0976
1.600000,4393505.537494,4259887.717374,1795753.137275,-22.144100,-21.458747,99.835310,0.99864209,0.05129306,0.00910118,-0.00040969,0.01276754,-0.04941078,0.00474777,12.1433,1204.0856,79.2370,0.03028312,0.00307662,0.302499,0.00000000,0.00000000,0.00000000,0.00000000,0.00000000,0.00000000,0.00000000,0.00000000,879.5214,-3.1346,-30.9593,16.45818802,44.11536104,1204.0856
1.610000,4393505.315115,4259887.501878,1795754.139014,-22.331665,-21.640358,100.512500,0.99864169,0.05135569,0.00878744,-0.00039579,0.01240278,-0.07562747,0.00743352,12.1392,1204.0731,80.2780,0.03039660,0.00309644,0.304594,0.00000000,0.00000000,0.00000000,0.00000000,0.00000000,0.00000000,0.00000000,0.00000000,879.2510,-3.1933,-31.5802,16.45819742,44.11536104,1204.0731
1.620000,4393505.090860,4259887.284566,1795755.147525,-22.519493,-21.822216,101.189604,0.99864238,0.05141658,0.00834218,-0.00037517,0.01204571,-0.10177704,0.01012212,12.1352,1204.0599,81.3262,0.03023999,0.00308864,0.306705,0.00000000,0.00000000,0.00000000,0.00000000,0.00000000,0.00000000,0.00000000,0.00000000,878.9003,-3.2242,-31.9288,16.45820690,44.11536104,1204.0599
1.630000,4393504.864723,4259887.065432,1795756.162805,-22.707871,-22.004600,101.866474,0.99864399,0.05147576,0.00776633,-0.00034785,0.01169625,-0.12761598,0.01278844,12.1311,1204.0461,82.3817,0.02981840,0.00305359,0.308816,0.00000000,0.00000000,0.00000000,0.00000000,0.00000000,0.00000000,0.00000000,0.00000000,878.5477,-3.2260,-31.9949,16.45821643,44.11536104,1204.0461
1.640000,4393504.636699,4259886.844471,1795757.184853,-22.897097,-22.187800,102.542996,0.99864626,0.05153324,0.00706207,-0.00031390,0.01135429,-0.15289875,0.01540698,12.1271,1204.0318,83.4444,0.02913777,0.00299179,0.310927,0.00000000,0.00000000,0.00000000,0.00000000,0.00000000,0.00000000,0.00000000,0.00000000,878.1933,-3.1983,-31.7722,16.45822604,44.11536104,1204.0318
1.650000,4393504.406778,4259886.621673,1795758.213664,-23.087472,-22.372109,103.219102,0.99864891,0.05158906,0.00623279,-0.00027344,0.01101977,-0.17738016,0.01795218,12.1230,1204.0168,84.5143,0.02820639,0.00290397,0.313038,0.00000000,0.00000000,0.00000000,0.00000000,0.00000000,0.00000000,0.00000000,0.00000000,877.8371,-3.1405,-31.2574,16.45823571,44.11536104,1204.0168
1.660000,4393504.174945,4259886.397024,1795759.249233,-23.279272,-22.557794,103.894595,0.99865160,0.05164323,0.00528313,-0.00022669,0.01069258,-0.20081800,0.02039869,12.1190,1204.0013,85.5914,0.02703485,0.00279108,0.315149,0.00000000,0.00000000,0.00000000,0.00000000,0.00000000,0.00000000,0.00000000,0.00000000,877.4791,-3.0526,-30.4500,16.45824544,44.11536105,1204.0013
1.670000,4393503.941186,4259886.170511,1795760.291554,-23.473064,-22.745405,104.570751,0.99865395,0.05169577,0.00421891,-0.00017390,0.01037264,-0.22297568,0.02272159,12.1149,1203.9851,86.6758,0.02563608,0.00265436,0.317261,0.00000000,0.00000000,0.00000000,0.00000000,0.00000000,0.00000000,0.00000000,0.00000000,877.1193,-2.9350,-29.3525,16.45825524,44.11536105,1203.9851
1.680000,4393503.705477,4259885.942110,1795761.340645,-23.668834,-22.934931,105.246079,0.99865559,0.05174669,0.00304714,-0.00011540,0.01005986,-0.24362550,0.02489678,12.1109,1203.9682,87.7675,0.02402484,0.00249522,0.319377,0.00000000,0.00000000,0.00000000,0.00000000,0.00000000,0.00000000,0.00000000,0.00000000,886.6303,-2.7882,-27.9710,16.45826510,44.11536105,1203.9682
1.690000,4393503.467797,4259885.711800,1795762.396499,-23.867938,-23.127687,105.925717,0.99865611,0.05179602,0.00177594,-0.00005157,0.00975416,-0.26255014,0.02690116,12.1068,1203.9507,88.8663,0.02221862,0.00231536,0.321493,0.00000000,0.00000000,0.00000000,0.00000000,0.00000000,0.00000000,0.00000000,0.00000000,876.4731,-2.6130,-26.3138,16.45827503,44.11536105,1203.9507
1.700000,4393503.228116,4259885.479553,1795763.459130,-24.068433,-23.321790,106.599108,0.99865512,0.05184375,0.00041447,0.00001714,0.00945546,-0.27954656,0.02871296,12.1028,1203.9324,89.9725,0.02023558,0.00211659,0.323625,0.00000000,0.00000000,0.00000000,0.00000000,0.00000000,0.00000000,0.00000000,0.00000000,885.8965,-2.4110,-24.3944,16.45828503,44.11536105,1203.9324
1.710000,4393502.986419,4259885.245355,1795764.528477,-24.271646,-23.518527,107.271432,0.99865228,0.05188992,-0.00102710,0.00009024,0.00916370,-0.29442688,0.03031191,12.0987,1203.9134,91.0859,0.01809872,0.00190120,0.325741,0.00000000,0.00000000,0.00000000,0.00000000,0.00000000,0.00000000,0.00000000,0.00000000,875.6565,-2.1833,-22.2254,16.45829509,44.11536105,1203.9134
1.720000,4393502.742668,4259885.009168,1795765.604581,-24.479161,-23.719434,107.949065,0.99864725,0.05193453,-0.00253771,0.00016718,0.00887881,-0.30702412,0.03167983,12.0946,1203.8936,92.2066,0.01582968,0.00167136,0.327858,0.00000000,0.00000000,0.00000000,0.00000000,0.00000000,0.00000000,0.00000000,0.00000000,885.2400,-1.9321,-19.8268,16.45830522,44.11536105,1203.8936
1.730000,4393502.496831,4259884.770962,1795766.687428,-24.688629,-23.922236,108.620164,0.99863978,0.05197760,-0.00410554,0.00024738,0.00860072,-0.31719195,0.03280057,12.0906,1203.8730,93.3346,0.01345156,0.00142941,0.329995,0.00000000,0.00000000,0.00000000,0.00000000,0.00000000,0.00000000,0.00000000,0.00000000,884.8652,-1.6598,-17.2212,16.45831541,44.11536105,1203.8730
1.740000,4393502.248884,4259884.530713,1795767.776979,-24.901317,-24.128160,109.289869,0.99862966,0.05201917,-0.00571806,0.00033022,0.00832938,-0.32480786,0.03366041,12.0865,1203.8515,94.4698,0.01099126,0.00117809,0.332117,0.00000000,0.00000000,0.00000000,0.00000000,0.00000000,0.00000000,0.00000000,0.00000000,884.4087,-1.3686,-14.4311,16.45832567,44.11536105,1203.8515
1.750000,4393501.998788,4259884.288383,1795768.873247,-25.118498,-24.338442,109.963319,0.99861677,0.05205924,-0.00736220,0.00041503,0.00806472,-0.32977603,0.03424833,12.0824,1203.8291,95.6123,0.00847430,0.00092002,0.334238,0.00000000,0.00000000,0.00000000,0.00000000,0.00000000,0.00000000,0.00000000,0.00000000,884.1158,-1.0617,-11.4851,16.45833599,44.11536105,1203.8291
1.760000,4393501.746503,4259884.043933,1795769.976241,-25.339110,-24.552054,110.635243,0.99860108,0.05209786,-0.00902449,0.00050112,0.00780670,-0.33202839,0.03455614,12.0783,1203.8057,96.7621,0.00592723,0.00065792,0.336376,0.00000000,0.00000000,0.00000000,0.00000000,0.00000000,0.00000000,0.00000000,0.00000000,883.7356,-0.7420,-8.4136,16.45834638,44.11536105,1203.8057
1.770000,4393501.491994,4259883.797330,1795771.085946,-25.563201,-24.769042,111.305583,0.99858264,0.05213506,-0.01069118,0.00058781,0.00755524,-0.33152635,0.03457867,12.0742,1203.7813,97.9192,0.00337781,0.00039467,0.338514,0.00000000,0.00000000,0.00000000,0.00000000,0.00000000,0.00000000,0.00000000,0.00000000,883.4377,-0.4130,-5.2481,16.45835684,44.11536106,1203.7813
1.780000,4393501.235221,4259883.548535,1795772.202374,-25.791726,-24.990333,111.978382,0.99856160,0.05217088,-0.01234841,0.00067436,0.00731023,-0.32826499,0.03431397,12.0701,1203.7558,99.0836,0.00085349,0.00013312,0.340652,0.00000000,0.00000000,0.00000000,0.00000000,0.00000000,0.00000000,0.00000000,0.00000000,882.9700,-0.0783,-2.0230,16.45836736,44.11536106,1203.7558
1.790000,4393500.976148,4259883.297512,1795773.325508,-26.024330,-25.215583,112.652048,0.99853819,0.05220535,-0.01398239,0.00076007,0.00707141,-0.32227755,0.03376350,12.0660,1203.7293,100.2554,-0.00161851,-0.00012388,0.342802,0.00000000,0.00000000,0.00000000,0.00000000,0.00000000,0.00000000,0.00000000,0.00000000,872.8843,0.2585,1.2276,16.45837795,44.11536106,1203.7293
1.800000,4393500.714723,4259883.044212,1795774.455409,-26.260644,-25.444436,113.325245,0.99851274,0.05223854,-0.01557956,0.00084423,0.00683871,-0.31361987,0.03293191,12.0619,1203.7015,101.4345,-0.00401130,-0.00037351,0.344961,0.00000000,0.00000000,0.00000000,0.00000000,0.00000000,0.00000000,0.00000000,0.00000000,902.0122,0.5933,4.4657,16.45838860,44.11536106,1203.7015
1.810000,4393500.450924,4259882.788613,1795775.592007,-26.500007,-25.676251,113.995505,0.99848566,0.05227048,-0.01712673,0.00092612,0.00661211,-0.30238011,0.03182739,12.0578,1203.6725,102.6210,-0.00629920,-0.00061305,0.347123,0.00000000,0.00000000,0.00000000,0.00000000,0.00000000,0.00000000,0.00000000,0.00000000,881.7983,0.9224,7.6523,16.45839933,44.11536106,1203.6725
1.820000,4393500.184712,4259882.530677,1795776.735314,-26.742917,-25.911511,114.665497,0.99845741,0.05230123,-0.01861122,0.00100509,0.00639156,-0.28867799,0.03046146,12.0537,1203.6423,103.8149,-0.00845751,-0.00083987,0.349280,0.00000000,0.00000000,0.00000000,0.00000000,0.00000000,0.00000000,0.00000000,0.00000000,891.3572,1.2415,10.7486,16.45841011,44.11536106,1203.6423
1.830000,4393499.916055,4259882.270373,1795777.885312,-26.988899,-26.149756,115.333933,0.99842850,0.05233085,-0.02002104,0.00108049,0.00617701,-0.27266495,0.02884907,12.0495,1203.6107,105.0161,-0.01046285,-0.00105149,0.351442,0.00000000,0.00000000,0.00000000,0.00000000,0.00000000,0.00000000,0.00000000,0.00000000,890.8736,1.5468,13.7162,16.45842097,44.11536106,1203.6107
1.840000,4393499.644924,4259882.007672,1795779.041987,-27.237767,-26.390805,116.000892,0.99839950,0.05235940,-0.02134504,0.00115171,0.00596840,-0.25452297,0.02700844,12.0454,1203.5778,106.2247,-0.01229377,-0.00124557,0.353604,0.00000000,0.00000000,0.00000000,0.00000000,0.00000000,0.00000000,0.00000000,0.00000000,890.5623,1.8343,16.5172,16.45843189,44.11536106,1203.5778
1.850000,4393499.371291,4259881.742548,1795780.205325,-27.489297,-26.634443,116.666454,0.99837096,0.05238693,-0.02257305,0.00121819,0.00576565,-0.23446311,0.02496092,12.0413,1203.5435,107.4408,-0.01393072,-0.00142003,0.355765,0.00000000,0.00000000,0.00000000,0.00000000,0.00000000,0.00000000,0.00000000,0.00000000,890.1623,2.1001,19.1146,16.45844288,44.11536107,1203.5435
1.860000,4393499.095130,4259881.474975,1795781.375312,-27.743242,-26.880428,117.330722,0.99834347,0.05241351,-0.02369603,0.00127945,0.00556866,-0.21272353,0.02273081,12.0372,1203.5077,108.6641,-0.01535645,-0.00157297,0.357927,0.00000000,0.00000000,0.00000000,0.00000000,0.00000000,0.00000000,0.00000000,0.00000000,889.7606,2.3406,21.4733,16.45845393,44.11536107,1203.5077
1.870000,4393498.816419,4259881.204932,1795782.551936,-27.999328,-27.128495,117.993820,0.99831756,0.05243919,-0.02470622,0.00133504,0.00537735,-0.18956714,0.02034510,12.0330,1203.4704,109.8949,-0.01655621,-0.00170277,0.360088,0.00000000,0.00000000,0.00000000,0.00000000,0.00000000,0.00000000,0.00000000,0.00000000,889.3572,2.5524,23.5605,16.45846505,44.11536107,1203.4704
1.880000,4393498.535138,4259880.932400,1795783.735185,-28.257262,-27.378360,118.655898,0.99829374,0.05246402,-0.02559721,0.00138459,0.00519160,-0.16527874,0.01783316,12.0289,1203.4316,111.1330,-0.01751801,-0.00180809,0.362249,0.00000000,0.00000000,0.00000000,0.00000000,0.00000000,0.00000000,0.00000000,0.00000000,888.9522,2.7324,25.3458,16.45847624,44.11536107,1203.4316
1.890000,4393498.251269,4259880.657360,1795784.925051,-28.517057,-27.630036,119.318396,0.99827246,0.05248806,-0.02636407,0.00142782,0.00501130,-0.14016180,0.01522646,12.0247,1203.3912,112.3785,-0.01823278,-0.00188789,0.364410,0.00000000,0.00000000,0.00000000,0.00000000,0.00000000,0.00000000,0.00000000,0.00000000,888.6354,2.8777,26.8025,16.45848750,44.11536107,1203.3912
1.900000,4393497.964786,4259880.379788,1795786.121577,-28.779706,-27.884482,119.986664,0.99825409,0.05251136,-0.02700346,0.00146451,0.00483630,-0.11453356,0.01255799,12.0206,1203.3492,113.6314,-0.01869433,-0.00194143,0.366575,0.00000000,0.00000000,0.00000000,0.00000000,0.00000000,0.00000000,0.00000000,0.00000000,898.0896,2.9861,27.9077,16.45849882,44.11536107,1203.3492
1.910000,4393497.675672,4259880.099668,1795787.324782,-29.043220,-28.139773,120.654382,0.99823892,0.05253395,-0.02751362,0.00149454,0.00466647,-0.08872286,0.00986209,12.0164,1203.3057,114.8917,-0.01889913,-0.00196825,0.368760,0.00000000,0.00000000,0.00000000,0.00000000,0.00000000,0.00000000,0.00000000,0.00000000,897.6750,3.0558,28.6440,16.45851021,44.11536107,1203.3057
1.920000,4393497.383920,4259879.816991,1795788.534663,-29.306923,-28.395250,121.320450,0.99822717,0.05255587,-0.02789448,0.00151786,0.00450168,-0.06306603,0.00717398,12.0122,1203.2605,116.1594,-0.01884872,-0.00196842,0.370945,0.00000000,0.00000000,0.00000000,0.00000000,0.00000000,0.00000000,0.00000000,0.00000000,897.2588,3.0852,28.9955,16.45852166,44.11536107,1203.2605
1.930000,4393497.089533,4259879.531762,1795789.751191,-29.570787,-28.650888,121.986326,0.99821891,0.05257716,-0.02814768,0.00153452,0.00434180,-0.03790227,0.00452932,12.0081,1203.2137,117.4345,-0.01854715,-0.00194227,0.373126,0.00000000,0.00000000,0.00000000,0.00000000,0.00000000,0.00000000,0.00000000,0.00000000,887.0720,3.0734,28.9526,16.45853319,44.11536108,1203.2137
1.940000,4393496.792505,4259879.243974,1795790.974389,-29.834791,-28.906662,122.653466,0.99821417,0.05259784,-0.02827652,0.00154465,0.00418668,-0.01356703,0.00196346,12.0039,1203.1653,118.7171,-0.01800139,-0.00189043,0.375308,0.00000000,0.00000000,0.00000000,0.00000000,0.00000000,0.00000000,0.00000000,0.00000000,896.4228,3.0199,28.5117,16.45854478,44.11536108,1203.1653
1.950000,4393496.492832,4259878.953624,1795792.204286,-30.099587,-29.163206,123.325926,0.99821283,0.05261792,-0.02828600,0.00154848,0.00403620,0.00961159,-0.00048887,11.9997,1203.1152,120.0071,-0.01722170,-0.00181389,0.377493,0.00000000,0.00000000,0.00000000,0.00000000,0.00000000,0.00000000,0.00000000,0.00000000,896.0016,2.9252,27.6748,16.45855643,44.11536108,1203.1152
1.960000,4393496.190523,4259878.660719,1795793.440883,-30.362189,-29.417626,123.993564,0.99821473,0.05263743,-0.02818271,0.00154631,0.00389023,0.03131732,-0.00279411,11.9955,1203.0635,121.3046,-0.01622119,-0.00171395,0.379695,0.00000000,0.00000000,0.00000000,0.00000000,0.00000000,0.00000000,0.00000000,0.00000000,895.5755,2.7901,26.4502,16.45856816,44.11536108,1203.0635
1.970000,4393495.885592,4259878.365276,1795794.684159,-30.623608,-29.670897,124.661698,0.99821959,0.05265637,-0.02797481,0.00153854,0.00374864,0.05125083,-0.00492032,11.9913,1203.0102,122.6095,-0.01501789,-0.00159240,0.381880,0.00000000,0.00000000,0.00000000,0.00000000,0.00000000,0.00000000,0.00000000,0.00000000,895.1509,2.6159,24.8486,16.45857995,44.11536108,1203.0102
1.980000,4393495.578049,4259878.067300,1795795.934145,-30.884871,-29.924015,125.335639,0.99822708,0.05267474,-0.02767188,0.00152563,0.00361133,0.06913603,-0.00683791,11.9872,1202.9552,123.9219,-0.01363051,-0.00145114,0.384066,0.00000000,0.00000000,0.00000000,0.00000000,0.00000000,0.00000000,0.00000000,0.00000000,894.7246,2.4048,22.8905,16.45859181,44.11536108,1202.9552
1.990000,4393495.267907,4259877.766807,1795797.190849,-31.143062,-30.174154,126.005209,0.99823682,0.05269256,-0.02728485,0.00150812,0.00347819,0.08472339,-0.00851999,11.9830,1202.8987,125.2417,-0.01208053,-0.00129235,0.386268,0.00000000,0.00000000,0.00000000,0.00000000,0.00000000,0.00000000,0.00000000,0.00000000,894.2936,2.1594,20.6016,16.45860374,44.11536108,1202.8987
2.000000,4393494.955188,4259877.463817,1795798.454278,-31.400576,-30.423632,126.680828,0.99824839,0.05270982,-0.02682580,0.00148661,0.00334912,0.09779482,-0.00994283,11.9788,1202.8406,126.5690,-0.01039332,-0.00111864,0.388454,0.00000000,0.00000000,0.00000000,0.00000000,0.00000000,0.00000000,0.00000000,0.00000000,893.9590,1.8830,18.0104,16.45861573,44.11536109,1202.8406
2.010000,4393494.639910,4259877.158348,1795799.724443,-31.654900,-30.670015,127.353569,0.99826133,0.05272651,-0.02630783,0.00146176,0.00322404,0.10816784,-0.01108638,11.9746,1202.7810,127.9038,-0.00859420,-0.00093260,0.390657,0.00000000,0.00000000,0.00000000,0.00000000,0.00000000,0.00000000,0.00000000,0.00000000,893.3895,1.5794,15.1543,16.45862779,44.11536109,1202.7810
2.020000,4393494.322091,4259876.850418,1795801.001379,-31.908473,-30.915662,128.033764,0.99827519,0.05274264,-0.02574486,0.00143428,0.00310285,0.11569931,-0.01193462,11.9704,1202.7198,129.2461,-0.00671169,-0.00073719,0.392847,0.00000000,0.00000000,0.00000000,0.00000000,0.00000000,0.00000000,0.00000000,0.00000000,902.7676,1.2528,12.0725,16.45863992,44.11536109,1202.7198
2.030000,4393494.001755,4259876.540049,1795802.285096,-32.158238,-31.157614,128.709938,0.99828954,0.05275821,-0.02515141,0.00140492,0.00298548,0.12028816,-0.01247588,11.9662,1202.6572,130.5958,-0.00477423,-0.00053537,0.395057,0.00000000,0.00000000,0.00000000,0.00000000,0.00000000,0.00000000,0.00000000,0.00000000,902.2813,0.9081,8.8109,16.45865212,44.11536109,1202.6572
2.040000,4393493.678928,4259876.227268,1795803.575607,-32.406698,-31.398292,129.392367,0.99830395,0.05277320,-0.02454242,0.00137443,0.00287186,0.12187820,-0.01270316,11.9620,1202.5932,131.9530,-0.00281211,-0.00033029,0.397252,0.00000000,0.00000000,0.00000000,0.00000000,0.00000000,0.00000000,0.00000000,0.00000000,901.8928,0.5502,5.4170,16.45866438,44.11536109,1202.5932
2.050000,4393493.353630,4259875.912092,1795804.872948,-32.652526,-31.636412,130.075984,0.99831802,0.05278763,-0.02393298,0.00134361,0.00276190,0.12046030,-0.01261429,11.9578,1202.5277,133.3177,-0.00085510,-0.00012506,0.399462,0.00000000,0.00000000,0.00000000,0.00000000,0.00000000,0.00000000,0.00000000,0.00000000,901.3043,0.1849,1.9432,16.45867671,44.11536109,1202.5277
2.060000,4393493.025887,4259875.594548,1795806.177130,-32.895718,-31.871967,130.760737,0.99833141,0.05280148,-0.02333811,0.00131324,0.00265547,0.11607468,-0.01221201,11.9536,1202.4609,134.6900,0.00106673,0.00007714,0.401672,0.00000000,0.00000000,0.00000000,0.00000000,0.00000000,0.00000000,0.00000000,0.00000000,900.9080,-0.1825,-1.5577,16.45868911,44.11536109,1202.4609
2.070000,4393492.695724,4259875.274661,1795807.488166,-33.136324,-32.105008,131.446591,0.99834381,0.05281477,-0.02277251,0.00128408,0.00255249,0.10880534,-0.01150399,11.9494,1202.3928,136.0698,0.00292413,0.00027324,0.403881,0.00000000,0.00000000,0.00000000,0.00000000,0.00000000,0.00000000,0.00000000,0.00000000,900.4117,-0.5460,-5.0310,16.45870158,44.11536110,1202.3928
2.080000,4393492.363162,4259874.952450,1795808.806092,-33.375728,-32.336873,132.138674,0.99835495,0.05282750,-0.02225035,0.00125690,0.00245290,0.09878316,-0.01050295,11.9451,1202.3234,137.4571,0.00468893,0.00046024,0.406091,0.00000000,0.00000000,0.00000000,0.00000000,0.00000000,0.00000000,0.00000000,0.00000000,900.0117,-0.8999,-8.4200,16.45871412,44.11536110,1202.3234
2.090000,4393492.028224,4259874.627938,1795810.130917,-33.611507,-32.565216,132.826552,0.99836459,0.05283966,-0.02178503,0.00123241,0.00235664,0.08618544,-0.00922655,11.9409,1202.2527,138.8519,0.00633431,0.00063530,0.408316,0.00000000,0.00000000,0.00000000,0.00000000,0.00000000,0.00000000,0.00000000,0.00000000,899.4078,-1.2383,-11.6693,16.45872672,44.11536110,1202.2527
2.100000,4393491.690939,4259874.301152,1795811.462625,-33.845133,-32.791462,133.515301,0.99837257,0.05285128,-0.02138893,0.00121128,0.00226363,0.07123414,-0.00769722,11.9367,1202.1808,140.2543,0.00783605,0.00079581,0.410525,0.00000000,0.00000000,0.00000000,0.00000000,0.00000000,0.00000000,0.00000000,0.00000000,898.9038,-1.5554,-14.7233,16.45873940,44.11536110,1202.1808
2.110000,4393491.351321,4259873.972108,1795812.801251,-34.078431,-33.017380,134.211301,0.99837872,0.05286236,-0.02107324,0.00119411,0.00217378,0.05419198,-0.00594180,11.9324,1202.1077,141.6643,0.00917173,0.00093936,0.412733,0.00000000,0.00000000,0.00000000,0.00000000,0.00000000,0.00000000,0.00000000,0.00000000,898.4976,-1.8458,-17.5300,16.45875214,44.11536110,1202.1077
2.120000,4393491.009382,4259873.640816,1795814.146827,-34.308790,-33.240441,134.902705,0.99838291,0.05287290,-0.02084772,0.00118145,0.00208701,0.03535928,-0.00399118,11.9282,1202.0335,143.0817,0.01032146,0.00106380,0.414961,0.00000000,0.00000000,0.00000000,0.00000000,0.00000000,0.00000000,0.00000000,0.00000000,907.7359,-2.1046,-20.0414,16.45876494,44.11536110,1202.0335
2.130000,4393490.665144,4259873.307298,1795815.499333,-34.538738,-33.463093,135.598431,0.99838504,0.05288292,-0.02072052,0.00117375,0.00200322,0.01507042,-0.00187994,11.9240,1201.9581,144.5068,0.01126978,0.00116743,0.417173,0.00000000,0.00000000,0.00000000,0.00000000,0.00000000,0.00000000,0.00000000,0.00000000,897.4723,-2.3268,-22.2107,16.45877782,44.11536111,1201.9581
2.140000,4393490.318611,4259872.971558,1795816.858797,-34.767661,-33.684744,136.294468,0.99838500,0.05289242,-0.02069806,0.00117139,0.00192232,-0.00631309,0.00035433,11.9197,1201.8817,145.9394,0.01200317,0.00124875,0.419396,0.00000000,0.00000000,0.00000000,0.00000000,0.00000000,0.00000000,0.00000000,0.00000000,896.8533,-2.5086,-23.9998,16.45879077,44.11536111,1201.8817
2.150000,4393489.969799,4259872.633611,1795818.225197,-34.994970,-33.904823,136.986793,0.99838272,0.05290142,-0.02078489,0.00117464,0.00184421,-0.02840678,0.00267153,11.9155,1201.8041,147.3796,0.01251282,0.00130676,0.421618,0.00000000,0.00000000,0.00000000,0.00000000,0.00000000,0.00000000,0.00000000,0.00000000,896.4352,-2.6465,-25.3745,16.45880378,44.11536111,1201.8041
2.160000,4393489.618706,4259872.293456,1795819.598559,-35.223248,-34.125834,137.684248,0.99837810,0.05290992,-0.02098357,0.00118368,0.00176879,-0.05081166,0.00502987,11.9112,1201.7255,148.8273,0.01279386,0.00134085,0.423829,0.00000000,0.00000000,0.00000000,0.00000000,0.00000000,0.00000000,0.00000000,0.00000000,905.6632,-2.7376,-26.3071,16.45881686,44.11536111,1201.7255
2.170000,4393489.265340,4259871.951100,1795820.978855,-35.450666,-34.346006,138.377637,0.99837107,0.05291793,-0.02129465,0.00119857,0.00169596,-0.07311928,0.00738641,11.9070,1201.6458,150.2827,0.01284426,0.00135072,0.426054,0.00000000,0.00000000,0.00000000,0.00000000,0.00000000,0.00000000,0.00000000,0.00000000,895.3896,-2.7802,-26.7804,16.45883002,44.11536111,1201.6458
2.180000,4393488.909685,4259871.606529,1795822.366136,-35.680162,-34.568185,139.077155,0.99836156,0.05292546,-0.02171660,0.00121928,0.00162561,-0.09492171,0.00969814,11.9027,1201.5650,151.7455,0.01266771,0.00133669,0.428268,0.00000000,0.00000000,0.00000000,0.00000000,0.00000000,0.00000000,0.00000000,0.00000000,914.4591,-2.7731,-26.7814,16.45884323,44.11536111,1201.5650
2.190000,4393488.551734,4259871.259734,1795823.760397,-35.910198,-34.790884,139.774808,0.99834950,0.05293252,-0.02224589,0.00124567,0.00155767,-0.11581652,0.01192247,11.8985,1201.4831,153.2160,0.01227013,0.00129927,0.430501,0.00000000,0.00000000,0.00000000,0.00000000,0.00000000,0.00000000,0.00000000,0.00000000,904.1799,-2.7164,-26.3100,16.45885652,44.11536112,1201.4831
2.200000,4393488.191477,4259870.910707,1795825.161630,-36.141464,-35.014772,140.471709,0.99833485,0.05293911,-0.02287696,0.00127748,0.00149204,-0.13541569,0.01401816,11.8942,1201.4002,154.6940,0.01166310,0.00123960,0.432730,0.00000000,0.00000000,0.00000000,0.00000000,0.00000000,0.00000000,0.00000000,0.00000000,903.6448,-2.6107,-25.3709,16.45886988,44.11536112,1201.4002
2.210000,4393487.828900,4259870.559433,1795826.569828,-36.374639,-35.240508,141.168988,0.99831758,0.05294525,-0.02360239,0.00131436,0.00142865,-0.15335336,0.01594617,11.8899,1201.3161,156.1797,0.01086112,0.00115913,0.434958,0.00000000,0.00000000,0.00000000,0.00000000,0.00000000,0.00000000,0.00000000,0.00000000,903.1071,-2.4578,-23.9797,16.45888330,44.11536112,1201.3161
2.220000,4393487.463978,4259870.205891,1795827.985006,-36.610052,-35.468412,141.866481,0.99829773,0.05295094,-0.02441298,0.00135587,0.00136744,-0.16929362,0.01767044,11.8857,1201.2310,157.6729,0.00988225,0.00105968,0.437190,0.00000000,0.00000000,0.00000000,0.00000000,0.00000000,0.00000000,0.00000000,0.00000000,912.4134,-2.2602,-22.1611,16.45889680,44.11536112,1201.2310
2.230000,4393487.096691,4259869.850058,1795829.407153,-36.847345,-35.698139,142.561429,0.99827536,0.05295619,-0.02529792,0.00140149,0.00130834,-0.18293687,0.01915861,11.8814,1201.1447,159.1738,0.00874786,0.00094342,0.439426,0.00000000,0.00000000,0.00000000,0.00000000,0.00000000,0.00000000,0.00000000,0.00000000,911.8680,-2.0217,-19.9480,16.45891036,44.11536112,1201.1447
2.240000,4393486.727023,4259869.491920,1795830.836230,-37.087120,-35.930272,143.255056,0.99825058,0.05296103,-0.02624503,0.00145059,0.00125132,-0.19402668,0.02038269,11.8771,1201.0572,160.6823,0.00748227,0.00081285,0.441658,0.00000000,0.00000000,0.00000000,0.00000000,0.00000000,0.00000000,0.00000000,0.00000000,901.4745,-1.7466,-17.3813,16.45892399,44.11536113,1201.0572
2.250000,4393486.354940,4259869.131444,1795832.272249,-37.329560,-36.164991,143.947145,0.99822359,0.05296546,-0.02724094,0.00150252,0.00119633,-0.20235642,0.02131986,11.8728,1200.9685,162.1983,0.00611199,0.00067072,0.443890,0.00000000,0.00000000,0.00000000,0.00000000,0.00000000,0.00000000,0.00000000,0.00000000,910.7715,-1.4402,-14.5103,16.45893769,44.11536113,1200.9685
2.260000,4393485.980415,4259868.768604,1795833.715194,-37.576181,-36.403765,144.642848,0.99819464,0.05296952,-0.02827138,0.00155653,0.00114334,-0.20777339,0.02195282,11.8686,1200.8785,163.7220,0.00466538,0.00051995,0.446121,0.00000000,0.00000000,0.00000000,0.00000000,0.00000000,0.00000000,0.00000000,0.00000000,900.4812,-1.1083,-11.3907,16.45895146,44.11536113,1200.8785
2.270000,4393485.603413,4259868.403366,1795835.165075,-37.824773,-36.644451,145.333033,0.99816406,0.05297322,-0.02932148,0.00161188,0.00109232,-0.21018314,0.02227035,11.8643,1200.7872,165.2533,0.00317205,0.00036364,0.448368,0.00000000,0.00000000,0.00000000,0.00000000,0.00000000,0.00000000,0.00000000,0.00000000,909.6606,-0.7576,-8.0846,16.45896530,44.11536113,1200.7872
2.280000,4393485.223903,4259868.035699,1795836.621875,-38.077735,-36.889379,146.026719,0.99813225,0.05297660,-0.03037602,0.00166777,0.00104326,-0.20955212,0.02226755,11.8600,1200.6946,166.7922,0.00166264,0.00020500,0.450602,0.00000000,0.00000000,0.00000000,0.00000000,0.00000000,0.00000000,0.00000000,0.00000000,909.2107,-0.3950,-4.6574,16.45897920,44.11536113,1200.6946
2.290000,4393484.841848,4259867.665568,1795838.085603,-38.333720,-37.137240,146.718651,0.99809968,0.05297968,-0.03141981,0.00172341,0.00099610,-0.20591236,0.02194612,11.8557,1200.6006,168.3387,0.00016759,0.00004722,0.452853,0.00000000,0.00000000,0.00000000,0.00000000,0.00000000,0.00000000,0.00000000,0.00000000,908.6462,-0.0279,-1.1793,16.45899318,44.11536114,1200.6006
2.300000,4393484.457226,4259867.292951,1795839.556216,-38.590966,-37.386330,147.402355,0.99806687,0.05298251,-0.03243795,0.00177801,0.00095082,-0.19935974,0.02131441,11.8514,1200.5052,169.8929,-0.00128302,-0.00010651,0.455103,0.00000000,0.00000000,0.00000000,0.00000000,0.00000000,0.00000000,0.00000000,0.00000000,907.9696,0.3362,2.2798,16.45900722,44.11536114,1200.5052
2.310000,4393484.070013,4259866.917826,1795841.033670,-38.852429,-37.639512,148.089522,0.99803436,0.05298513,-0.03341619,0.00183080,0.00090738,-0.19004754,0.02038727,11.8471,1200.4083,171.4546,-0.00266041,-0.00025315,0.457332,0.00000000,0.00000000,0.00000000,0.00000000,0.00000000,0.00000000,0.00000000,0.00000000,897.6712,0.6896,5.6459,16.45902133,44.11536114,1200.4083
2.320000,4393483.680168,4259866.540152,1795842.518001,-39.116942,-37.895655,148.776407,0.99800274,0.05298756,-0.03434120,0.00188108,0.00086576,-0.17818716,0.01918584,11.8428,1200.3099,173.0240,-0.00393732,-0.00038978,0.459577,0.00000000,0.00000000,0.00000000,0.00000000,0.00000000,0.00000000,0.00000000,0.00000000,906.9432,1.0249,8.8477,16.45903552,44.11536114,1200.3099
2.330000,4393483.287665,4259866.159905,1795844.009193,-39.383935,-38.154207,149.461765,0.99797257,0.05298985,-0.03520082,0.00192818,0.00082591,-0.16404544,0.01773716,11.8385,1200.2099,174.6010,-0.00508905,-0.00051374,0.461826,0.00000000,0.00000000,0.00000000,0.00000000,0.00000000,0.00000000,0.00000000,0.00000000,906.2575,1.3349,11.8170,16.45904977,44.11536114,1200.2099
2.340000,4393482.892482,4259865.777061,1795845.507232,-39.653150,-38.414918,150.145735,0.99794443,0.05299204,-0.03598440,0.00197150,0.00078779,-0.14793932,0.01607375,11.8342,1200.1083,176.1856,-0.00609365,-0.00062265,0.464074,0.00000000,0.00000000,0.00000000,0.00000000,0.00000000,0.00000000,0.00000000,0.00000000,905.7909,1.6130,14.4893,16.45906408,44.11536115,1200.1083
