t_sim,cmd_1_deg,cmd_2_deg,cmd_3_deg,cmd_4_deg,fb_1_deg,fb_2_deg,fb_3_deg,fb_4_deg,err_1_deg,err_2_deg,err_3_deg,err_4_deg,online_mask,tx_fail
73535.190574,0.0000,0.0000,0.0000,0.0000,0.0000,0.0000,0.0000,0.0000,0.0000,0.0000,0.0000,0.0000,15,0
73535.218278,0.0000,0.0000,0.0000,0.0000,-0.1667,0.0000,0.0000,0.0000,0.1667,0.0000,0.0000,0.0000,15,0
73535.240492,0.0000,0.0000,0.0000,0.0000,-0.1667,0.0000,-0.1111,-0.1667,0.1667,0.0000,0.1111,0.1667,15,0
73535.267168,0.0000,0.0000,0.0000,0.0000,-0.1667,1.1111,-0.1111,-0.1667,0.1667,-1.1111,0.1111,0.1667,15,0
73535.293576,0.0000,0.0000,0.0000,0.0000,-0.1667,1.1111,-0.1111,-0.1667,0.1667,-1.1111,0.1111,0.1667,15,0
73535.320196,0.0000,0.0000,0.0000,0.0000,-0.1667,1.1111,-0.1111,-0.1667,0.1667,-1.1111,0.1111,0.1667,15,0
73535.351711,0.0000,0.0000,0.0000,0.0000,-0.1667,1.1111,-0.1111,-0.1667,0.1667,-1.1111,0.1111,0.1667,15,0
73535.378229,0.0000,0.0000,0.0000,0.0000,-0.1667,1.1111,-0.1111,-0.1667,0.1667,-1.1111,0.1111,0.1667,15,0
73535.410308,0.0000,0.0000,0.0000,0.0000,-0.1667,1.1111,-0.1667,-0.1667,0.1667,-1.1111,0.1667,0.1667,15,0
73535.442118,0.0000,0.0000,0.0000,0.0000,-0.1667,1.1111,-0.1111,-0.1667,0.1667,-1.1111,0.1111,0.1667,15,0
73535.468784,0.0000,0.0000,0.0000,0.0000,-0.1667,1.1111,-0.1111,-0.1667,0.1667,-1.1111,0.1111,0.1667,15,0
73535.500679,0.0000,0.0000,0.0000,0.0000,-0.1667,1.1111,-0.1111,-0.1667,0.1667,-1.1111,0.1111,0.1667,15,0
73535.527115,0.0000,0.0000,0.0000,0.0000,-0.1667,1.1111,-0.1111,-0.1667,0.1667,-1.1111,0.1111,0.1667,15,0
73535.559139,0.0000,0.0000,0.0000,0.0000,-0.1667,1.1111,-0.1111,-0.1667,0.1667,-1.1111,0.1111,0.1667,15,0
73535.591156,0.0000,0.0000,0.0000,0.0000,-0.1667,1.1111,-0.1111,-0.1667,0.1667,-1.1111,0.1111,0.1667,15,0
73535.617708,0.0000,0.0000,0.0000,0.0000,-0.1667,1.1111,-0.1111,-0.1667,0.1667,-1.1111,0.1111,0.1667,15,0
73535.649625,0.0000,0.0000,0.0000,0.0000,-0.1667,1.1111,-0.1111,-0.1667,0.1667,-1.1111,0.1111,0.1667,15,0
73535.681230,0.0000,0.0000,0.0000,0.0000,-0.2222,1.1111,-0.1667,-0.1667,0.2222,-1.1111,0.1667,0.1667,15,0
73535.707451,0.0000,0.0000,0.0000,0.0000,-0.1667,1.1111,-0.1111,-0.1667,0.1667,-1.1111,0.1111,0.1667,15,0
73535.739077,0.0000,0.0000,0.0000,0.0000,-0.1667,1.1111,-0.1111,-0.1667,0.1667,-1.1111,0.1111,0.1667,15,0
73535.770486,0.0000,0.0000,0.0000,0.0000,-0.1667,1.1111,-0.1111,-0.1667,0.1667,-1.1111,0.1111,0.1667,15,0
73535.796779,0.0000,0.0000,0.0000,0.0000,-0.1667,1.1111,-0.1111,-0.1667,0.1667,-1.1111,0.1111,0.1667,15,0
73535.828145,0.0000,0.0000,0.0000,0.0000,-0.1667,1.1111,-0.1111,-0.1667,0.1667,-1.1111,0.1111,0.1667,15,0
73535.859871,0.0000,0.0000,0.0000,0.0000,-0.1667,1.1111,-0.1667,-0.1667,0.1667,-1.1111,0.1667,0.1667,15,0
73535.891290,0.0000,0.0000,0.0000,0.0000,-0.1667,1.1111,-0.1111,-0.1667,0.1667,-1.1111,0.1111,0.1667,15,0
73535.917596,0.0000,0.0000,0.0000,0.0000,-0.1667,1.1111,-0.1111,-0.1667,0.1667,-1.1111,0.1111,0.1667,15,0
73535.949092,0.0000,0.0000,0.0000,0.0000,-0.1667,1.1111,-0.1111,-0.1667,0.1667,-1.1111,0.1111,0.1667,15,0
73535.980664,0.0000,0.0000,0.0000,0.0000,-0.1667,1.1111,-0.1111,-0.1667,0.1667,-1.1111,0.1111,0.1667,15,0
73536.006880,0.0000,0.0000,0.0000,0.0000,-0.1667,1.1111,-0.1111,-0.1667,0.1667,-1.1111,0.1111,0.1667,15,0
73536.038551,0.0000,0.0000,0.0000,0.0000,-0.1667,1.1111,-0.1111,-0.1667,0.1667,-1.1111,0.1111,0.1667,15,0
73536.070085,0.0000,0.0000,0.0000,0.0000,-0.1667,1.1111,-0.1111,-0.1667,0.1667,-1.1111,0.1111,0.1667,15,0
73536.101662,0.0000,0.0000,0.0000,0.0000,-0.1667,1.1111,-0.1111,-0.1667,0.1667,-1.1111,0.1111,0.1667,15,0
73536.128171,0.0000,0.0000,0.0000,0.0000,-0.1667,1.1111,-0.1111,-0.1667,0.1667,-1.1111,0.1111,0.1667,15,0
73536.159811,0.0000,0.0000,0.0000,0.0000,-0.1667,1.1111,-0.1111,-0.1667,0.1667,-1.1111,0.1111,0.1667,15,0
73536.197102,0.0000,0.0000,0.0000,0.0000,-0.1667,1.1111,-0.1111,-0.1667,0.1667,-1.1111,0.1111,0.1667,15,0
73536.228824,0.0000,0.0000,0.0000,0.0000,-0.1667,1.1111,-0.1111,-0.1667,0.1667,-1.1111,0.1111,0.1667,15,0
73536.265703,0.0000,0.0000,0.0000,0.0000,-0.1667,1.1111,-0.1111,-0.1667,0.1667,-1.1111,0.1111,0.1667,15,0
73536.302813,0.0000,0.0000,0.0000,0.0000,-0.1667,1.1111,-0.1111,-0.1667,0.1667,-1.1111,0.1111,0.1667,15,0
73536.334388,0.0000,0.0000,0.0000,0.0000,-0.1667,1.1111,-0.1111,-0.1667,0.1667,-1.1111,0.1111,0.1667,15,0
73536.371212,0.0000,0.0000,0.0000,0.0000,-0.1667,1.1111,-0.1111,-0.1667,0.1667,-1.1111,0.1111,0.1667,15,0
73536.408946,0.0000,0.0000,0.0000,0.0000,-0.1667,-0.1111,-0.1111,-0.1667,0.1667,0.1111,0.1111,0.1667,15,0
73536.440411,0.0000,0.0000,0.0000,0.0000,-0.1667,-0.1111,-0.1111,-0.1667,0.1667,0.1111,0.1111,0.1667,15,0
73536.477368,0.0000,0.0000,0.0000,0.0000,-0.1667,-0.1667,-0.1111,-0.1667,0.1667,0.1667,0.1111,0.1667,15,0
73536.514256,0.0000,0.0000,0.0000,0.0000,-0.1667,-0.1111,-0.1111,-0.1667,0.1667,0.1111,0.1111,0.1667,15,0
73536.546662,0.0000,0.0000,0.0000,0.0000,-0.1667,-0.1111,-0.1111,-0.1667,0.1667,0.1111,0.1111,0.1667,15,0
73536.583480,0.0000,0.0000,0.0000,0.0000,-0.1667,-0.1111,-0.1111,-0.1667,0.1667,0.1111,0.1111,0.1667,15,0
73536.620233,0.0000,0.0000,0.0000,0.0000,-0.1667,-0.1111,-0.1111,-0.1667,0.1667,0.1111,0.1111,0.1667,15,0
73536.657292,0.0000,0.0000,0.0000,0.0000,-0.1667,-0.1111,-0.1667,-0.1667,0.1667,0.1111,0.1667,0.1667,15,0
73536.688709,0.0000,0.0000,0.0000,0.0000,-0.1667,-0.1111,-0.1111,-0.1667,0.1667,0.1111,0.1111,0.1667,15,0
73536.725538,0.0000,0.0000,0.0000,0.0000,-0.1111,-0.1111,-0.1111,-0.1667,0.1111,0.1111,0.1111,0.1667,15,0
73536.762142,0.0000,0.0000,0.0000,0.0000,-0.1667,-0.1111,-0.1111,-0.1667,0.1667,0.1111,0.1111,0.1667,15,0
73536.793890,0.0000,0.0000,0.0000,0.0000,-0.1667,-0.1111,-0.1667,-0.1667,0.1667,0.1111,0.1667,0.1667,15,0
73536.830635,0.0000,0.0000,0.0000,0.0000,-0.1667,-0.1111,-0.1667,-0.1667,0.1667,0.1111,0.1667,0.1667,15,0
73536.867794,0.0000,0.0000,0.0000,0.0000,-0.1111,-0.1111,-0.1111,-0.1667,0.1111,0.1111,0.1111,0.1667,15,0
73536.905005,0.0000,0.0000,0.0000,0.0000,-0.2222,-0.1111,-0.1667,-0.1667,0.2222,0.1111,0.1667,0.1667,15,0
73536.936502,0.0000,0.0000,0.0000,0.0000,-0.1667,-0.1111,-0.1667,-0.1667,0.1667,0.1111,0.1667,0.1667,15,0
73536.973649,0.0000,0.0000,0.0000,0.0000,-0.1667,-0.1111,-0.1667,-0.1667,0.1667,0.1111,0.1667,0.1667,15,0
73537.010589,0.0000,0.0000,0.0000,0.0000,-0.1667,-0.1111,-0.1667,-0.1667,0.1667,0.1111,0.1667,0.1667,15,0
73537.042220,0.0000,0.0000,0.0000,0.0000,-0.1667,-0.1111,-0.1111,-0.1667,0.1667,0.1111,0.1111,0.1667,15,0
73537.079096,0.0000,0.0000,0.0000,0.0000,-0.1667,-0.1111,-0.1111,-0.1667,0.1667,0.1111,0.1111,0.1667,15,0
73537.116042,0.0000,0.0000,0.0000,0.0000,-0.1667,-0.1111,-0.1667,-0.1667,0.1667,0.1111,0.1667,0.1667,15,0
73537.152992,0.0000,0.0000,0.0000,0.0000,-0.1111,-0.1111,-0.1111,-0.1667,0.1111,0.1111,0.1111,0.1667,15,0
73537.184642,0.0000,0.0000,0.0000,0.0000,-0.1667,-0.1111,-0.1111,-0.1667,0.1667,0.1111,0.1111,0.1667,15,0
73537.221803,0.0000,0.0000,0.0000,0.0000,-0.1667,-0.1111,-0.1111,-0.1667,0.1667,0.1111,0.1111,0.1667,15,0
73537.258668,0.0000,0.0000,0.0000,0.0000,-0.1667,-0.1111,-0.1111,-0.1667,0.1667,0.1111,0.1111,0.1667,15,0
73537.290154,0.0000,0.0000,0.0000,0.0000,-0.1667,-0.1111,-0.1111,-0.1667,0.1667,0.1111,0.1111,0.1667,15,0
73537.327301,0.0000,0.0000,0.0000,0.0000,-0.1667,-0.1111,-0.1111,-0.1667,0.1667,0.1111,0.1111,0.1667,15,0
73537.364099,0.0000,0.0000,0.0000,0.0000,-0.1667,-0.1111,-0.1111,-0.1667,0.1667,0.1111,0.1111,0.1667,15,0
73537.401012,0.0000,0.0000,0.0000,0.0000,-0.1667,-0.1111,-0.1111,-0.1667,0.1667,0.1111,0.1111,0.1667,15,0
73537.432581,0.0000,0.0000,0.0000,0.0000,-0.1667,-0.1111,-0.1111,-0.1667,0.1667,0.1111,0.1111,0.1667,15,0
73537.470672,0.0000,0.0000,0.0000,0.0000,-0.1667,-0.1111,-0.1111,-0.1667,0.1667,0.1111,0.1111,0.1667,15,0
73537.507295,0.0000,0.0000,0.0000,0.0000,-0.1667,-0.1111,-0.1111,-0.1667,0.1667,0.1111,0.1111,0.1667,15,0
73537.539024,0.0000,0.0000,0.0000,0.0000,-0.1667,-0.1111,-0.1111,-0.1667,0.1667,0.1111,0.1111,0.1667,15,0
73537.576031,0.0000,0.0000,0.0000,0.0000,-0.1667,-0.1111,-0.1111,-0.1667,0.1667,0.1111,0.1111,0.1667,15,0
73537.612494,0.0000,0.0000,0.0000,0.0000,-0.1667,-0.1111,-0.1111,-0.1667,0.1667,0.1111,0.1111,0.1667,15,0
73537.644013,0.0000,0.0000,0.0000,0.0000,-0.1667,-0.1111,-0.1111,-0.1667,0.1667,0.1111,0.1111,0.1667,15,0
73537.681384,0.0000,0.0000,0.0000,0.0000,-0.1667,-0.1111,-0.1111,-0.1667,0.1667,0.1111,0.1111,0.1667,15,0
73537.718600,0.0000,0.0000,0.0000,0.0000,-0.1667,-0.1111,-0.1111,-0.1667,0.1667,0.1111,0.1111,0.1667,15,0
73537.750281,0.0000,0.0000,0.0000,0.0000,-0.1667,-0.1111,-0.1111,-0.1667,0.1667,0.1111,0.1111,0.1667,15,0
73537.787156,0.0000,0.0000,0.0000,0.0000,-0.1111,-0.1111,-0.1667,-0.1667,0.1111,0.1111,0.1667,0.1667,15,0
73537.824013,0.0000,0.0000,0.0000,0.0000,-0.1667,-0.1111,-0.1111,-0.1667,0.1667,0.1111,0.1111,0.1667,15,0
73537.860824,0.0000,0.0000,0.0000,0.0000,-0.1667,-0.1111,-0.1111,-0.1667,0.1667,0.1111,0.1111,0.1667,15,0
73537.893112,0.0000,0.0000,0.0000,0.0000,-0.1667,-0.1111,-0.1111,-0.1667,0.1667,0.1111,0.1111,0.1667,15,0
73537.930801,0.0000,0.0000,0.0000,0.0000,-0.1667,-0.1111,-0.1111,-0.1667,0.1667,0.1111,0.1111,0.1667,15,0
73537.963315,0.0000,0.0000,0.0000,0.0000,-0.1667,-0.1111,-0.1667,-0.1667,0.1667,0.1111,0.1667,0.1667,15,0
73538.000125,0.0000,0.0000,0.0000,0.0000,-0.1667,-0.1111,-0.1667,-0.1667,0.1667,0.1111,0.1667,0.1667,15,0
73538.037167,0.0000,0.0000,0.0000,0.0000,-0.1667,-0.1111,-0.1111,-0.1667,0.1667,0.1111,0.1111,0.1667,15,0
73538.069731,0.0000,0.0000,0.0000,0.0000,-0.1667,-0.1111,-0.1111,-0.1667,0.1667,0.1111,0.1111,0.1667,15,0
73538.106751,0.0000,0.0000,0.0000,0.0000,-0.1667,-0.1111,-0.1111,-0.1667,0.1667,0.1111,0.1111,0.1667,15,0
73538.143519,0.0000,0.0000,0.0000,0.0000,-0.1667,-0.1111,-0.1111,-0.1667,0.1667,0.1111,0.1111,0.1667,15,0
73538.175424,0.0000,0.0000,0.0000,0.0000,-0.1667,-0.1111,-0.1111,-0.1667,0.1667,0.1111,0.1111,0.1667,15,0
73538.212739,0.0000,0.0000,0.0000,0.0000,-0.1667,-0.1111,-0.1111,-0.1667,0.1667,0.1111,0.1111,0.1667,15,0
73538.249668,0.0000,0.0000,0.0000,0.0000,-0.1667,-0.1111,-0.1667,-0.1667,0.1667,0.1111,0.1667,0.1667,15,0
73538.286683,0.0000,0.0000,0.0000,0.0000,-0.1667,-0.1111,-0.1111,-0.1667,0.1667,0.1111,0.1111,0.1667,15,0
73538.323713,0.0000,0.0000,0.0000,0.0000,-0.1667,-0.1111,-0.1111,-0.1667,0.1667,0.1111,0.1111,0.1667,15,0
73538.392127,0.0000,0.0000,0.0000,0.0000,-0.2222,-0.1111,-0.1111,-0.1667,0.2222,0.1111,0.1111,0.1667,15,0
73538.429019,0.0000,0.0000,0.0000,0.0000,-0.1667,-0.1111,-0.1111,-0.1667,0.1667,0.1111,0.1111,0.1667,15,0
73538.465871,0.0000,0.0000,0.0000,0.0000,-0.1667,-0.1111,-0.1111,-0.1667,0.1667,0.1111,0.1111,0.1667,15,0
73538.497834,0.0000,0.0000,0.0000,0.0000,-0.1667,-0.1111,-0.1111,-0.1667,0.1667,0.1111,0.1111,0.1667,15,0
73538.534816,0.0000,0.0000,0.0000,0.0000,-0.1667,-0.1667,-0.1667,-0.1667,0.1667,0.1667,0.1667,0.1667,15,0
73538.577223,0.0000,0.0000,0.0000,0.0000,-0.1667,-0.1111,-0.1111,-0.1667,0.1667,0.1111,0.1111,0.1667,15,0
73538.640795,0.0000,0.0000,0.0000,0.0000,-0.1667,-0.1111,-0.1111,-0.1667,0.1667,0.1111,0.1111,0.1667,15,0
73538.677554,0.0000,0.0000,0.0000,0.0000,-0.1667,-0.1111,-0.1111,-0.1667,0.1667,0.1111,0.1111,0.1667,15,0
73538.714261,0.0000,0.0000,0.0000,0.0000,-0.1667,-0.1111,-0.1111,-0.1667,0.1667,0.1111,0.1111,0.1667,15,0
73538.746032,0.0000,0.0000,0.0000,0.0000,-0.1667,-0.1111,-0.1111,-0.1667,0.1667,0.1111,0.1111,0.1667,15,0
73538.788689,0.0000,0.0000,0.0000,0.0000,-0.1667,-0.1111,-0.1111,-0.1667,0.1667,0.1111,0.1111,0.1667,15,0
73538.831039,0.0000,0.0000,0.0000,0.0000,-0.1667,-0.1111,-0.1111,-0.1667,0.1667,0.1111,0.1111,0.1667,15,0
73538.873857,0.0000,0.0000,0.0000,0.0000,-0.1667,-0.1111,-0.1667,-0.1667,0.1667,0.1111,0.1667,0.1667,15,0
73538.948142,0.0000,0.0000,0.0000,0.0000,-0.1667,-0.1111,-0.1111,-0.1667,0.1667,0.1111,0.1111,0.1667,15,0
73538.979997,0.0000,0.0000,0.0000,0.0000,-0.1667,-0.1111,-0.1111,-0.1667,0.1667,0.1111,0.1111,0.1667,15,0
73539.017276,0.0000,0.0000,0.0000,0.0000,-0.1111,-0.1111,-0.1111,-0.1667,0.1111,0.1111,0.1111,0.1667,15,0
73539.054386,0.0000,0.0000,0.0000,0.0000,-0.1667,-0.1111,-0.1111,-0.1667,0.1667,0.1111,0.1111,0.1667,15,0
73539.086021,0.0000,0.0000,0.0000,0.0000,-0.1667,-0.1111,-0.1111,-0.1667,0.1667,0.1111,0.1111,0.1667,15,0
73539.128219,0.0000,0.0000,0.0000,0.0000,-0.1667,-0.1111,-0.1111,-0.1667,0.1667,0.1111,0.1111,0.1667,15,0
73541.739947,0.0000,0.0000,0.0000,0.0000,0.0000,0.0000,0.0000,0.0000,0.0000,0.0000,0.0000,0.0000,15,0
73541.777136,0.0000,0.0000,0.0000,0.0000,0.0000,0.0000,0.0000,0.0000,0.0000,0.0000,0.0000,0.0000,15,0
73541.814349,0.0000,0.0000,0.0000,0.0000,0.0000,0.0000,0.0000,0.0000,0.0000,0.0000,0.0000,0.0000,15,0
73541.846361,0.0000,0.0000,0.0000,0.0000,0.0000,0.0000,0.0000,0.0000,0.0000,0.0000,0.0000,0.0000,15,0
73541.883843,0.0000,0.0000,0.0000,0.0000,0.0000,0.0000,-0.0556,0.0000,0.0000,0.0000,0.0556,0.0000,15,0
73541.921468,0.0000,0.0000,0.0000,0.0000,0.0000,0.0000,-0.0556,0.0000,0.0000,0.0000,0.0556,0.0000,15,0
73541.990837,0.0000,0.0000,0.0000,0.0000,0.0000,0.0000,-0.0556,0.0000,0.0000,0.0000,0.0556,0.0000,15,0
73542.028316,0.0000,0.0000,0.0000,0.0000,0.0000,0.0000,0.0000,0.0000,0.0000,0.0000,0.0000,0.0000,15,0
73542.060332,0.0000,0.0000,0.0000,0.0000,0.0000,0.0000,0.0000,0.0000,0.0000,0.0000,0.0000,0.0000,15,0
73542.097750,0.0000,0.0000,0.0000,0.0000,0.0000,0.0000,0.0000,0.0000,0.0000,0.0000,0.0000,0.0000,15,0
73542.135242,0.0000,0.0000,0.0000,0.0000,0.0000,0.0000,-0.0556,0.0000,0.0000,0.0000,0.0556,0.0000,15,0
73542.178148,0.0000,0.0000,0.0000,0.0000,0.0000,0.0000,-0.0556,0.0000,0.0000,0.0000,0.0556,0.0000,15,0
73542.236571,0.0000,0.0000,0.0000,0.0000,0.0000,0.0000,-0.0556,0.0000,0.0000,0.0000,0.0556,0.0000,15,0
73542.273280,0.0000,0.0000,0.0000,0.0000,0.0556,0.0000,0.0000,0.0000,-0.0556,0.0000,0.0000,0.0000,15,0
73542.309710,0.0000,0.0000,0.0000,0.0000,0.0556,0.0000,0.0000,0.0000,-0.0556,0.0000,0.0000,0.0000,15,0
73542.346234,0.0000,0.0000,0.0000,0.0000,0.0000,0.0000,0.0000,0.0000,0.0000,0.0000,0.0000,0.0000,15,0
73542.388085,0.0000,0.0000,0.0000,0.0000,0.0000,0.0000,-0.0556,0.0000,0.0000,0.0000,0.0556,0.0000,15,0
73542.450746,0.0000,0.0000,0.0000,0.0000,0.0000,0.0000,0.0000,0.0000,0.0000,0.0000,0.0000,0.0000,15,0
73542.487621,0.0000,0.0000,0.0000,0.0000,0.0000,0.0000,0.0000,0.0000,0.0000,0.0000,0.0000,0.0000,15,0
73542.519119,0.0000,0.0000,0.0000,0.0000,0.0000,0.0000,0.0000,0.0000,0.0000,0.0000,0.0000,0.0000,15,0
73542.556713,0.0000,0.0000,0.0000,0.0000,0.0000,0.0000,0.0000,0.0000,0.0000,0.0000,0.0000,0.0000,15,0
73542.598807,0.0000,0.0000,0.0000,0.0000,0.0000,0.0000,0.0000,0.0000,0.0000,0.0000,0.0000,0.0000,15,0
73542.640734,0.0000,0.0000,0.0000,0.0000,0.0000,0.0000,0.0000,0.0000,0.0000,0.0000,0.0000,0.0000,15,0
73542.683081,0.0000,0.0000,0.0000,0.0000,0.0000,0.0000,0.0000,0.0000,0.0000,0.0000,0.0000,0.0000,15,0
73542.725137,0.0000,0.0000,0.0000,0.0000,0.0000,0.0000,0.0000,0.0000,0.0000,0.0000,0.0000,0.0000,15,0
73542.793332,0.0000,0.0000,0.0000,0.0000,0.0000,0.0000,0.0000,0.0000,0.0000,0.0000,0.0000,0.0000,15,0
73542.824622,0.0000,0.0000,0.0000,0.0000,0.0000,0.0000,0.0000,0.0000,0.0000,0.0000,0.0000,0.0000,15,0
73542.861310,0.0000,0.0000,0.0000,0.0000,0.0000,0.0000,0.0000,0.0000,0.0000,0.0000,0.0000,0.0000,15,0
73542.898016,0.0000,0.0000,0.0000,0.0000,0.0000,0.0000,0.0000,0.0000,0.0000,0.0000,0.0000,0.0000,15,0
73542.934750,0.0000,0.0000,0.0000,0.0000,0.0000,0.0000,0.0000,0.0000,0.0000,0.0000,0.0000,0.0000,15,0
73542.976579,0.0000,0.0000,0.0000,0.0000,0.0000,0.0000,0.0000,0.0000,0.0000,0.0000,0.0000,0.0000,15,0
73543.039267,0.0000,0.0000,0.0000,0.0000,0.0000,0.0000,0.0000,0.0000,0.0000,0.0000,0.0000,0.0000,15,0
73543.076155,0.0000,0.0000,0.0000,0.0000,0.0000,0.0000,0.0000,0.0000,0.0000,0.0000,0.0000,0.0000,15,0
73543.107961,0.0000,0.0000,0.0000,0.0000,0.0000,0.0000,0.0000,0.0000,0.0000,0.0000,0.0000,0.0000,15,0
73543.144467,0.0000,0.0000,0.0000,0.0000,0.0000,0.0000,0.0000,0.0000,0.0000,0.0000,0.0000,0.0000,15,0
73543.186473,0.0000,0.0000,0.0000,0.0000,0.0556,0.0000,0.0000,0.0000,-0.0556,0.0000,0.0000,0.0000,15,0
73543.228955,0.0000,0.0000,0.0000,0.0000,0.0000,0.0000,0.0000,0.0000,0.0000,0.0000,0.0000,0.0000,15,0
73543.286379,0.0000,0.0000,0.0000,0.0000,0.0000,0.0000,0.0000,0.0000,0.0000,0.0000,0.0000,0.0000,15,0
73543.322822,0.0000,0.0000,0.0000,0.0000,0.0000,0.0000,0.0000,0.0000,0.0000,0.0000,0.0000,0.0000,15,0
73543.359155,0.0000,0.0000,0.0000,0.0000,0.0000,0.0000,0.0000,0.0000,0.0000,0.0000,0.0000,0.0000,15,0
73543.395684,0.0000,0.0000,0.0000,0.0000,0.0000,0.0000,0.0000,0.0000,0.0000,0.0000,0.0000,0.0000,15,0
73543.437515,0.0000,0.0000,0.0000,0.0000,0.0000,0.0000,0.0000,0.0000,0.0000,0.0000,0.0000,0.0000,15,0
73543.499932,0.0000,0.0000,0.0000,0.0000,0.0000,0.0000,0.0000,0.0000,0.0000,0.0000,0.0000,0.0000,15,0
73543.536262,0.0000,0.0000,0.0000,0.0000,0.0000,0.0000,0.0000,0.0000,0.0000,0.0000,0.0000,0.0000,15,0
73543.572965,0.0000,0.0000,0.0000,0.0000,0.0000,0.0000,0.0000,0.0000,0.0000,0.0000,0.0000,0.0000,15,0
73543.604238,0.0000,0.0000,0.0000,0.0000,0.0000,0.0000,0.0000,0.0000,0.0000,0.0000,0.0000,0.0000,15,0
73543.645766,0.0000,0.0000,0.0000,0.0000,0.0000,0.0000,-0.0556,0.0000,0.0000,0.0000,0.0556,0.0000,15,0
73543.687291,0.0000,0.0000,0.0000,0.0000,0.0000,0.0000,-0.0556,0.0000,0.0000,0.0000,0.0556,0.0000,15,0
73543.745159,0.0000,0.0000,0.0000,0.0000,0.0000,0.0000,-0.0556,0.0000,0.0000,0.0000,0.0556,0.0000,15,0
73543.783443,0.0000,0.0000,0.0000,0.0000,0.0000,0.0000,-0.0556,0.0000,0.0000,0.0000,0.0556,0.0000,15,0
73543.821520,0.0000,0.0000,0.0000,0.0000,0.0000,0.0000,0.0000,0.0000,0.0000,0.0000,0.0000,0.0000,15,0
73543.863879,0.0000,0.0000,0.0000,0.0000,0.0000,0.0000,0.0000,0.0000,0.0000,0.0000,0.0000,0.0000,15,0
73543.926891,0.0000,0.0000,0.0000,0.0000,0.0000,0.0000,0.0000,0.0000,0.0000,0.0000,0.0000,0.0000,15,0
73543.958077,0.0000,0.0000,0.0000,0.0000,0.0556,0.0000,-0.0556,0.0000,-0.0556,0.0000,0.0556,0.0000,15,0
73543.994651,0.0000,0.0000,0.0000,0.0000,0.0000,0.0000,-0.0556,0.0000,0.0000,0.0000,0.0556,0.0000,15,0
73544.031117,0.0000,0.0000,0.0000,0.0000,0.0000,0.0000,0.0000,0.0000,0.0000,0.0000,0.0000,0.0000,15,0
73544.072798,0.0000,0.0000,0.0000,0.0000,0.0000,0.0000,-0.0556,0.0000,0.0000,0.0000,0.0556,0.0000,15,0
73544.114623,0.0000,0.0000,0.0000,0.0000,0.0000,0.0000,0.0000,0.0000,0.0000,0.0000,0.0000,0.0000,15,0
73544.156932,0.0000,0.0000,0.0000,0.0000,0.0000,0.0000,0.0000,0.0000,0.0000,0.0000,0.0000,0.0000,15,0
73544.230827,0.0000,0.0000,0.0000,0.0000,0.0000,0.0000,0.0000,0.0000,0.0000,0.0000,0.0000,0.0000,15,0
73544.262714,0.0000,0.0000,0.0000,0.0000,0.0000,0.0000,0.0000,0.0000,0.0000,0.0000,0.0000,0.0000,15,0
73544.299975,0.0000,0.0000,0.0000,0.0000,0.0000,0.0000,0.0000,0.0000,0.0000,0.0000,0.0000,0.0000,15,0
73544.337159,0.0000,0.0000,0.0000,0.0000,0.0000,0.0000,0.0000,0.0000,0.0000,0.0000,0.0000,0.0000,15,0
73544.369571,0.0000,0.0000,0.0000,0.0000,0.0000,0.0000,0.0000,0.0000,0.0000,0.0000,0.0000,0.0000,15,0
73544.412135,0.0000,0.0000,0.0000,0.0000,0.0000,0.0000,0.0000,0.0000,0.0000,0.0000,0.0000,0.0000,15,0
73544.476034,0.0000,0.0000,0.0000,0.0000,0.0000,0.0000,0.0000,0.0000,0.0000,0.0000,0.0000,0.0000,15,0
73544.513406,0.0000,0.0000,0.0000,0.0000,0.0000,0.0000,0.0000,0.0000,0.0000,0.0000,0.0000,0.0000,15,0
73544.550605,0.0000,0.0000,0.0000,0.0000,0.0000,0.0000,0.0000,0.0000,0.0000,0.0000,0.0000,0.0000,15,0
73544.582384,0.0000,0.0000,0.0000,0.0000,0.0000,0.0000,0.0000,0.0000,0.0000,0.0000,0.0000,0.0000,15,0
73544.624674,0.0000,0.0000,0.0000,0.0000,0.0000,0.0000,0.0000,0.0000,0.0000,0.0000,0.0000,0.0000,15,0
73544.667393,0.0000,0.0000,0.0000,0.0000,0.0000,0.0000,0.0000,0.0000,0.0000,0.0000,0.0000,0.0000,15,0
73544.725218,0.0000,0.0000,0.0000,0.0000,0.0000,0.0000,-0.0556,0.0000,0.0000,0.0000,0.0556,0.0000,15,0
73544.762127,0.0000,0.0000,0.0000,0.0000,0.0000,0.0000,0.0000,0.0000,0.0000,0.0000,0.0000,0.0000,15,0
73544.798864,0.0000,0.0000,0.0000,0.0000,0.0000,0.0000,0.0000,0.0000,0.0000,0.0000,0.0000,0.0000,15,0
73544.867617,0.0000,0.0000,0.0000,0.0000,0.0000,0.0000,0.0000,0.0000,0.0000,0.0000,0.0000,0.0000,15,0
73544.904404,0.0000,0.0000,0.0000,0.0000,0.0000,0.0000,0.0000,0.0000,0.0000,0.0000,0.0000,0.0000,15,0
73544.936442,0.0000,0.0000,0.0000,0.0000,0.0000,0.0000,-0.0556,0.0000,0.0000,0.0000,0.0556,0.0000,15,0
73544.973829,0.0000,0.0000,0.0000,0.0000,0.0556,0.0000,0.0000,0.0000,-0.0556,0.0000,0.0000,0.0000,15,0
73545.010774,0.0000,0.0000,0.0000,0.0000,0.0000,-0.0556,0.0000,0.0000,0.0000,0.0556,0.0000,0.0000,15,0
73545.047974,0.0000,0.0000,0.0000,0.0000,0.0000,-0.0556,0.0000,0.0000,0.0000,0.0556,0.0000,0.0000,15,0
73545.116435,0.0000,0.0000,0.0000,0.0000,0.0000,0.0000,0.0000,0.0000,0.0000,0.0000,0.0000,0.0000,15,0
73545.148074,0.0000,0.0000,0.0000,0.0000,-0.0556,0.0000,0.0000,0.0000,0.0556,0.0000,0.0000,0.0000,15,0
73545.184980,0.0000,0.0000,0.0000,0.0000,0.0000,0.0000,0.0000,0.0000,0.0000,0.0000,0.0000,0.0000,15,0
73545.221761,0.0000,0.0000,0.0000,0.0000,0.0000,0.0000,-0.0556,0.0000,0.0000,0.0000,0.0556,0.0000,15,0
73545.259683,0.0000,0.0000,0.0000,0.0000,0.0000,0.0000,-0.0556,0.0000,0.0000,0.0000,0.0556,0.0000,15,0
73545.302950,0.0000,0.0000,0.0000,0.0000,0.0000,0.0000,0.0000,0.0000,0.0000,0.0000,0.0000,0.0000,15,0
73545.351152,0.0000,0.0000,0.0000,0.0000,0.0000,0.0000,0.0000,0.0000,0.0000,0.0000,0.0000,0.0000,15,0
73545.388651,0.0000,0.0000,0.0000,0.0000,0.0000,0.0000,-0.0556,0.0000,0.0000,0.0000,0.0556,0.0000,15,0
73545.431081,0.0000,0.0000,0.0000,0.0000,0.0000,0.0000,0.0000,0.0000,0.0000,0.0000,0.0000,0.0000,15,0
73545.494853,0.0000,0.0000,0.0000,0.0000,0.0000,0.0000,0.0000,0.0000,0.0000,0.0000,0.0000,0.0000,15,0
73545.531684,0.0000,0.0000,0.0000,0.0000,0.0000,0.0000,0.0000,0.0000,0.0000,0.0000,0.0000,0.0000,15,0
73545.563736,0.0000,0.0000,0.0000,0.0000,0.0000,0.0000,0.0000,0.0000,0.0000,0.0000,0.0000,0.0000,15,0
73545.600365,0.0000,0.0000,0.0000,0.0000,0.0000,0.0000,0.0000,0.0000,0.0000,0.0000,0.0000,0.0000,15,0
73545.642926,0.0000,0.0000,0.0000,0.0000,0.0556,0.0000,-0.0556,0.0000,-0.0556,0.0000,0.0556,0.0000,15,0
73545.685125,0.0000,0.0000,0.0000,0.0000,0.0000,0.0000,0.0000,0.0000,0.0000,0.0000,0.0000,0.0000,15,0
73545.727512,0.0000,0.0000,0.0000,0.0000,0.0000,0.0000,0.0000,0.0000,0.0000,0.0000,0.0000,0.0000,15,0
73545.801290,0.0000,0.0000,0.0000,0.0000,0.0000,0.0000,0.0000,0.0000,0.0000,0.0000,0.0000,0.0000,15,0
73545.838282,0.0000,0.0000,0.0000,0.0000,-0.0556,0.0000,0.0000,0.0000,0.0556,0.0000,0.0000,0.0000,15,0
73545.869780,0.0000,0.0000,0.0000,0.0000,0.0000,0.0000,0.0000,0.0000,0.0000,0.0000,0.0000,0.0000,15,0
73545.906632,0.0000,0.0000,0.0000,0.0000,0.0000,0.0000,0.0000,0.0000,0.0000,0.0000,0.0000,0.0000,15,0
73545.943267,0.0000,0.0000,0.0000,0.0000,0.0000,0.0000,0.0000,0.0000,0.0000,0.0000,0.0000,0.0000,15,0
73545.985329,0.0000,0.0000,0.0000,0.0000,0.0000,0.0000,0.0000,0.0000,0.0000,0.0000,0.0000,0.0000,15,0
73546.048080,0.0000,0.0000,0.0000,0.0000,0.0000,0.0000,0.0000,0.0000,0.0000,0.0000,0.0000,0.0000,15,0
73546.084826,0.0000,0.0000,0.0000,0.0000,0.0000,0.0000,-0.0556,0.0000,0.0000,0.0000,0.0556,0.0000,15,0
73546.121549,0.0000,0.0000,0.0000,0.0000,0.0000,0.0000,0.0000,0.0000,0.0000,0.0000,0.0000,0.0000,15,0
73546.152985,0.0000,0.0000,0.0000,0.0000,0.0000,0.0000,0.0000,0.0000,0.0000,0.0000,0.0000,0.0000,15,0
73546.195205,0.0000,0.0000,0.0000,0.0000,0.0000,0.0000,0.0000,0.0000,0.0000,0.0000,0.0000,0.0000,15,0
73546.237150,0.0000,0.0000,0.0000,0.0000,0.0556,0.0000,0.0000,0.0000,-0.0556,0.0000,0.0000,0.0000,15,0
73546.295416,0.0000,0.0000,0.0000,0.0000,0.0000,0.0000,0.0000,0.0000,0.0000,0.0000,0.0000,0.0000,15,0
73546.333324,0.0000,0.0000,0.0000,0.0000,0.0000,0.0000,-0.0556,0.0000,0.0000,0.0000,0.0556,0.0000,15,0
73546.365060,0.0000,0.0000,0.0000,0.0000,0.0000,0.0000,0.0000,0.0000,0.0000,0.0000,0.0000,0.0000,15,0
73546.438652,0.0000,0.0000,0.0000,0.0000,0.0000,0.0000,0.0000,0.0000,0.0000,0.0000,0.0000,0.0000,15,0
73546.475477,0.0000,0.0000,0.0000,0.0000,0.0000,0.0000,0.0000,0.0000,0.0000,0.0000,0.0000,0.0000,15,0
73546.506907,0.0000,0.0000,0.0000,0.0000,0.0000,0.0000,0.0000,0.0000,0.0000,0.0000,0.0000,0.0000,15,0
73546.543899,0.0000,0.0000,0.0000,0.0000,0.0000,0.0000,0.0000,0.0000,0.0000,0.0000,0.0000,0.0000,15,0
73546.581233,0.0000,0.0000,0.0000,0.0000,0.0000,0.0000,0.0000,0.0000,0.0000,0.0000,0.0000,0.0000,15,0
73546.619418,0.0000,0.0000,0.0000,0.0000,0.0000,0.0000,0.0000,0.0000,0.0000,0.0000,0.0000,0.0000,15,0
73546.683449,0.0000,0.0000,0.0000,0.0000,0.0000,0.0000,0.0000,0.0000,0.0000,0.0000,0.0000,0.0000,15,0
73546.720388,0.0000,0.0000,0.0000,0.0000,0.0000,0.0000,0.0000,0.0000,0.0000,0.0000,0.0000,0.0000,15,0
73546.757200,0.0000,0.0000,0.0000,0.0000,0.0000,0.0000,0.0000,0.0000,0.0000,0.0000,0.0000,0.0000,15,0
73546.794296,0.0000,0.0000,0.0000,0.0000,0.0000,0.0000,0.0000,0.0000,0.0000,0.0000,0.0000,0.0000,15,0
73546.831205,0.0000,0.0000,0.0000,0.0000,0.0000,0.0000,0.0000,0.0000,0.0000,0.0000,0.0000,0.0000,15,0
73546.874189,0.0000,0.0000,0.0000,0.0000,0.0000,0.0000,0.0000,0.0000,0.0000,0.0000,0.0000,0.0000,15,0
73546.932017,0.0000,0.0000,0.0000,0.0000,0.0000,-0.0556,0.0000,0.0000,0.0000,0.0556,0.0000,0.0000,15,0
73546.968866,0.0000,0.0000,0.0000,0.0000,0.0000,-0.0556,0.0000,0.0000,0.0000,0.0556,0.0000,0.0000,15,0
73547.005548,0.0000,0.0000,0.0000,0.0000,0.0000,0.0000,-0.0556,0.0000,0.0000,0.0000,0.0556,0.0000,15,0
73547.042188,0.0000,0.0000,0.0000,0.0000,0.0000,0.0000,-0.0556,0.0000,0.0000,0.0000,0.0556,0.0000,15,0
73547.083913,0.0000,0.0000,0.0000,0.0000,0.0000,0.0000,-0.0556,0.0000,0.0000,0.0000,0.0556,0.0000,15,0
73547.146722,0.0000,0.0000,0.0000,0.0000,0.0000,0.0000,0.0000,0.0000,0.0000,0.0000,0.0000,0.0000,15,0
73547.179379,0.0000,0.0000,0.0000,0.0000,0.0000,0.0000,0.0000,0.0000,0.0000,0.0000,0.0000,0.0000,15,0
73547.217351,0.0000,0.0000,0.0000,0.0000,0.0000,0.0000,0.0000,0.0000,0.0000,0.0000,0.0000,0.0000,15,0
73547.286540,0.0000,0.0000,0.0000,0.0000,0.0000,0.0000,0.0000,0.0000,0.0000,0.0000,0.0000,0.0000,15,0
73547.323527,0.0000,0.0000,0.0000,0.0000,0.0556,0.0000,0.0000,0.0000,-0.0556,0.0000,0.0000,0.0000,15,0
73547.360607,0.0000,0.0000,0.0000,0.0000,0.0556,0.0000,0.0000,0.0000,-0.0556,0.0000,0.0000,0.0000,15,0
73547.392644,0.0000,0.0000,0.0000,0.0000,0.0000,0.0000,0.0000,0.0000,0.0000,0.0000,0.0000,0.0000,15,0
73547.429922,0.0000,0.0000,0.0000,0.0000,0.0000,0.0000,-0.0556,0.0000,0.0000,0.0000,0.0556,0.0000,15,0
73547.467223,0.0000,0.0000,0.0000,0.0000,0.0000,0.0000,0.0000,0.0000,0.0000,0.0000,0.0000,0.0000,15,0
73547.536509,0.0000,0.0000,0.0000,0.0000,0.0000,0.0000,0.0000,0.0000,0.0000,0.0000,0.0000,0.0000,15,0
73547.573241,0.0000,0.0000,0.0000,0.0000,0.0000,0.0000,0.0000,0.0000,0.0000,0.0000,0.0000,0.0000,15,0
73547.604759,0.0000,0.0000,0.0000,0.0000,0.0000,0.0000,0.0000,0.0000,0.0000,0.0000,0.0000,0.0000,15,0
73547.641693,0.0000,0.0000,0.0000,0.0000,0.0000,0.0000,0.0000,0.0000,0.0000,0.0000,0.0000,0.0000,15,0
73547.684439,0.0000,0.0000,0.0000,0.0000,0.0000,0.0000,0.0000,0.0000,0.0000,0.0000,0.0000,0.0000,15,0
73547.748305,0.0000,0.0000,0.0000,0.0000,0.0000,0.0000,0.0000,0.0000,0.0000,0.0000,0.0000,0.0000,15,0
73547.785522,0.0000,0.0000,0.0000,0.0000,0.0000,0.0000,0.0000,0.0000,0.0000,0.0000,0.0000,0.0000,15,0
73547.817200,0.0000,0.0000,0.0000,0.0000,0.0556,0.0000,0.0000,0.0000,-0.0556,0.0000,0.0000,0.0000,15,0
73547.854525,0.0000,0.0000,0.0000,0.0000,0.0000,0.0000,0.0000,0.0000,0.0000,0.0000,0.0000,0.0000,15,0
73547.902530,0.0000,0.0000,0.0000,0.0000,0.0000,0.0000,0.0000,0.0000,0.0000,0.0000,0.0000,0.0000,15,0
73547.960618,0.0000,0.0000,0.0000,0.0000,0.0000,0.0000,0.0000,0.0000,0.0000,0.0000,0.0000,0.0000,15,0
73547.997412,0.0000,0.0000,0.0000,0.0000,0.0000,0.0000,0.0000,0.0000,0.0000,0.0000,0.0000,0.0000,15,0
73548.029286,0.0000,0.0000,0.0000,0.0000,0.0000,0.0000,0.0000,0.0000,0.0000,0.0000,0.0000,0.0000,15,0
73548.066300,0.0000,0.0000,0.0000,0.0000,0.0000,0.0000,0.0000,0.0000,0.0000,0.0000,0.0000,0.0000,15,0
73548.108486,0.0000,0.0000,0.0000,0.0000,0.0000,0.0000,-0.0556,0.0000,0.0000,0.0000,0.0556,0.0000,15,0
73548.171250,0.0000,0.0000,0.0000,0.0000,0.0000,0.0000,-0.0556,0.0000,0.0000,0.0000,0.0556,0.0000,15,0
73548.207635,0.0000,0.0000,0.0000,0.0000,0.0000,0.0000,0.0000,0.0000,0.0000,0.0000,0.0000,0.0000,15,0
73548.244159,0.0000,0.0000,0.0000,0.0000,0.0000,0.0000,0.0000,0.0000,0.0000,0.0000,0.0000,0.0000,15,0
73548.280500,0.0000,0.0000,0.0000,0.0000,0.0000,0.0000,0.0000,0.0000,0.0000,0.0000,0.0000,0.0000,15,0
73548.317171,0.0000,0.0000,0.0000,0.0000,0.0556,0.0000,0.0000,0.0000,-0.0556,0.0000,0.0000,0.0000,15,0
73548.358734,0.0000,0.0000,0.0000,0.0000,0.0000,0.0000,-0.0556,0.0000,0.0000,0.0000,0.0556,0.0000,15,0
73548.400383,0.0000,0.0000,0.0000,0.0000,0.0000,0.0000,0.0000,0.0000,0.0000,0.0000,0.0000,0.0000,15,0
73548.457533,0.0000,0.0000,0.0000,0.0000,0.0000,0.0000,0.0000,0.0000,0.0000,0.0000,0.0000,0.0000,15,0
73548.493976,0.0000,0.0000,0.0000,0.0000,0.0000,0.0000,0.0000,0.0000,0.0000,0.0000,0.0000,0.0000,15,0
73548.530924,0.0000,0.0000,0.0000,0.0000,0.0000,0.0000,0.0000,0.0000,0.0000,0.0000,0.0000,0.0000,15,0
73548.599385,0.0000,0.0000,0.0000,0.0000,0.0000,0.0000,-0.0556,0.0000,0.0000,0.0000,0.0556,0.0000,15,0
73548.631174,0.0000,0.0000,0.0000,0.0000,0.0000,0.0000,-0.0556,0.0000,0.0000,0.0000,0.0556,0.0000,15,0
73548.668332,0.0000,0.0000,0.0000,0.0000,0.0556,0.0000,0.0000,0.0000,-0.0556,0.0000,0.0000,0.0000,15,0
73548.705566,0.0000,0.0000,0.0000,0.0000,0.0000,0.0000,0.0000,0.0000,0.0000,0.0000,0.0000,0.0000,15,0
73548.737355,0.0000,0.0000,0.0000,0.0000,0.0000,0.0000,0.0000,0.0000,0.0000,0.0000,0.0000,0.0000,15,0
73548.779427,0.0000,0.0000,0.0000,0.0000,0.0000,0.0000,-0.0556,0.0000,0.0000,0.0000,0.0556,0.0000,15,0
73548.848032,0.0000,0.0000,0.0000,0.0000,0.0000,0.0000,0.0000,0.0000,0.0000,0.0000,0.0000,0.0000,15,0
73548.879399,0.0000,0.0000,0.0000,0.0000,0.0000,0.0000,-0.0556,0.0000,0.0000,0.0000,0.0556,0.0000,15,0
73548.915938,0.0000,0.0000,0.0000,0.0000,0.0000,0.0000,0.0000,0.0000,0.0000,0.0000,0.0000,0.0000,15,0
73548.952445,0.0000,0.0000,0.0000,0.0000,0.0000,0.0000,0.0000,0.0000,0.0000,0.0000,0.0000,0.0000,15,0
73548.993971,0.0000,0.0000,0.0000,0.0000,0.0000,0.0000,0.0000,0.0000,0.0000,0.0000,0.0000,0.0000,15,0
73549.035391,0.0000,0.0000,0.0000,0.0000,0.0000,0.0000,-0.0556,0.0000,0.0000,0.0000,0.0556,0.0000,15,0
73549.092524,0.0000,0.0000,0.0000,0.0000,0.0000,0.0000,0.0000,0.0000,0.0000,0.0000,0.0000,0.0000,15,0
73549.130221,0.0000,0.0000,0.0000,0.0000,0.0000,0.0000,-0.0556,0.0000,0.0000,0.0000,0.0556,0.0000,15,0
73549.166760,0.0000,0.0000,0.0000,0.0000,0.0000,0.0000,-0.0556,0.0000,0.0000,0.0000,0.0556,0.0000,15,0
73549.236174,0.0000,0.0000,0.0000,0.0000,0.0000,0.0000,0.0000,0.0000,0.0000,0.0000,0.0000,0.0000,15,0
73549.268129,0.0000,0.0000,0.0000,0.0000,0.0000,0.0000,0.0000,0.0000,0.0000,0.0000,0.0000,0.0000,15,0
73549.304917,0.0000,0.0000,0.0000,0.0000,0.0000,0.0000,0.0000,0.0000,0.0000,0.0000,0.0000,0.0000,15,0
73549.342154,0.0000,0.0000,0.0000,0.0000,0.0000,0.0000,0.0000,0.0000,0.0000,0.0000,0.0000,0.0000,15,0
73549.379548,0.0000,0.0000,0.0000,0.0000,0.0000,0.0000,0.0000,0.0000,0.0000,0.0000,0.0000,0.0000,15,0
73549.447864,0.0000,0.0000,0.0000,0.0000,0.0000,0.0000,-0.0556,0.0000,0.0000,0.0000,0.0556,0.0000,15,0
73549.485662,0.0000,0.0000,0.0000,0.0000,0.0556,0.0000,0.0000,0.0000,-0.0556,0.0000,0.0000,0.0000,15,0
73549.521288,0.0000,0.0000,0.0000,0.0000,0.0000,-0.0556,-0.0556,0.0000,0.0000,0.0556,0.0556,0.0000,15,0
73549.554109,0.0000,0.0000,0.0000,0.0000,0.0000,-0.0556,-0.0556,0.0000,0.0000,0.0556,0.0556,0.0000,15,0
73549.599040,0.0000,0.0000,0.0000,0.0000,0.0000,0.0000,-0.0556,0.0000,0.0000,0.0000,0.0556,0.0000,15,0
73549.660243,0.0000,0.0000,0.0000,0.0000,0.0000,0.0000,0.0000,0.0000,0.0000,0.0000,0.0000,0.0000,15,0
73549.700745,0.0000,0.0000,0.0000,0.0000,0.0000,0.0000,-0.0556,0.0000,0.0000,0.0000,0.0556,0.0000,15,0
73549.790745,0.0000,0.0000,0.0000,0.0000,0.0000,0.0000,0.0000,0.0000,0.0000,0.0000,0.0000,0.0000,15,0
73549.890745,0.0000,0.0000,0.0000,0.0000,0.0000,0.0000,-0.0556,0.0000,0.0000,0.0000,0.0556,0.0000,15,0
73549.950745,0.0000,0.0000,0.0000,0.0000,0.0000,0.0000,0.0000,0.0000,0.0000,0.0000,0.0000,0.0000,15,0
73550.020745,0.0000,0.0000,0.0000,0.0000,0.0000,0.0000,0.0000,0.0000,0.0000,0.0000,0.0000,0.0000,15,0
73550.100745,0.0000,0.0000,0.0000,0.0000,0.0556,0.0000,0.0000,0.0000,-0.0556,0.0000,0.0000,0.0000,15,0
73550.180745,1.0201,1.9299,-1.1608,-2.0706,0.0000,0.0000,0.0000,0.0000,1.0201,1.9299,-1.1608,-2.0706,15,0
73550.260745,0.2854,2.1757,-0.5905,-2.4808,0.0000,0.0000,0.0000,0.0000,0.2854,2.1757,-0.5905,-2.4808,15,0
73550.340745,-0.6145,2.5507,0.1478,-3.0174,0.0000,2.1667,-1.0556,0.0000,-0.6145,0.3841,1.2034,-3.0174,15,0
73550.420745,-1.2066,2.7342,0.5794,-3.3614,0.1111,2.1111,-1.0556,0.0000,-1.3177,0.6231,1.6350,-3.3614,15,0
73550.520745,-1.5254,2.8808,0.6562,-3.7500,0.1111,2.6111,0.4444,0.0000,-1.6365,0.2697,0.2118,-3.7500,15,0
73550.590745,-2.0165,2.4011,1.0737,-3.3438,-0.5556,2.6111,0.5556,0.0000,-1.4609,-0.2101,0.5181,-3.3438,15,0
73550.670745,-2.9994,1.9392,1.9525,-2.9861,-1.4444,2.6667,0.8333,0.0000,-1.5550,-0.7275,1.1191,-2.9861,15,0
73550.740745,-3.4932,1.2195,2.9165,-1.7962,-2.0000,2.6667,0.8333,0.0000,-1.4932,-1.4471,2.0832,-1.7962,15,0
73550.820745,-4.3036,0.9914,4.3357,-0.9593,-2.7222,2.6111,1.1667,-3.2222,-1.5814,-1.6197,3.1691,2.2629,15,0
73550.900745,-5.3262,0.7157,5.6628,-0.3791,-2.7222,1.0556,3.1667,-2.6111,-2.6040,-0.3398,2.4961,2.2320,15,0
73550.980745,-6.6551,0.7004,6.8734,-0.4820,-3.3333,1.0556,3.9444,-1.6111,-3.3217,-0.3552,2.9290,1.1291,15,0
73551.060745,-7.6436,0.3720,7.6508,-0.3648,-5.1667,0.7778,5.6111,-1.6111,-2.4769,-0.4058,2.0397,1.2463,15,0
73551.140745,-7.9252,-0.0926,7.9561,0.1236,-5.1667,0.7778,6.7778,-0.3889,-2.7585,-0.8704,1.1784,0.5125,15,0
73551.220745,-7.9942,-0.2667,8.0376,0.3101,-7.5556,0.5000,6.7778,-0.4444,-0.4386,-0.7667,1.2598,0.7545,15,0
73551.300745,-7.6904,-0.9488,7.7799,1.0383,-7.5556,-0.1111,8.3333,0.5000,-0.1349,-0.8376,-0.5534,0.5383,15,0
73551.380745,-7.9156,-1.7399,8.0108,1.8351,-7.6667,-0.1111,8.3333,0.5000,-0.2489,-1.6288,-0.3225,1.3351,15,0
73551.460745,-8.6099,-2.8765,8.7029,2.9695,-7.6667,-1.1111,8.1667,0.3889,-0.9432,-1.7654,0.5363,2.5806,15,0
73551.540745,-9.3085,-3.8160,9.3059,3.8135,-7.6667,-1.1111,8.0000,1.3333,-1.6418,-2.7049,1.3059,2.4802,15,0
73551.620745,-9.4602,-4.3303,9.4140,4.2841,-8.5000,-1.7778,8.0000,2.1667,-0.9602,-2.5526,1.4140,2.1175,15,0
