time,pos_x,pos_y,pos_z,vel_x,vel_y,vel_z,q0,q1,q2,q3,omega_x,omega_y,omega_z,mass,altitude,ground_range,alpha,beta,mach,fin_cmd_1,fin_cmd_2,fin_cmd_3,fin_cmd_4,fin_act_1,fin_act_2,fin_act_3,fin_act_4,fin_can_1,fin_can_2,fin_can_3,fin_can_4,fin_source,force_x,force_y,force_z,lat,lon,alt_msl
0.010000,0.000000,0.000000,0.000000,0.000000,0.000000,0.000000,0.99144486,-0.00000036,0.13052619,0.00000006,-0.00000000,0.00000001,-0.00000002,12.7369,1200.0000,0.0000,0.00000000,0.00000000,0.011660,0.00000000,0.00000000,0.00000000,0.00000000,0.00000000,0.00000000,0.00000000,0.00000000,0.00000000,0.00000000,0.00000000,0.00000000,can,0.0000,0.0000,0.0000,16.45747200,44.11536100,1200.0000
0.020000,0.002246,-0.000002,-0.000114,0.529490,-0.000451,-0.044257,0.99144486,-0.00000072,0.13052619,0.00000011,-0.00000000,0.00000002,-0.00000006,12.7344,1200.0001,0.0022,0.00000000,0.00000000,0.011764,0.00000000,0.00000000,0.00000000,0.00000000,0.00000000,0.00000000,0.00000000,0.00000000,0.00000000,0.00000000,0.00000000,0.00000000,can,635.0213,-0.5221,-0.2111,16.45747202,44.11536100,1200.0001
0.030000,0.009702,-0.000008,-0.000647,0.944466,-0.000804,-0.057790,0.99144486,-0.00000108,0.13052619,0.00000017,-0.00000000,0.00000004,-0.00000011,12.7321,1200.0006,0.0097,0.00000000,0.00000000,0.011984,0.00000000,0.00000000,0.00000000,0.00000000,0.00000000,0.00000000,0.00000000,0.00000000,0.00000000,0.00000000,0.00000000,0.00000000,can,498.3915,-0.4098,-0.1657,16.45747209,44.11536100,1200.0006
0.040000,0.021062,-0.000018,-0.001250,1.329907,-0.001131,-0.063398,0.99144486,-0.00000144,0.13052619,0.00000023,-0.00000000,0.00000008,-0.00000019,12.7298,1200.0012,0.0211,0.00000000,0.00000000,0.012292,0.00000000,0.00000000,0.00000000,0.00000000,0.00000000,0.00000000,0.00000000,0.00000000,0.00000000,0.00000000,0.00000000,0.00000000,can,517.9085,-0.4258,-0.1721,16.45747219,44.11536100,1200.0012
0.050000,0.036325,-0.000031,-0.001922,1.727759,-0.001470,-0.072337,0.99144486,-0.00000180,0.13052619,0.00000028,-0.00000000,0.00000012,-0.00000030,12.7272,1200.0019,0.0363,0.00000000,0.00000000,0.012707,0.00000000,0.00000000,0.00000000,0.00000000,0.00000000,0.00000000,0.00000000,0.00000000,0.00000000,0.00000000,0.00000000,0.00000000,can,556.9492,-0.4579,-0.1851,16.45747233,44.11536100,1200.0019
0.060000,0.055765,-0.000047,-0.002736,2.168890,-0.001844,-0.092887,0.99144486,-0.00000216,0.13052619,0.00000034,-0.00000000,0.00000018,-0.00000045,12.7242,1200.0027,0.0558,0.00000000,0.00000000,0.013271,0.00000000,0.00000000,0.00000000,0.00000000,0.00000000,0.00000000,0.00000000,0.00000000,0.00000000,0.00000000,0.00000000,0.00000000,can,625.2656,-0.5141,-0.2078,16.45747250,44.11536100,1200.0027
0.070000,0.079901,-0.000068,-0.003832,2.666904,-0.002267,-0.128699,0.99144486,-0.00000252,0.13052620,0.00000039,-0.00000000,-0.00000129,-0.00000264,12.7210,1200.0038,0.0799,0.00000000,0.00000000,0.014024,0.00000000,0.00000000,0.00000000,0.00000000,0.00000000,0.00000000,0.00000000,0.00000000,0.00000000,0.00000000,0.00000000,0.00000000,can,693.5791,-0.5703,-0.2305,16.45747272,44.11536100,1200.0038
0.080000,0.109277,-0.000093,-0.005357,3.213197,-0.002731,-0.177466,0.99144487,-0.00000289,0.13052616,0.00000040,0.00000000,-0.00001180,-0.00001664,12.7176,1200.0054,0.1093,0.20661903,-0.89363771,0.014971,0.00000000,0.00000000,0.00000000,0.00000000,0.00000000,0.00000000,0.00000000,0.00000000,0.00000000,0.00000000,0.00000000,0.00000000,can,732.6262,-0.5959,-0.2497,16.45747299,44.11536100,1200.0054
0.090000,0.144264,-0.000123,-0.007408,3.789276,-0.003214,-0.234229,0.99144488,-0.00000327,0.13052607,0.00000033,0.00000000,-0.00002551,-0.00003540,12.7142,1200.0074,0.1442,0.20005814,-0.81189474,0.016082,0.00000000,0.00000000,0.00000000,0.00000000,0.00000000,0.00000000,0.00000000,0.00000000,0.00000000,0.00000000,0.00000000,0.00000000,can,771.6627,-0.6247,-0.2652,16.45747330,44.11536100,1200.0074
0.100000,0.185112,-0.000157,-0.010055,4.381572,-0.003707,-0.295346,0.99144490,-0.00000366,0.13052590,0.00000015,0.00000000,-0.00004356,-0.00006059,12.7107,1200.0101,0.1851,0.19448864,-0.73923822,0.017323,0.00000000,0.00000000,0.00000000,0.00000000,0.00000000,0.00000000,0.00000000,0.00000000,0.00000000,0.00000000,0.00000000,0.00000000,can,781.4248,-0.6276,-0.2720,16.45747367,44.11536100,1200.0101
0.110000,0.231896,-0.000197,-0.013316,4.974031,-0.004196,-0.356510,0.99144494,-0.00000407,0.13052563,-0.00000017,0.00000000,-0.00006722,-0.00009408,12.7073,1200.0133,0.2319,0.19024106,-0.67654424,0.018643,0.00000000,0.00000000,0.00000000,0.00000000,0.00000000,0.00000000,0.00000000,0.00000000,0.00000000,0.00000000,0.00000000,0.00000000,can,771.6687,-0.6123,-0.2735,16.45747410,44.11536100,1200.0133
0.120000,0.284544,-0.000241,-0.017172,5.555526,-0.004669,-0.414736,0.99144499,-0.00000450,0.13052523,-0.00000068,0.00000000,-0.00009805,-0.00013818,12.7039,1200.0172,0.2845,0.18727767,-0.62326132,0.020000,0.00000000,0.00000000,0.00000000,0.00000000,0.00000000,0.00000000,0.00000000,0.00000000,0.00000000,0.00000000,0.00000000,0.00000000,can,771.6677,-0.6026,-0.2796,16.45747457,44.11536100,1200.0172
0.130000,0.343007,-0.000290,-0.021610,6.134707,-0.005131,-0.472347,0.99144507,-0.00000497,0.13052464,-0.00000145,0.00000000,-0.00013782,-0.00019549,12.7005,1200.0216,0.3429,0.18494727,-0.57703317,0.021401,0.00000000,0.00000000,0.00000000,0.00000000,0.00000000,0.00000000,0.00000000,0.00000000,0.00000000,0.00000000,0.00000000,0.00000000,can,752.1590,-0.5737,-0.2810,16.45747510,44.11536100,1200.0216
0.140000,0.407214,-0.000344,-0.026612,6.706625,-0.005576,-0.528016,0.99144517,-0.00000548,0.13052384,-0.00000254,0.00000000,-0.00018862,-0.00026917,12.6971,1200.0266,0.4071,0.18322186,-0.53703838,0.022823,0.00000000,0.00000000,0.00000000,0.00000000,0.00000000,0.00000000,0.00000000,0.00000000,0.00000000,0.00000000,0.00000000,0.00000000,can,752.1650,-0.5572,-0.2909,16.45747568,44.11536100,1200.0266
0.150000,0.477140,-0.000402,-0.032171,7.278697,-0.006008,-0.583734,0.99144531,-0.00000605,0.13052275,-0.00000404,0.00000000,-0.00025307,-0.00036326,12.6937,1200.0322,0.4771,0.18176219,-0.50177318,0.024278,0.00000000,0.00000000,0.00000000,0.00000000,0.00000000,0.00000000,0.00000000,0.00000000,0.00000000,0.00000000,0.00000000,0.00000000,can,752.1721,-0.5362,-0.3032,16.45747631,44.11536100,1200.0322
0.160000,0.552813,-0.000464,-0.038294,7.858311,-0.006405,-0.641497,0.99144550,-0.00000668,0.13052130,-0.00000606,0.00000000,-0.00033419,-0.00048245,12.6903,1200.0383,0.5527,0.18033375,-0.47013089,0.025780,0.00000000,0.00000000,0.00000000,0.00000000,0.00000000,0.00000000,0.00000000,0.00000000,0.00000000,0.00000000,0.00000000,0.00000000,can,771.6391,-0.4863,-0.3431,16.45747699,44.11536100,1200.0383
0.170000,0.634332,-0.000530,-0.045008,8.447971,-0.006780,-0.701972,0.99144575,-0.00000740,0.13051941,-0.00000876,0.00000000,-0.00043562,-0.00063244,12.6868,1200.0450,0.6342,0.17887978,-0.44152598,0.027332,0.00000000,0.00000000,0.00000000,0.00000000,0.00000000,0.00000000,0.00000000,0.00000000,0.00000000,0.00000000,0.00000000,0.00000000,can,791.1460,-0.4633,-0.3716,16.45747773,44.11536100,1200.0450
0.180000,0.721797,-0.000599,-0.052340,9.043969,-0.007129,-0.764166,0.99144608,-0.00000823,0.13051695,-0.00001228,0.00000000,-0.00056125,-0.00081931,12.6833,1200.0523,0.7217,0.17748448,-0.41574504,0.028921,0.00000000,0.00000000,0.00000000,0.00000000,0.00000000,0.00000000,0.00000000,0.00000000,0.00000000,0.00000000,0.00000000,0.00000000,can,781.3806,-0.4078,-0.3949,16.45747852,44.11536099,1200.0523
0.190000,0.815212,-0.000672,-0.060291,9.638884,-0.007440,-0.826090,0.99144649,-0.00000920,0.13051379,-0.00001684,0.00000000,-0.00071553,-0.00104997,12.6798,1200.0603,0.8151,0.17627847,-0.39269713,0.030524,0.00000000,0.00000000,0.00000000,0.00000000,0.00000000,0.00000000,0.00000000,0.00000000,0.00000000,0.00000000,0.00000000,0.00000000,can,781.3821,-0.3513,-0.4265,16.45747937,44.11536099,1200.0603
0.200000,0.914576,-0.000748,-0.068862,10.233957,-0.007708,-0.888081,0.99144702,-0.00001034,0.13050980,-0.00002266,0.00000000,-0.00090352,-0.00133243,12.6763,1200.0689,0.9144,0.17520564,-0.37194702,0.032142,0.00000000,0.00000000,0.00000000,0.00000000,0.00000000,0.00000000,0.00000000,0.00000000,0.00000000,0.00000000,0.00000000,0.00000000,can,781.3747,-0.2844,-0.4636,16.45748026,44.11536099,1200.0689
0.210000,1.019916,-0.000826,-0.078060,10.835378,-0.007930,-0.951803,0.99144768,-0.00001167,0.13050477,-0.00003004,0.00000000,-0.00113108,-0.00167756,12.6727,1200.0781,1.0197,0.17414074,-0.35299265,0.033790,0.00000000,0.00000000,0.00000000,0.00000000,0.00000000,0.00000000,0.00000000,0.00000000,0.00000000,0.00000000,0.00000000,0.00000000,can,791.1349,-0.2131,-0.5106,16.45748121,44.11536099,1200.0781
0.220000,1.131308,-0.000906,-0.087905,11.445624,-0.008103,-1.017925,0.99144851,-0.00001326,0.13049850,-0.00003931,0.00000000,-0.00140507,-0.00209992,12.6691,1200.0879,1.1311,0.17304478,-0.33555503,0.035475,0.00000000,0.00000000,0.00000000,0.00000000,0.00000000,0.00000000,0.00000000,0.00000000,0.00000000,0.00000000,0.00000000,0.00000000,can,810.6344,-0.1464,-0.5685,16.45748222,44.11536099,1200.0879
0.230000,1.248854,-0.000988,-0.098425,12.062230,-0.008225,-1.085792,0.99144953,-0.00001516,0.13049075,-0.00005089,0.00000000,-0.00173258,-0.00260845,12.6655,1200.0984,1.2486,0.17195981,-0.31953316,0.037187,0.00000000,0.00000000,0.00000000,0.00000000,0.00000000,0.00000000,0.00000000,0.00000000,0.00000000,0.00000000,0.00000000,0.00000000,can,800.8737,-0.0466,-0.6250,16.45748328,44.11536099,1200.0984
0.240000,1.372554,-0.001071,-0.109621,12.680238,-0.008284,-1.154077,0.99145078,-0.00001741,0.13048122,-0.00006520,0.00000000,-0.00212199,-0.00320121,12.6618,1200.1096,1.3723,0.17095327,-0.30488173,0.038911,0.00000000,0.00000000,0.00000000,0.00000000,0.00000000,0.00000000,0.00000000,0.00000000,0.00000000,0.00000000,0.00000000,0.00000000,can,820.3692,0.0372,-0.7004,16.45748440,44.11536099,1200.1096
0.250000,1.502484,-0.001153,-0.121514,13.305836,-0.008286,-1.224448,0.99145231,-0.00002007,0.13046959,-0.00008267,0.00000001,-0.00258222,-0.00388742,12.6581,1200.1215,1.5022,0.16993175,-0.29130512,0.040665,0.00000000,0.00000000,0.00000000,0.00000000,0.00000000,0.00000000,0.00000000,0.00000000,0.00000000,0.00000000,0.00000000,0.00000000,can,820.3519,0.1475,-0.7799,16.45748557,44.11536099,1200.1215
0.260000,1.638671,-0.001236,-0.134110,13.932828,-0.008217,-1.295249,0.99145416,-0.00002322,0.13045549,-0.00010379,0.00000001,-0.00312335,-0.00467727,12.6544,1200.1341,1.6384,0.16897456,-0.27881268,0.042429,0.00000000,0.00000000,0.00000000,0.00000000,0.00000000,0.00000000,0.00000000,0.00000000,0.00000000,0.00000000,0.00000000,0.00000000,can,830.0914,0.2622,-0.8738,16.45748680,44.11536099,1200.1341
0.270000,1.781166,-0.001318,-0.147426,14.566179,-0.008079,-1.367816,0.99145640,-0.00002692,0.13043848,-0.00012911,0.00000002,-0.00375617,-0.00558115,12.6507,1200.1474,1.7808,0.16801294,-0.26719166,0.044218,0.00000000,0.00000000,0.00000000,0.00000000,0.00000000,0.00000000,0.00000000,0.00000000,0.00000000,0.00000000,0.00000000,0.00000000,can,830.0806,0.3927,-0.9773,16.45748809,44.11536099,1200.1474
0.280000,1.929995,-0.001397,-0.161467,15.199682,-0.007864,-1.440493,0.99145908,-0.00003126,0.13041808,-0.00015922,0.00000002,-0.00449213,-0.00661090,12.6470,1200.1615,1.9296,0.16711681,-0.25645652,0.046013,0.00000000,0.00000000,0.00000000,0.00000000,0.00000000,0.00000000,0.00000000,0.00000000,0.00000000,0.00000000,0.00000000,0.00000000,can,830.0553,0.5357,-1.0941,16.45748944,44.11536099,1200.1615
0.290000,2.085160,-0.001475,-0.176236,15.833337,-0.007568,-1.513287,0.99146227,-0.00003630,0.13039374,-0.00019477,0.00000003,-0.00534360,-0.00777720,12.6433,1200.1762,2.0848,0.16627616,-0.24650770,0.047813,0.00000000,0.00000000,0.00000000,0.00000000,0.00000000,0.00000000,0.00000000,0.00000000,0.00000000,0.00000000,0.00000000,0.00000000,can,830.0267,0.6920,-1.2252,16.45749084,44.11536099,1200.1762
0.300000,2.246662,-0.001548,-0.191733,16.468377,-0.007187,-1.586535,0.99146606,-0.00004216,0.13036488,-0.00023646,0.00000005,-0.00632512,-0.00909046,12.6395,1200.1917,2.2462,0.16546949,-0.23724189,0.049622,0.00000000,0.00000000,0.00000000,0.00000000,0.00000000,0.00000000,0.00000000,0.00000000,0.00000000,0.00000000,0.00000000,0.00000000,can,839.7539,0.8526,-1.3752,16.45749230,44.11536099,1200.1917
0.310000,2.414578,-0.001618,-0.207980,17.115973,-0.006734,-1.663240,0.99147053,-0.00004892,0.13033079,-0.00028505,0.00000007,-0.00745258,-0.01056528,12.6357,1200.2080,2.4141,0.16458006,-0.22844198,0.051470,0.00000000,0.00000000,0.00000000,0.00000000,0.00000000,0.00000000,0.00000000,0.00000000,0.00000000,0.00000000,0.00000000,0.00000000,can,849.4483,1.0306,-1.5446,16.45749381,44.11536098,1200.2080
0.320000,2.588982,-0.001683,-0.224998,17.764943,-0.006190,-1.740413,0.99147577,-0.00005671,0.13029071,-0.00034138,0.00000010,-0.00874181,-0.01221549,12.6319,1200.2250,2.5885,0.16372174,-0.22021145,0.053327,0.00000000,0.00000000,0.00000000,0.00000000,0.00000000,0.00000000,0.00000000,0.00000000,0.00000000,0.00000000,0.00000000,0.00000000,can,849.4208,1.2323,-1.7295,16.45749539,44.11536098,1200.2250
0.330000,2.769877,-0.001742,-0.242789,18.414048,-0.005550,-1.817730,0.99148191,-0.00006563,0.13024381,-0.00040636,0.00000013,-0.01020914,-0.01405267,12.6282,1200.2428,2.7694,0.16289958,-0.21250652,0.055187,0.00000000,0.00000000,0.00000000,0.00000000,0.00000000,0.00000000,0.00000000,0.00000000,0.00000000,0.00000000,0.00000000,0.00000000,can,849.3597,1.4501,-1.9341,16.45749702,44.11536098,1200.2428
0.340000,2.957239,-0.001793,-0.261347,19.057070,-0.004805,-1.893534,0.99148905,-0.00007581,0.13018916,-0.00048090,0.00000018,-0.01187120,-0.01607823,12.6244,1200.2613,2.9567,0.16216087,-0.20533935,0.057032,0.00000000,0.00000000,0.00000000,0.00000000,0.00000000,0.00000000,0.00000000,0.00000000,0.00000000,0.00000000,0.00000000,0.00000000,can,839.5802,1.6867,-2.1550,16.45749872,44.11536098,1200.2613
0.350000,3.151019,-0.001837,-0.280660,19.700223,-0.003967,-1.969495,0.99149733,-0.00008738,0.13012574,-0.00056598,0.00000025,-0.01374802,-0.01830530,12.6206,1200.2807,3.1504,0.16144082,-0.19858858,0.058880,0.00000000,0.00000000,0.00000000,0.00000000,0.00000000,0.00000000,0.00000000,0.00000000,0.00000000,0.00000000,0.00000000,0.00000000,can,849.2685,1.9210,-2.4044,16.45750047,44.11536098,1200.2807
0.360000,3.351268,-0.001873,-0.300744,20.349704,-0.003049,-2.047280,0.99150689,-0.00010047,0.13005244,-0.00066263,0.00000034,-0.01586029,-0.02074751,12.6168,1200.3007,3.3506,0.16068336,-0.19215534,0.060750,0.00000000,0.00000000,0.00000000,0.00000000,0.00000000,0.00000000,0.00000000,0.00000000,0.00000000,0.00000000,0.00000000,0.00000000,can,849.1903,2.1821,-2.6762,16.45750228,44.11536098,1200.3007
0.370000,3.558013,-0.001898,-0.321606,20.998042,-0.002037,-2.124897,0.99151788,-0.00011523,0.12996805,-0.00077194,0.00000045,-0.01822758,-0.02341610,12.6131,1200.3216,3.5573,0.15994676,-0.18607886,0.062618,0.00000000,0.00000000,0.00000000,0.00000000,0.00000000,0.00000000,0.00000000,0.00000000,0.00000000,0.00000000,0.00000000,0.00000000,can,839.3796,2.4675,-2.9695,16.45750415,44.11536098,1200.3216
0.380000,3.771205,-0.001913,-0.343236,21.639027,-0.000921,-2.200693,0.99153046,-0.00013182,0.12987123,-0.00089506,0.00000059,-0.02086920,-0.02632120,12.6094,1200.3432,3.7705,0.15927149,-0.18037489,0.064467,0.00000000,0.00000000,0.00000000,0.00000000,0.00000000,0.00000000,0.00000000,0.00000000,0.00000000,0.00000000,0.00000000,0.00000000,can,829.5823,2.7665,-3.2862,16.45750607,44.11536098,1200.3432
0.390000,3.990769,-0.001916,-0.365614,22.273908,0.000291,-2.275006,0.99154480,-0.00015037,0.12976060,-0.00103319,0.00000078,-0.02380676,-0.02947157,12.6057,1200.3656,3.9900,0.15863769,-0.17499328,0.066299,0.00000000,0.00000000,0.00000000,0.00000000,0.00000000,0.00000000,0.00000000,0.00000000,0.00000000,0.00000000,0.00000000,0.00000000,can,829.5053,3.0714,-3.6307,16.45750806,44.11536098,1200.3656
0.400000,4.216683,-0.001907,-0.388737,22.910100,0.001573,-2.349822,0.99156111,-0.00017107,0.12963460,-0.00118755,0.00000101,-0.02706457,-0.03287626,12.6020,1200.3887,4.2159,0.15798372,-0.16984530,0.068137,0.00000000,0.00000000,0.00000000,0.00000000,0.00000000,0.00000000,0.00000000,0.00000000,0.00000000,0.00000000,0.00000000,0.00000000,can,839.1261,3.3773,-4.0072,16.45751010,44.11536098,1200.3887
0.410000,4.448971,-0.001884,-0.412611,23.545113,0.002920,-2.424481,0.99157957,-0.00019408,0.12949161,-0.00135945,0.00000131,-0.03066368,-0.03654330,12.5983,1200.4126,4.4481,0.15732278,-0.16492652,0.069973,0.00000000,0.00000000,0.00000000,0.00000000,0.00000000,0.00000000,0.00000000,0.00000000,0.00000000,0.00000000,0.00000000,0.00000000,can,819.5338,3.7213,-4.4028,16.45751220,44.11536098,1200.4126
0.420000,4.687561,-0.001848,-0.437220,24.172720,0.004342,-2.497326,0.99160039,-0.00021958,0.12932987,-0.00155019,0.00000168,-0.03462765,-0.04048258,12.5947,1200.4372,4.6867,0.15669108,-0.16025546,0.071789,0.00000000,0.00000000,0.00000000,0.00000000,0.00000000,0.00000000,0.00000000,0.00000000,0.00000000,0.00000000,0.00000000,0.00000000,can,819.4361,4.0603,-4.8313,16.45751435,44.11536098,1200.4372
0.430000,4.932426,-0.001798,-0.462558,24.800394,0.005802,-2.570347,0.99162380,-0.00024774,0.12914751,-0.00176115,0.00000215,-0.03898174,-0.04470473,12.5910,1200.4626,4.9315,0.15603134,-0.15575838,0.073607,0.00000000,0.00000000,0.00000000,0.00000000,0.00000000,0.00000000,0.00000000,0.00000000,0.00000000,0.00000000,0.00000000,0.00000000,can,819.3310,4.4141,-5.2909,16.45751656,44.11536098,1200.4626
0.440000,5.183569,-0.001732,-0.488628,25.428119,0.007286,-2.643541,0.99165003,-0.00027876,0.12894252,-0.00199376,0.00000272,-0.04375053,-0.04921864,12.5874,1200.4886,5.1826,0.15533917,-0.15141807,0.075426,0.00000000,0.00000000,0.00000000,0.00000000,0.00000000,0.00000000,0.00000000,0.00000000,0.00000000,0.00000000,0.00000000,0.00000000,can,819.1978,4.7826,-5.7827,16.45751883,44.11536098,1200.4886
0.450000,5.440964,-0.001652,-0.515423,26.048421,0.008813,-2.714922,0.99167931,-0.00031283,0.12871280,-0.00224948,0.00000343,-0.04895452,-0.05402851,12.5838,1200.5154,5.4399,0.15465554,-0.14726063,0.077224,0.04745900,0.06450261,-0.04762779,-0.06467140,0.00000000,0.00000000,0.00000000,0.00000000,0.00000000,0.00000000,0.00000000,0.00000000,can,799.5999,5.1762,-6.2960,16.45752116,44.11536098,1200.5154
0.460000,5.704512,-0.001556,-0.542920,26.661292,0.010366,-2.784484,0.99171191,-0.00035016,0.12845612,-0.00252979,0.00000429,-0.05461817,-0.05914160,12.5802,1200.5429,5.7034,0.15397236,-0.14326543,0.079001,0.04745900,0.06450261,-0.04762779,-0.06467140,0.00000000,0.00000000,0.00000000,0.00000000,0.00000000,0.00000000,0.00000000,0.00000000,can,799.4738,5.5619,-6.8435,16.45752354,44.11536099,1200.5429
0.470000,5.974190,-0.001444,-0.571113,27.274205,0.011888,-2.854201,0.99174806,-0.00039093,0.12817013,-0.00283621,0.00000534,-0.06076750,-0.06456780,12.5766,1200.5711,5.9731,0.15323839,-0.13937534,0.080779,0.04745900,0.06450261,-0.04762779,-0.06467140,0.00000000,0.00000000,0.00000000,0.00000000,0.00000000,0.00000000,0.00000000,0.00000000,can,799.3180,5.9595,-7.4243,16.45752597,44.11536099,1200.5711
0.480000,6.249996,-0.001318,-0.600004,27.887145,0.013354,-2.924058,0.99178805,-0.00043538,0.12785235,-0.00317033,0.00000660,-0.06742866,-0.07031621,12.5731,1200.6000,6.2488,0.15244906,-0.13557840,0.082558,0.03662604,0.06137585,-0.03679024,-0.06154004,0.00000000,0.00000000,0.00000000,0.00000000,0.00000000,0.00000000,0.00000000,0.00000000,can,799.1745,6.3624,-8.0388,16.45752847,44.11536099,1200.6000
0.490000,6.531933,-0.001178,-0.629595,28.498860,0.014743,-2.993715,0.99183213,-0.00048370,0.12750018,-0.00353374,0.00000813,-0.07462583,-0.07639179,12.5695,1200.6296,6.5307,0.15160637,-0.13186908,0.084335,0.03662604,0.06137585,-0.03679024,-0.06154004,0.00000000,0.00000000,0.00000000,0.00000000,0.00000000,0.00000000,0.00000000,0.00000000,can,789.2627,6.7820,-8.6832,16.45753101,44.11536099,1200.6296
0.500000,6.819974,-0.001024,-0.659879,29.110621,0.016017,-3.063489,0.99188059,-0.00053613,0.12711088,-0.00392809,0.00000995,-0.08238654,-0.08280154,12.5659,1200.6599,6.8187,0.15069815,-0.12823041,0.086113,0.03662604,0.06137585,-0.03679024,-0.06154004,0.00000000,0.00000000,0.00000000,0.00000000,0.00000000,0.00000000,0.00000000,0.00000000,can,798.8602,7.1938,-9.3684,16.45753362,44.11536099,1200.6599
0.510000,7.114145,-0.000858,-0.690865,29.722403,0.017147,-3.133358,0.99193370,-0.00059288,0.12668159,-0.00435504,0.00001212,-0.09073189,-0.08954621,12.5624,1200.6909,7.1128,0.14971931,-0.12465239,0.087891,0.02959336,0.05818351,-0.02972469,-0.05831485,0.00000000,0.00000000,0.00000000,0.00000000,0.00000000,0.00000000,0.00000000,0.00000000,can,788.9289,7.6287,-10.0813,16.45753627,44.11536099,1200.6909
0.520000,7.414397,-0.000681,-0.722540,30.327965,0.018150,-3.201668,0.99199172,-0.00065419,0.12620934,-0.00481625,0.00001469,-0.09968382,-0.09662663,12.5589,1200.7225,7.4130,0.14869619,-0.12115074,0.089652,0.02959336,0.05818351,-0.02972469,-0.05831485,0.00000000,0.00000000,0.00000000,0.00000000,0.00000000,0.00000000,0.00000000,0.00000000,can,788.7488,8.0557,-10.8249,16.45753899,44.11536099,1200.7225
0.530000,7.720705,-0.000495,-0.754899,30.933558,0.018935,-3.270025,0.99205494,-0.00072029,0.12569105,-0.00531337,0.00001773,-0.10926514,-0.10404365,12.5553,1200.7549,7.7192,0.14759048,-0.11768945,0.091413,0.02959336,0.05818351,-0.02972469,-0.05831485,0.00000000,0.00000000,0.00000000,0.00000000,0.00000000,0.00000000,0.00000000,0.00000000,can,788.5581,8.4859,-11.6013,16.45754175,44.11536100,1200.7549
0.540000,8.033068,-0.000303,-0.787941,31.539182,0.019457,-3.338397,0.99212362,-0.00079139,0.12512353,-0.00584809,0.00002129,-0.11949733,-0.11179628,12.5518,1200.7879,8.0315,0.14639674,-0.11426037,0.093176,0.02959336,0.05818351,-0.02972469,-0.05831485,0.00000000,0.00000000,0.00000000,0.00000000,0.00000000,0.00000000,0.00000000,0.00000000,can,788.3566,8.9174,-12.4097,16.45754458,44.11536100,1200.7879
0.550000,8.351488,-0.000107,-0.821666,32.146090,0.019655,-3.407070,0.99219801,-0.00086774,0.12450348,-0.00642205,0.00002545,-0.13040265,-0.11988338,12.5483,1200.8217,8.3499,0.14510363,-0.11085149,0.094942,0.01665130,0.05949564,-0.01667189,-0.05951623,0.00000000,0.00000000,0.00000000,0.00000000,0.00000000,0.00000000,0.00000000,0.00000000,can,797.8777,9.3412,-13.2537,16.45754745,44.11536100,1200.8217
0.560000,8.675990,0.000089,-0.856082,32.753036,0.019496,-3.475686,0.99227835,-0.00094957,0.12382749,-0.00703689,0.00003028,-0.14199643,-0.12829797,12.5447,1200.8561,8.6743,0.14371141,-0.10746011,0.096710,0.01665130,0.05949564,-0.01667189,-0.05951623,0.00000000,0.00000000,0.00000000,0.00000000,0.00000000,0.00000000,0.00000000,0.00000000,can,787.9444,9.7776,-14.1207,16.45755038,44.11536100,1200.8561
0.570000,9.006549,0.000281,-0.891180,33.360036,0.018922,-3.544196,0.99236489,-0.00103710,0.12309207,-0.00769423,0.00003589,-0.15428826,-0.13703058,12.5411,1200.8912,9.0048,0.14221443,-0.10407949,0.098478,0.01665130,0.05949564,-0.01667189,-0.05951623,0.00000000,0.00000000,0.00000000,0.00000000,0.00000000,0.00000000,0.00000000,0.00000000,can,797.4149,10.1913,-15.0218,16.45755337,44.11536100,1200.8912
0.580000,9.343216,0.000465,-0.926972,33.972082,0.017790,-3.613809,0.99245774,-0.00113051,0.12229424,-0.00839524,0.00004235,-0.16701836,-0.14588342,12.5376,1200.9270,9.3414,0.14058569,-0.10068837,0.100262,0.01665130,0.05949564,-0.01667189,-0.05951623,0.00000000,0.00000000,0.00000000,0.00000000,0.00000000,0.00000000,0.00000000,0.00000000,can,787.4503,10.5562,-15.8672,16.45755641,44.11536100,1200.9270
0.590000,9.685966,0.000635,-0.963448,34.578055,0.016025,-3.681369,0.99255686,-0.00122983,0.12143238,-0.00914008,0.00004975,-0.18001054,-0.15472276,12.5340,1200.9635,9.6841,0.13887614,-0.09732064,0.102028,0.01665130,0.05949564,-0.01667189,-0.05951623,0.00000000,0.00000000,0.00000000,0.00000000,0.00000000,0.00000000,0.00000000,0.00000000,can,787.3281,10.5542,-16.2375,16.45755951,44.11536101,1200.9635
0.600000,10.034803,0.000782,-1.000603,35.190569,0.013216,-3.749780,0.99266215,-0.00133507,0.12050519,-0.00992863,0.00005814,-0.19325192,-0.16353337,12.5305,1201.0006,10.0329,0.13703665,-0.09394027,0.103814,0.00866566,0.05998998,-0.00863013,-0.05995445,0.00000000,0.00000000,0.00000000,0.00000000,0.00000000,0.00000000,0.00000000,0.00000000,can,796.9347,10.5259,-16.5947,16.45756266,44.11536101,1201.0006
0.610000,10.389779,0.000896,-1.038441,35.804641,0.009377,-3.817690,0.99277345,-0.00144622,0.11951145,-0.01076070,0.00006760,-0.20672466,-0.17229725,12.5269,1201.0384,10.3878,0.13508747,-0.09055980,0.105605,0.00866566,0.05998998,-0.00863013,-0.05995445,0.00000000,0.00000000,0.00000000,0.00000000,0.00000000,0.00000000,0.00000000,0.00000000,can,796.8070,10.4848,-16.9320,16.45756587,44.11536101,1201.0384
0.620000,10.750872,0.000967,-1.076947,36.414029,0.004568,-3.883455,0.99289060,-0.00156327,0.11845002,-0.01163601,0.00007819,-0.22041032,-0.18099643,12.5233,1201.0770,10.7488,0.13305164,-0.08719263,0.107383,-0.00233353,0.06071332,0.00249452,-0.06055234,0.00000000,0.00000000,0.00000000,0.00000000,0.00000000,0.00000000,0.00000000,0.00000000,can,796.7072,10.4198,-17.2481,16.45756913,44.11536101,1201.0770
0.630000,11.118086,0.000983,-1.116113,37.028794,-0.001509,-3.949443,0.99301340,-0.00168619,0.11731984,-0.01255419,0.00008997,-0.23428983,-0.18961274,12.5198,1201.1161,11.1160,0.13089027,-0.08381225,0.109176,-0.00233353,0.06071332,0.00249452,-0.06055234,0.00000000,0.00000000,0.00000000,0.00000000,0.00000000,0.00000000,0.00000000,0.00000000,can,796.5764,10.3333,-17.5456,16.45757245,44.11536101,1201.1161
0.640000,11.491449,0.000932,-1.155933,37.643924,-0.008815,-4.014316,0.99314159,-0.00181495,0.11611997,-0.01351475,0.00010299,-0.24834155,-0.19812666,12.5162,1201.1559,11.4893,0.12862196,-0.08042971,0.110972,-0.00233353,0.06071332,0.00249452,-0.06055234,0.00000000,0.00000000,0.00000000,0.00000000,0.00000000,0.00000000,0.00000000,0.00000000,can,796.4439,10.2225,-17.8203,16.45757582,44.11536101,1201.1559
0.650000,11.870965,0.000802,-1.196395,38.259441,-0.017426,-4.077969,0.99327490,-0.00194950,0.11484957,-0.01451715,0.00011731,-0.26254220,-0.20651797,12.5126,1201.1964,11.8687,0.12624627,-0.07704380,0.112768,-0.00233353,0.06071332,0.00249452,-0.06055234,0.00000000,0.00000000,0.00000000,0.00000000,0.00000000,0.00000000,0.00000000,0.00000000,can,796.3096,10.0866,-18.0704,16.45757925,44.11536101,1201.1964
0.660000,12.256639,0.000579,-1.237488,38.875363,-0.027416,-4.140291,0.99341303,-0.00208978,0.11350793,-0.01556069,0.00013298,-0.27686688,-0.21476580,12.5090,1201.2375,12.2543,0.12376294,-0.07365365,0.114566,-0.00233353,0.06071332,0.00249452,-0.06055234,0.00000000,0.00000000,0.00000000,0.00000000,0.00000000,0.00000000,0.00000000,0.00000000,can,796.1736,9.9246,-18.2939,16.45758274,44.11536101,1201.2375
0.670000,12.648474,0.000249,-1.279196,39.491710,-0.038860,-4.201173,0.99355563,-0.00223573,0.11209445,-0.01664461,0.00015004,-0.29128900,-0.22284063,12.5055,1201.2792,12.6461,0.12117196,-0.07025873,0.116365,-0.00233353,0.06071332,0.00249452,-0.06055234,0.00000000,0.00000000,0.00000000,0.00000000,0.00000000,0.00000000,0.00000000,0.00000000,can,796.0359,9.7356,-18.4887,16.45758628,44.11536100,1201.2792
0.680000,13.046475,-0.000203,-1.321506,40.109763,-0.051876,-4.260788,0.99370113,-0.00243529,0.11061914,-0.01776367,-0.01924806,-0.30186884,-0.23117277,12.5019,1201.3215,13.0440,0.11846974,-0.06685672,0.118170,-0.01213374,0.05852301,0.01240900,-0.05824775,0.03393696,0.04266360,0.00000000,0.00000000,0.03393696,0.04266360,0.00000000,0.00000000,can,805.6251,9.6168,-19.5542,16.45758987,44.11536100,1201.3215
0.690000,13.450670,-0.000793,-1.364410,40.728122,-0.066411,-4.319447,0.99384787,-0.00273762,0.10909277,-0.01891272,-0.03900292,-0.31233347,-0.23934619,12.4983,1201.3644,13.4481,0.11565617,-0.06345716,0.119976,-0.01213374,0.05852301,0.01240900,-0.05824775,0.03393696,0.04266360,0.00000000,0.00000000,0.03393696,0.04266360,0.00000000,0.00000000,can,795.7886,9.3854,-19.7071,16.45759352,44.11536099,1201.3644
0.700000,13.861039,-0.001537,-1.407889,41.346970,-0.082628,-4.376359,0.99399535,-0.00314438,0.10751611,-0.02009087,-0.05911532,-0.32265108,-0.24734495,12.4947,1201.4079,13.8584,0.11276432,-0.06007086,0.121783,-0.01213374,0.05852301,0.01240900,-0.05824775,0.03393696,0.04266360,0.00000000,0.00000000,0.03393696,0.04266360,0.00000000,0.00000000,can,805.3420,9.1119,-19.8364,16.45759723,44.11536099,1201.4079
0.710000,14.277636,-0.002453,-1.451936,41.971337,-0.100805,-4.432551,0.99414302,-0.00365724,0.10589006,-0.02129714,-0.07958085,-0.33278805,-0.25515141,12.4911,1201.4520,14.2749,0.10978350,-0.05669031,0.123607,-0.02795713,0.05913149,0.02839250,-0.05869612,0.03393696,0.04266360,0.00000000,0.00000000,0.03393696,0.04266360,0.00000000,0.00000000,can,795.4702,8.8285,-19.9305,16.45760099,44.11536098,1201.4520
0.720000,14.700467,-0.003559,-1.496533,42.596217,-0.120828,-4.486798,0.99429028,-0.00427784,0.10421571,-0.02253050,-0.10039730,-0.34271061,-0.26274796,12.4875,1201.4966,14.6977,0.10673159,-0.05332293,0.125432,-0.02795713,0.05913149,0.02839250,-0.05869612,0.03393696,0.04266360,0.00000000,0.00000000,0.03393696,0.04266360,0.00000000,0.00000000,can,805.0836,8.5014,-19.9985,16.45760481,44.11536097,1201.4966
0.730000,15.129562,-0.004876,-1.541666,43.222866,-0.142825,-4.539281,0.99443646,-0.00500777,0.10249433,-0.02378981,-0.12155969,-0.35238759,-0.27011594,12.4838,1201.5417,15.1267,0.10360903,-0.04996698,0.127263,-0.02795713,0.05913149,0.02839250,-0.05869612,0.03393696,0.04266360,0.00000000,0.00000000,0.03393696,0.04266360,0.00000000,0.00000000,can,804.9357,8.1543,-20.0286,16.45760869,44.11536095,1201.5417
0.740000,15.564926,-0.006422,-1.587312,43.850018,-0.166815,-4.589625,0.99458087,-0.00584859,0.10072732,-0.02507384,-0.14306276,-0.36178468,-0.27723618,12.4802,1201.5873,15.5620,0.10042323,-0.04662416,0.129095,-0.02795713,0.05913149,0.02839250,-0.05869612,0.03393696,0.04266360,0.00000000,0.00000000,0.03393696,0.04266360,0.00000000,0.00000000,can,804.7863,7.7784,-20.0204,16.45761262,44.11536094,1201.5873
0.750000,16.006564,-0.008219,-1.633451,44.477676,-0.192869,-4.637734,0.99472274,-0.00680182,0.09891629,-0.02638130,-0.16489596,-0.37086603,-0.28408902,12.4766,1201.6335,16.0035,0.09717845,-0.04329465,0.130928,-0.03384763,0.05095666,0.03433943,-0.05046486,0.03393696,0.04266360,0.00000000,0.00000000,0.03393696,0.04266360,0.00000000,0.00000000,can,804.6354,7.3730,-19.9761,16.45761661,44.11536092,1201.6335
0.760000,16.454482,-0.010287,-1.680059,45.105842,-0.221057,-4.683514,0.99486128,-0.00786885,0.09706301,-0.02771079,-0.18703357,-0.37959551,-0.29065428,12.4730,1201.6801,16.4514,0.09387927,-0.03997880,0.132763,-0.03384763,0.05095666,0.03433943,-0.05046486,0.03393696,0.04266360,0.00000000,0.00000000,0.03393696,0.04266360,0.00000000,0.00000000,can,804.4835,6.9377,-19.8947,16.45762066,44.11536090,1201.6801
0.770000,16.908683,-0.012647,-1.727113,45.734516,-0.251446,-4.726870,0.99499440,-0.00901984,0.09518069,-0.02907601,-0.19658959,-0.38300372,-0.30173040,12.4694,1201.7271,16.9055,0.09053058,-0.03667717,0.134599,-0.03384763,0.05095666,0.03433943,-0.05046486,0.03393696,0.06011690,0.00000000,-0.05720801,0.03393696,0.06011690,0.00000000,-0.05720801,can,804.3302,7.6317,-20.9182,16.45762476,44.11536088,1201.7271
0.780000,17.369173,-0.015319,-1.774593,46.363568,-0.283179,-4.768644,0.99512013,-0.01022431,0.09328292,-0.03049074,-0.20628511,-0.38589953,-0.31252992,12.4657,1201.7746,17.3659,0.08714447,-0.03334095,0.136436,-0.03384763,0.05095666,0.03433943,-0.05046486,0.03393696,0.06011690,0.00000000,-0.05720801,0.03393696,0.06011690,0.00000000,-0.05720801,can,804.1756,7.1607,-20.7888,16.45762893,44.11536086,1201.7746
0.790000,17.835956,-0.018319,-1.822477,46.993115,-0.317249,-4.807868,0.99523777,-0.01148266,0.09137235,-0.03195353,-0.21611962,-0.38825561,-0.32302009,12.4621,1201.8225,17.8326,0.08377250,-0.02996211,0.138275,-0.03750786,0.04224334,0.03750090,-0.04225029,0.03393696,0.06011690,0.00000000,-0.05720801,0.03393696,0.06011690,0.00000000,-0.05720801,can,804.0196,6.6565,-20.6322,16.45763314,44.11536083,1201.8225
0.800000,18.309062,-0.021673,-1.870746,47.628245,-0.354092,-4.845445,0.99534663,-0.01279525,0.08945175,-0.03346280,-0.22609148,-0.39004579,-0.33316531,12.4585,1201.8708,18.3056,0.08041084,-0.02653990,0.140130,-0.03750786,0.04224334,0.03750090,-0.04225029,0.03393696,0.06011690,0.00000000,-0.05720801,0.03393696,0.06011690,0.00000000,-0.05720801,can,803.8610,6.1093,-20.4512,16.45763742,44.11536080,1201.8708
0.810000,18.788497,-0.025407,-1.919373,48.256250,-0.392954,-4.878970,0.99544603,-0.01416241,0.08752404,-0.03501677,-0.23619554,-0.39124628,-0.34292689,12.4549,1201.9194,18.7850,0.07708680,-0.02308398,0.141964,-0.03750786,0.04224334,0.03750090,-0.04225029,0.03393696,0.06011690,0.00000000,-0.05720801,0.03393696,0.06011690,0.00000000,-0.05720801,can,784.1841,5.5322,-20.2338,16.45764175,44.11536076,1201.9194
0.820000,19.274189,-0.029541,-1.968316,48.883371,-0.434346,-4.909562,0.99553531,-0.01558440,0.08559225,-0.03661349,-0.24643165,-0.39183288,-0.35226884,12.4513,1201.9683,19.2706,0.07379502,-0.01959361,0.143796,-0.03750786,0.04224334,0.03750090,-0.04225029,0.03393696,0.06011690,0.00000000,-0.05720801,0.03393696,0.06011690,0.00000000,-0.05720801,can,793.8985,4.8854,-20.0005,16.45764614,44.11536072,1201.9683
0.830000,19.766166,-0.034103,-2.017555,49.514735,-0.478740,-4.938096,0.99561381,-0.01706150,0.08365960,-0.03825086,-0.25680271,-0.39177166,-0.36115597,12.4476,1202.0176,19.7624,0.07053325,-0.01607003,0.145639,-0.04719753,0.03485924,0.04688925,-0.03516752,0.03393696,0.06011690,0.00000000,-0.05720801,0.03393696,0.06011690,0.00000000,-0.05720801,can,813.1041,4.1855,-19.7480,16.45765058,44.11536068,1202.0176
0.840000,20.264510,-0.039128,-2.067073,50.152903,-0.526448,-4.964956,0.99568193,-0.01855718,0.08171995,-0.03993725,-0.25213013,-0.39422251,-0.37262690,12.4440,1202.0671,20.2607,0.06730429,-0.01251656,0.147503,-0.04719753,0.03485924,0.04688925,-0.03516752,-0.00581776,0.06011690,0.00000000,-0.05720801,-0.00581776,0.06011690,0.00000000,-0.05720801,can,803.2586,4.2064,-18.7323,16.45765508,44.11536063,1202.0671
0.850000,20.769200,-0.044637,-2.116837,50.786478,-0.576046,-4.987561,0.99574022,-0.02003443,0.07976687,-0.04168082,-0.24745673,-0.39607603,-0.38357515,12.4403,1202.1169,20.7653,0.06412753,-0.00890871,0.149353,-0.04719753,0.03485924,0.04688925,-0.03516752,-0.00581776,0.06011690,0.00000000,-0.05720801,-0.00581776,0.06011690,0.00000000,-0.05720801,can,812.8173,3.4284,-18.4181,16.45765964,44.11536058,1202.1169
0.860000,21.280292,-0.050663,-2.166823,51.431926,-0.629639,-5.009161,0.99578828,-0.02149281,0.07780333,-0.04347882,-0.24278304,-0.39730918,-0.39395464,12.4366,1202.1669,21.2763,0.06096014,-0.00524018,0.151239,-0.04719753,0.03485924,0.04688925,-0.03516752,-0.00581776,0.06011690,0.00000000,-0.05720801,-0.00581776,0.06011690,0.00000000,-0.05720801,can,812.6513,2.6024,-18.0773,16.45766426,44.11536053,1202.1669
0.870000,21.797814,-0.057238,-2.217006,52.072577,-0.685919,-5.026975,0.99582575,-0.02293184,0.07583242,-0.04532831,-0.23810978,-0.39790030,-0.40371940,12.4329,1202.2170,21.7938,0.05782840,-0.00151930,0.153110,-0.05793244,0.03045579,0.05747116,-0.03091707,-0.00581776,0.06011690,0.00000000,-0.05720801,-0.00581776,0.06011690,0.00000000,-0.05720801,can,812.4856,1.7177,-17.7074,16.45766894,44.11536046,1202.2170
0.880000,22.321770,-0.064394,-2.267357,52.718651,-0.745914,-5.042573,0.99585231,-0.02435103,0.07385734,-0.04722612,-0.23343753,-0.39782905,-0.41282770,12.4293,1202.2674,22.3176,0.05472564,0.00224827,0.154997,-0.05793244,0.03045579,0.05747116,-0.03091707,-0.00581776,0.06011690,0.00000000,-0.05720801,-0.00581776,0.06011690,0.00000000,-0.05720801,can,812.3174,0.7761,-17.3135,16.45767367,44.11536040,1202.2674
0.890000,22.852163,-0.072165,-2.317844,53.359859,-0.808756,-5.054333,0.99586768,-0.02574986,0.07188143,-0.04916886,-0.22876671,-0.39707652,-0.42123398,12.4256,1202.3179,22.8479,0.05166840,0.00605625,0.156870,-0.05793244,0.03045579,0.05747116,-0.03091707,-0.00581776,0.06011690,0.00000000,-0.05720801,-0.00581776,0.06011690,0.00000000,-0.05720801,can,812.1495,-0.2236,-16.8929,16.45767846,44.11536032,1202.3179
0.900000,23.388994,-0.080584,-2.368437,54.006426,-0.875547,-5.063751,0.99587163,-0.02712780,0.06990812,-0.05115297,-0.22409758,-0.39562541,-0.42889266,12.4219,1202.3685,23.3847,0.04865171,0.00989677,0.158759,-0.05793244,0.03045579,0.05747116,-0.03091707,-0.00581776,0.06011690,0.00000000,-0.05720801,-0.00581776,0.06011690,0.00000000,-0.05720801,can,811.9792,-1.2809,-16.4510,16.45768331,44.11536025,1202.3685
0.910000,23.932266,-0.089685,-2.419105,54.648050,-0.945327,-5.069300,0.99586401,-0.02848431,0.06794095,-0.05317464,-0.21943054,-0.39346079,-0.43575827,12.4183,1202.4191,23.9279,0.04569089,0.01376423,0.160634,-0.05793244,0.03045579,0.05747116,-0.03091707,-0.00581776,0.06011690,0.00000000,-0.05720801,-0.00581776,0.06011690,0.00000000,-0.05720801,can,811.8093,-2.3958,-15.9858,16.45768822,44.11536016,1202.4191
0.920000,24.481956,-0.099502,-2.469812,55.289852,-1.018709,-5.071702,0.99584539,-0.02979967,0.06597623,-0.05523651,-0.20677598,-0.39301590,-0.44399926,12.4146,1202.4699,24.4775,0.04278674,0.01765006,0.162509,-0.06722905,0.02928013,0.06673590,-0.02977328,-0.02617994,0.05914727,0.00387851,-0.05720801,-0.02617994,0.05914727,0.00387851,-0.05720801,can,811.6811,-3.0343,-14.9392,16.45769319,44.11536007,1202.4699
0.930000,25.038090,-0.110072,-2.520529,55.936986,-1.095904,-5.071184,0.99581643,-0.03105392,0.06401007,-0.05734104,-0.19405778,-0.39190489,-0.45137309,12.4109,1202.5206,25.0336,0.03993630,0.02156468,0.164400,-0.06722905,0.02928013,0.06673590,-0.02977328,-0.02617994,0.05914727,0.00387851,-0.05720801,-0.02617994,0.05914727,0.00387851,-0.05720801,can,811.4653,-4.2571,-14.4270,16.45769821,44.11535997,1202.5206
0.940000,25.600696,-0.121433,-2.571225,56.585477,-1.177034,-5.067591,0.99577718,-0.03224618,0.06204576,-0.05948376,-0.18127316,-0.39011247,-0.45783353,12.4072,1202.5713,25.5961,0.03712695,0.02550526,0.166296,-0.06722905,0.02928013,0.06673590,-0.02977328,-0.02617994,0.05914727,0.00387851,-0.05720801,-0.02617994,0.05914727,0.00387851,-0.05720801,can,821.0503,-5.5498,-13.8948,16.45770329,44.11535986,1202.5713
0.950000,26.169799,-0.133626,-2.621870,57.235310,-1.262196,-5.060890,0.99572773,-0.03337552,0.06008670,-0.06166001,-0.16842039,-0.38763164,-0.46333503,12.4035,1202.6219,26.1652,0.03436360,0.02946256,0.168196,-0.08054033,0.02962123,0.08006119,-0.03010037,-0.02617994,0.05914727,0.00387851,-0.05720801,-0.02617994,0.05914727,0.00387851,-0.05720801,can,820.8746,-6.8950,-13.3417,16.45770844,44.11535975,1202.6219
0.960000,26.745402,-0.146690,-2.672432,57.885125,-1.351313,-5.050897,0.99566825,-0.03444099,0.05813632,-0.06386492,-0.15549797,-0.38445373,-0.46783340,12.3998,1202.6725,26.7407,0.03165194,0.03342758,0.170096,-0.08054033,0.02962123,0.08006119,-0.03010037,-0.02617994,0.05914727,0.00387851,-0.05720801,-0.02617994,0.05914727,0.00387851,-0.05720801,can,820.6981,-8.2990,-12.7845,16.45771364,44.11535963,1202.6725
0.970000,27.327502,-0.160665,-2.722877,58.534873,-1.444461,-5.037596,0.99559898,-0.03544166,0.05619812,-0.06609337,-0.14250477,-0.38056818,-0.47128477,12.3961,1202.7229,27.3228,0.02899679,0.03739039,0.171997,-0.08054033,0.02962123,0.08006119,-0.03010037,-0.02617994,0.05914727,0.00387851,-0.05720801,-0.02617994,0.05914727,0.00387851,-0.05720801,can,820.5207,-9.7785,-12.2095,16.45771890,44.11535950,1202.7229
0.980000,27.916099,-0.175593,-2.773173,59.184505,-1.541721,-5.020976,0.99552023,-0.03637654,0.05427569,-0.06834010,-0.12943918,-0.37596555,-0.47365130,12.3923,1202.7732,27.9114,0.02640307,0.04134050,0.173898,-0.08054033,0.02962123,0.08006119,-0.03010037,-0.02617994,0.05914727,0.00387851,-0.05720801,-0.02617994,0.05914727,0.00387851,-0.05720801,can,820.3426,-11.3240,-11.6187,16.45772421,44.11535936,1202.7732
0.990000,28.511217,-0.191517,-2.823288,59.839087,-1.643870,-5.001581,0.99543239,-0.03724465,0.05237263,-0.07059964,-0.11630223,-0.37063954,-0.47489667,12.3886,1202.8234,28.5065,0.02387348,0.04526369,0.175814,-0.08472929,0.02881469,0.08426070,-0.02928328,-0.02617994,0.05914727,0.00387851,-0.05720801,-0.02617994,0.05914727,0.00387851,-0.05720801,can,820.1164,-12.9220,-11.0154,16.45772959,44.11535921,1202.8234
1.000000,29.112828,-0.208477,-2.873188,60.483195,-1.748766,-4.977792,0.99533591,-0.03804501,0.05049263,-0.07286635,-0.10309550,-0.36458593,-0.47498834,12.3849,1202.8733,29.1081,0.02141945,0.04916101,0.177700,-0.08472929,0.02881469,0.08426070,-0.02928328,-0.02617994,0.05914727,0.00387851,-0.05720801,-0.02617994,0.05914727,0.00387851,-0.05720801,can,820.0305,-14.5674,-10.3989,16.45773503,44.11535905,1202.8733
1.010000,29.720906,-0.226511,-2.922836,61.132191,-1.858662,-4.951228,0.99523065,-0.03880682,0.04862398,-0.07513786,-0.10132474,-0.36476040,-0.47611162,12.3812,1202.9229,29.7161,0.01903980,0.05300944,0.179601,-0.08472929,0.02881469,0.08426070,-0.02928328,-0.02617994,0.03975472,0.04266360,-0.05623839,-0.02617994,0.03975472,0.04266360,-0.05623839,can,819.8039,-15.7335,-8.1614,16.45774052,44.11535888,1202.9229
1.020000,30.335472,-0.245662,-2.972195,61.781042,-1.972323,-4.920103,0.99511628,-0.03955955,0.04675493,-0.07741193,-0.09956255,-0.36425547,-0.47610474,12.3775,1202.9723,30.3307,0.01673114,0.05681891,0.181502,-0.08472929,0.02881469,0.08426070,-0.02928328,-0.02617994,0.03975472,0.04266360,-0.05623839,-0.02617994,0.03975472,0.04266360,-0.05623839,can,819.6229,-17.4626,-7.5035,16.45774607,44.11535870,1202.9723
1.030000,30.956525,-0.265971,-3.021227,62.429563,-2.090292,-4.885649,0.99499311,-0.04030270,0.04488912,-0.07968295,-0.09780958,-0.36305401,-0.47493932,12.3738,1203.0213,30.9518,0.01444657,0.06058186,0.183404,-0.09253035,0.02945010,0.09210695,-0.02987350,-0.02617994,0.03975472,0.04266360,-0.05623839,-0.02617994,0.03975472,0.04266360,-0.05623839,can,819.4414,-19.2354,-6.8203,16.45775168,44.11535851,1203.0213
1.040000,31.584062,-0.287482,-3.069897,63.077691,-2.212587,-4.847834,0.99486152,-0.04103577,0.04303029,-0.08194522,-0.09606651,-0.36114117,-0.47259079,12.3701,1203.0700,31.5794,0.01219236,0.06428790,0.185305,-0.09253035,0.02945010,0.09210695,-0.02987350,-0.02617994,0.03975472,0.04266360,-0.05623839,-0.02617994,0.03975472,0.04266360,-0.05623839,can,819.3075,-21.0477,-6.1141,16.45775735,44.11535831,1203.0700
1.050000,32.218078,-0.310238,-3.118172,63.725401,-2.339224,-4.806640,0.99472198,-0.04175826,0.04118227,-0.08419291,-0.09433458,-0.35850455,-0.46904371,12.3664,1203.1183,32.2135,0.00997487,0.06792645,0.187205,-0.09253035,0.02945010,0.09210695,-0.02987350,-0.02617994,0.03975472,0.04266360,-0.05623839,-0.02617994,0.03975472,0.04266360,-0.05623839,can,819.0766,-22.8947,-5.3873,16.45776308,44.11535810,1203.1183
1.060000,32.858568,-0.334281,-3.166019,64.372635,-2.470201,-4.762051,0.99457504,-0.04246968,0.03934896,-0.08642029,-0.09261634,-0.35513405,-0.46433502,12.3627,1203.1661,32.8540,0.00780049,0.07148689,0.189106,-0.09253035,0.02945010,0.09210695,-0.02987350,-0.02617994,0.03975472,0.04266360,-0.05623839,-0.02617994,0.03975472,0.04266360,-0.05623839,can,818.9935,-24.7734,-4.6427,16.45776887,44.11535787,1203.1661
1.070000,33.505555,-0.359661,-3.213404,65.025805,-2.606656,-4.714541,0.99442132,-0.04316957,0.03753429,-0.08862174,-0.09091245,-0.35102195,-0.45846142,12.3589,1203.2135,33.5011,0.00567490,0.07495137,0.191025,-0.09946950,0.03080388,0.09908316,-0.03119021,-0.02617994,0.03975472,0.04266360,-0.05623839,-0.02617994,0.03975472,0.04266360,-0.05623839,can,828.4719,-26.6887,-3.8869,16.45777471,44.11535763,1203.2135
1.080000,34.159083,-0.386429,-3.260298,65.679672,-2.747675,-4.663701,0.99426210,-0.04387225,0.03573512,-0.09078051,-0.09501405,-0.34972888,-0.44731575,12.3552,1203.2604,34.1548,0.00360524,0.07831569,0.192948,-0.09946950,0.03080388,0.09908316,-0.03119021,-0.02617994,0.03102808,0.04072435,-0.03684584,-0.02617994,0.03102808,0.04072435,-0.03684584,can,828.3386,-29.6000,-2.2901,16.45778062,44.11535738,1203.2604
1.090000,34.819146,-0.414632,-3.306663,66.332855,-2.893728,-4.608700,0.99409879,-0.04459221,0.03394832,-0.09287975,-0.09915554,-0.34771609,-0.43497116,12.3514,1203.3068,34.8150,0.00159275,0.08153889,0.194870,-0.09946950,0.03080388,0.09908316,-0.03119021,-0.02617994,0.03102808,0.04072435,-0.03684584,-0.02617994,0.03102808,0.04072435,-0.03684584,can,828.0948,-31.5407,-1.4971,16.45778658,44.11535712,1203.3068
1.100000,35.485737,-0.444317,-3.352461,66.985383,-3.044001,-4.550269,0.99393220,-0.04532919,0.03217787,-0.09491377,-0.10333613,-0.34497862,-0.42144432,12.3477,1203.3526,35.4818,-0.00038144,0.08460300,0.196791,-0.09946950,0.03080388,0.09908316,-0.03119021,-0.02617994,0.03102808,0.04072435,-0.03684584,-0.02617994,0.03102808,0.04072435,-0.03684584,can,827.8734,-33.4705,-0.6861,16.45779260,44.11535684,1203.3526
1.110000,36.158851,-0.475526,-3.397657,67.637243,-3.198393,-4.488405,0.99376323,-0.04608296,0.03042778,-0.09687697,-0.10755488,-0.34151349,-0.40675750,12.3439,1203.3978,36.1551,-0.00231049,0.08749880,0.198712,-0.09946950,0.03080388,0.09908316,-0.03119021,-0.02617994,0.03102808,0.04072435,-0.03684584,-0.02617994,0.03102808,0.04072435,-0.03684584,can,827.7017,-35.3819,0.1400,16.45779868,44.11535655,1203.3978
1.120000,36.838480,-0.508299,-3.442217,68.289696,-3.357044,-4.423186,0.99359280,-0.04685327,0.02870205,-0.09876389,-0.11181100,-0.33731911,-0.39093662,12.3402,1203.4423,36.8350,-0.00418756,0.09021562,0.200636,-0.10205431,0.03030748,0.10169782,-0.03066396,-0.02617994,0.03102808,0.04072435,-0.03684584,-0.02617994,0.03102808,0.04072435,-0.03684584,can,837.1321,-37.2770,0.9737,16.45780482,44.11535624,1203.4423
1.130000,37.524643,-0.542680,-3.486109,68.941448,-3.519570,-4.354563,0.99342187,-0.04763989,0.02700472,-0.10056923,-0.11610328,-0.33239765,-0.37401511,12.3364,1203.4862,37.5214,-0.00600610,0.09274663,0.202559,-0.10205431,0.03030748,0.10169782,-0.03066396,-0.02617994,0.03102808,0.04072435,-0.03684584,-0.02617994,0.03102808,0.04072435,-0.03684584,can,827.2498,-39.1247,1.8212,16.45781102,44.11535592,1203.4862
1.140000,38.217332,-0.578708,-3.529298,69.597660,-3.686905,-4.282796,0.99325143,-0.04844259,0.02533977,-0.10228787,-0.12043123,-0.32675467,-0.35603332,12.3326,1203.5294,38.2145,-0.00775898,0.09507637,0.204497,-0.10205431,0.03030748,0.10169782,-0.03066396,-0.02617994,0.03102808,0.04072435,-0.03684584,-0.02617994,0.03102808,0.04072435,-0.03684584,can,836.7257,-40.9491,2.6658,16.45781728,44.11535558,1203.5294
1.150000,38.916593,-0.616430,-3.571754,70.253136,-3.857833,-4.207670,0.99308248,-0.04926115,0.02371116,-0.10391495,-0.12479305,-0.32040015,-0.33703799,12.3288,1203.5719,38.9141,-0.00944033,0.09720435,0.206435,-0.10197066,0.02847024,0.10165390,-0.02878699,-0.02617994,0.03102808,0.04072435,-0.03684584,-0.02617994,0.03102808,0.04072435,-0.03684584,can,826.7867,-42.7075,3.5161,16.45782360,44.11535523,1203.5719
1.160000,39.622393,-0.655876,-3.613441,70.907937,-4.032208,-4.129226,0.99291040,-0.05018092,0.02211314,-0.10546001,-0.16274675,-0.32041772,-0.32396501,12.3250,1203.6136,39.6203,-0.01104380,0.09912311,0.208372,-0.10197066,0.02847024,0.10165390,-0.02878699,-0.02617994,0.03005845,0.08435758,-0.03684584,-0.02617994,0.03005845,0.08435758,-0.03684584,can,836.2579,-42.7909,6.0002,16.45782998,44.11535486,1203.6136
1.170000,40.334752,-0.697078,-3.654321,71.563668,-4.208704,-4.046367,0.99273003,-0.05128728,0.02054003,-0.10693362,-0.20074560,-0.31973794,-0.31016802,12.3213,1203.6544,40.3331,-0.01256304,0.10087861,0.210313,-0.10197066,0.02847024,0.10165390,-0.02878699,-0.02617994,0.03005845,0.08435758,-0.03684584,-0.02617994,0.03005845,0.08435758,-0.03684584,can,835.9663,-44.4392,6.8525,16.45783641,44.11535447,1203.6544
1.180000,41.053638,-0.740055,-3.694356,72.213586,-4.387198,-3.960060,0.99254144,-0.05258003,0.01899582,-0.10833275,-0.23877914,-0.31837692,-0.29568291,12.3175,1203.6945,41.0525,-0.01402940,0.10249230,0.212237,-0.10197066,0.02847024,0.10165390,-0.02878699,-0.02617994,0.03005845,0.08435758,-0.03684584,-0.02617994,0.03005845,0.08435758,-0.03684584,can,835.7834,-46.0475,7.7074,16.45784291,44.11535407,1203.6945
1.190000,41.779047,-0.784837,-3.733513,72.867987,-4.569807,-3.870636,0.99234460,-0.05405893,0.01748440,-0.10965453,-0.27682895,-0.31635577,-0.28054927,12.3137,1203.7337,41.7785,-0.01543380,0.10394496,0.214177,-0.10141635,0.02562242,0.10111037,-0.02592841,-0.02617994,0.03005845,0.08435758,-0.03684584,-0.02617994,0.03005845,0.08435758,-0.03684584,can,835.5424,-47.6151,8.5617,16.45784946,44.11535365,1203.7337
1.200000,42.510996,-0.831460,-3.771758,73.521697,-4.755246,-3.777927,0.99213940,-0.05572366,0.01600951,-0.11089629,-0.31488169,-0.31370008,-0.26480628,12.3099,1203.7719,42.5111,-0.01677052,0.10524020,0.216117,-0.10141635,0.02562242,0.10111037,-0.02592841,-0.02617994,0.03005845,0.08435758,-0.03684584,-0.02617994,0.03005845,0.08435758,-0.03684584,can,835.3552,-49.1294,9.4100,16.45785607,44.11535322,1203.7719
1.210000,43.249479,-0.879951,-3.809060,74.174761,-4.943360,-3.681946,0.99192559,-0.05757385,0.01457477,-0.11205558,-0.35292969,-0.31044002,-0.24850112,12.3061,1203.8092,43.2502,-0.01803339,0.10637445,0.218056,-0.10141635,0.02562242,0.10111037,-0.02592841,-0.02617994,0.03005845,0.08435758,-0.03684584,-0.02617994,0.03005845,0.08435758,-0.03684584,can,835.1108,-50.5834,10.2476,16.45786275,44.11535276,1203.8092
1.220000,43.994489,-0.930336,-3.845386,74.827183,-5.133979,-3.582713,0.99170283,-0.05960911,0.01318361,-0.11313017,-0.39096498,-0.30661022,-0.23168603,12.3023,1203.8455,43.9960,-0.01921679,0.10734448,0.219995,-0.10141635,0.02562242,0.10111037,-0.02592841,-0.02617994,0.03005845,0.08435758,-0.03684584,-0.02617994,0.03005845,0.08435758,-0.03684584,can,834.8078,-51.9767,11.0699,16.45786948,44.11535229,1203.8455
1.230000,44.746020,-0.982639,-3.880704,75.478986,-5.326928,-3.480254,0.99147066,-0.06182902,0.01183926,-0.11411810,-0.42897929,-0.30224953,-0.21441744,12.2985,1203.8809,44.7483,-0.02031570,0.10814746,0.221933,-0.10141635,0.02562242,0.10111037,-0.02592841,-0.02617994,0.03005845,0.08435758,-0.03684584,-0.02617994,0.03005845,0.08435758,-0.03684584,can,834.5590,-53.3035,11.8721,16.45787627,44.11535180,1203.8809
1.240000,45.504067,-1.036882,-3.914981,76.130206,-5.522027,-3.374605,0.99122845,-0.06423316,0.01054474,-0.11501768,-0.46696406,-0.29740079,-0.19675591,12.2947,1203.9151,45.5072,-0.02132578,0.10878103,0.223871,-0.09989682,0.02305814,0.09962045,-0.02333451,-0.02617994,0.03005845,0.08435758,-0.03684584,-0.02617994,0.03005845,0.08435758,-0.03684584,can,834.3083,-54.5580,12.6499,16.45788312,44.11535129,1203.9151
1.250000,46.268623,-1.093086,-3.948185,76.780910,-5.719094,-3.265810,0.99098127,-0.06669685,0.00926054,-0.11585289,-0.45349757,-0.30253730,-0.18915308,12.2909,1203.9484,46.2727,-0.02224333,0.10924326,0.225810,-0.09989682,0.02305814,0.09962045,-0.02333451,-0.08144870,0.03005845,0.08435758,-0.03684584,-0.08144870,0.03005845,0.08435758,-0.03684584,can,834.1137,-53.2396,15.8013,16.45789002,44.11535077,1203.9484
1.260000,47.039686,-1.151258,-3.980278,77.432911,-5.916035,-3.152231,0.99073502,-0.06909615,0.00794635,-0.11664772,-0.44017139,-0.30737912,-0.18127494,12.2871,1203.9805,47.0448,-0.02311968,0.10960295,0.227752,-0.09989682,0.02305814,0.09962045,-0.02333451,-0.08144870,0.03005845,0.08435758,-0.03684584,-0.08144870,0.03005845,0.08435758,-0.03684584,can,843.5599,-54.3559,16.5692,16.45789699,44.11535022,1203.9805
1.270000,47.817305,-1.211418,-4.011219,78.089484,-6.115831,-3.035492,0.99049025,-0.07143163,0.00660397,-0.11740088,-0.42698692,-0.31188118,-0.17315282,12.2833,1204.0114,47.8236,-0.02405593,0.10987319,0.229710,-0.09524688,0.01775413,0.09494972,-0.01805130,-0.08144870,0.03005845,0.08435758,-0.03684584,-0.08144870,0.03005845,0.08435758,-0.03684584,can,833.5414,-55.4252,17.4003,16.45790401,44.11534966,1204.0114
1.280000,48.601448,-1.273574,-4.040977,78.739164,-6.315634,-2.915503,0.99024747,-0.07370388,0.00523541,-0.11811126,-0.41394478,-0.31599968,-0.16482181,12.2795,1204.0412,48.6089,-0.02505160,0.11006931,0.231649,-0.09524688,0.01775413,0.09494972,-0.01805130,-0.08144870,0.03005845,0.08435758,-0.03684584,-0.08144870,0.03005845,0.08435758,-0.03684584,can,833.3425,-56.4619,18.2814,16.45791110,44.11534908,1204.0412
1.290000,49.392112,-1.337742,-4.069518,79.394794,-6.518416,-2.792173,0.99000716,-0.07591344,0.00384290,-0.11877798,-0.40104439,-0.31969315,-0.15632137,12.2756,1204.0697,49.4008,-0.02609826,0.11017194,0.233607,-0.09524688,0.01775413,0.09494972,-0.01805130,-0.08144870,0.03005845,0.08435758,-0.03684584,-0.08144870,0.03005845,0.08435758,-0.03684584,can,842.7796,-57.4702,19.2159,16.45791824,44.11534848,1204.0697
1.300000,50.189342,-1.403947,-4.096809,80.051229,-6.722825,-2.665444,0.98976975,-0.07806084,0.00242885,-0.11940037,-0.38828632,-0.32291954,-0.14769085,12.2718,1204.0970,50.1994,-0.02719294,0.11018806,0.235569,-0.09524688,0.01775413,0.09494972,-0.01805130,-0.08144870,0.03005845,0.08435758,-0.03684584,-0.08144870,0.03005845,0.08435758,-0.03684584,can,842.5144,-58.4287,20.2080,16.45792545,44.11534786,1204.0970
1.310000,50.993135,-1.472202,-4.122816,80.705923,-6.928123,-2.535281,0.98953566,-0.08014659,0.00099587,-0.11997796,-0.37567223,-0.32563677,-0.13896929,12.2680,1204.1230,51.0047,-0.02833139,0.11012109,0.237527,-0.09144369,0.01411828,0.09109838,-0.01446359,-0.08144870,0.03005845,0.08435758,-0.03684584,-0.08144870,0.03005845,0.08435758,-0.03684584,can,832.5491,-59.3331,21.2556,16.45793271,44.11534722,1204.1230
1.320000,51.803434,-1.542507,-4.147504,81.355052,-7.133245,-2.401699,0.98930041,-0.08221443,-0.00047381,-0.12052083,-0.37946866,-0.33770262,-0.13519690,12.2642,1204.1477,51.8166,-0.02950937,0.10997637,0.239470,-0.09144369,0.01411828,0.09109838,-0.01446359,-0.09696274,0.03005845,0.10375013,-0.02521031,-0.09696274,0.03005845,0.10375013,-0.02521031,can,841.9813,-59.0190,24.6324,16.45794003,44.11534656,1204.1477
1.330000,52.620262,-1.614870,-4.170829,82.010408,-7.339673,-2.262767,0.98905896,-0.08430771,-0.00199802,-0.12103964,-0.38331416,-0.34922559,-0.13153613,12.2603,1204.1710,52.6350,-0.03073457,0.10977725,0.241432,-0.09144369,0.01411828,0.09109838,-0.01446359,-0.09696274,0.03005845,0.10375013,-0.02521031,-0.09696274,0.03005845,0.10375013,-0.02521031,can,841.7103,-59.8481,25.8080,16.45794741,44.11534588,1204.1710
1.340000,53.443641,-1.689303,-4.192747,82.665325,-7.546962,-2.120128,0.98881087,-0.08642635,-0.00357385,-0.12153509,-0.38720821,-0.36012808,-0.12800352,12.2565,1204.1930,53.4602,-0.03206603,0.10954960,0.243395,-0.09144369,0.01411828,0.09109838,-0.01446359,-0.09696274,0.03005845,0.10375013,-0.02521031,-0.09696274,0.03005845,0.10375013,-0.02521031,can,841.4376,-60.6623,27.0821,16.45795485,44.11534518,1204.1930
1.350000,54.273567,-1.765812,-4.213219,83.319798,-7.755027,-1.973624,0.98855568,-0.08857021,-0.00519799,-0.12200804,-0.39115080,-0.37033550,-0.12461648,12.2526,1204.2135,54.2920,-0.03349639,0.10929539,0.245358,-0.08823584,0.00785982,0.08781281,-0.00828284,-0.09696274,0.03005845,0.10375013,-0.02521031,-0.09696274,0.03005845,0.10375013,-0.02521031,can,841.1631,-61.4619,28.4538,16.45796234,44.11534447,1204.2135
1.360000,55.110061,-1.844412,-4.232205,83.978939,-7.965053,-1.822946,0.98829295,-0.09073907,-0.00686678,-0.12245946,-0.39514147,-0.37977275,-0.12138975,12.2488,1204.2324,55.1304,-0.03501554,0.10900998,0.247336,-0.08823584,0.00785982,0.08781281,-0.00828284,-0.09696274,0.03005845,0.10375013,-0.02521031,-0.09696274,0.03005845,0.10375013,-0.02521031,can,840.8847,-62.2506,29.9255,16.45796990,44.11534373,1204.2324
1.370000,55.953118,-1.925109,-4.249664,84.633792,-8.174733,-1.668202,0.98802222,-0.09293269,-0.00857623,-0.12289044,-0.39918028,-0.38836939,-0.11833890,12.2449,1204.2499,55.9756,-0.03661840,0.10870759,0.249302,-0.08823584,0.00785982,0.08781281,-0.00828284,-0.09696274,0.03005845,0.10375013,-0.02521031,-0.09696274,0.03005845,0.10375013,-0.02521031,can,850.3656,-63.0320,31.5097,16.45797752,44.11534298,1204.2499
1.380000,56.802760,-2.007915,-4.265554,85.293297,-8.386207,-1.508938,0.98774306,-0.09515076,-0.01032198,-0.12330219,-0.40326631,-0.39605712,-0.11547487,12.2411,1204.2658,56.8274,-0.03829177,0.10837876,0.251284,-0.08823584,0.00785982,0.08781281,-0.00828284,-0.09696274,0.03005845,0.10375013,-0.02521031,-0.09696274,0.03005845,0.10375013,-0.02521031,can,840.3236,-63.7879,33.1955,16.45798520,44.11534220,1204.2658
1.390000,57.658957,-2.092828,-4.279829,85.945927,-8.596519,-1.345468,0.98745507,-0.09739292,-0.01209940,-0.12369605,-0.40739919,-0.40277326,-0.11280922,12.2372,1204.2801,57.6860,-0.04003093,0.10804094,0.253247,-0.08823584,0.00785982,0.08781281,-0.00828284,-0.09696274,0.03005845,0.10375013,-0.02521031,-0.09696274,0.03005845,0.10375013,-0.02521031,can,840.1068,-64.5369,34.9632,16.45799293,44.11534141,1204.2801
1.400000,58.521703,-2.179853,-4.292446,86.604506,-8.808794,-1.177119,0.98715888,-0.09965057,-0.01390740,-0.12407129,-0.40810698,-0.40966218,-0.10964608,12.2334,1204.2927,58.5512,-0.04181952,0.10767992,0.255230,-0.08579618,0.00302422,0.08532748,-0.00349291,-0.09696274,0.02617994,0.10471975,-0.02521031,-0.09696274,0.02617994,0.10471975,-0.02521031,can,849.5156,-65.4558,37.0900,16.45800073,44.11534059,1204.2927
1.410000,59.391045,-2.269005,-4.303355,87.263817,-9.021747,-1.003748,0.98685524,-0.10191519,-0.01574468,-0.12442724,-0.40888989,-0.41548158,-0.10669279,12.2295,1204.3036,59.4231,-0.04365453,0.10729927,0.257216,-0.08579618,0.00302422,0.08532748,-0.00349291,-0.09696274,0.02617994,0.10471975,-0.02521031,-0.09696274,0.02617994,0.10471975,-0.02521031,can,849.1617,-66.1872,39.0298,16.45800858,44.11533976,1204.3036
1.420000,60.266978,-2.360288,-4.312505,87.922607,-9.234888,-0.825547,0.98654386,-0.10418646,-0.01760582,-0.12476546,-0.40974762,-0.42017480,-0.10396171,12.2256,1204.3128,60.3017,-0.04553568,0.10690047,0.259201,-0.08579618,0.00302422,0.08532748,-0.00349291,-0.09696274,0.02617994,0.10471975,-0.02521031,-0.09696274,0.02617994,0.10471975,-0.02521031,can,848.9373,-66.9048,41.0534,16.45801649,44.11533890,1204.3128
1.430000,61.149496,-2.453703,-4.319849,88.580871,-9.448133,-0.642418,0.98622453,-0.10646402,-0.01948516,-0.12508760,-0.41068016,-0.42369286,-0.10146561,12.2217,1204.3201,61.1871,-0.04745124,0.10648609,0.261187,-0.08361213,-0.00416655,0.08307898,0.00363339,-0.09696274,0.02617994,0.10471975,-0.02521031,-0.09696274,0.02617994,0.10471975,-0.02521031,can,848.6456,-67.6096,43.1544,16.45802447,44.11533803,1204.3201
1.440000,62.038619,-2.549258,-4.325335,89.244978,-9.663007,-0.453857,0.98589705,-0.10874745,-0.02137682,-0.12539547,-0.41168745,-0.42599380,-0.09921567,12.2178,1204.3256,62.0792,-0.04938560,0.10605098,0.263192,-0.08361213,-0.00416655,0.08307898,0.00363339,-0.09696274,0.02617994,0.10471975,-0.02521031,-0.09696274,0.02617994,0.10471975,-0.02521031,can,858.0418,-68.3150,45.3260,16.45803250,44.11533713,1204.3256
1.450000,62.934368,-2.646957,-4.328911,89.903407,-9.876543,-0.260539,0.98556126,-0.11103633,-0.02327474,-0.12569094,-0.41276875,-0.42704099,-0.09721839,12.2139,1204.3292,62.9780,-0.05133285,0.10561195,0.265182,-0.08361213,-0.00416655,0.08307898,0.00363339,-0.09696274,0.02617994,0.10471975,-0.02521031,-0.09696274,0.02617994,0.10471975,-0.02521031,can,848.1211,-68.9917,47.5627,16.45804059,44.11533622,1204.3292
1.460000,63.836711,-2.746794,-4.330527,90.566407,-10.091250,-0.061686,0.98521706,-0.11333019,-0.02517273,-0.12597597,-0.41392421,-0.42680967,-0.09548371,12.2100,1204.3308,63.8836,-0.05327438,0.10515918,0.267186,-0.08361213,-0.00416655,0.08307898,0.00363339,-0.09696274,0.02617994,0.10471975,-0.02521031,-0.09696274,0.02617994,0.10471975,-0.02521031,can,857.5134,-69.6794,49.8491,16.45804874,44.11533528,1204.3308
1.470000,64.745694,-2.848781,-4.330127,91.230076,-10.306088,0.142480,0.98486437,-0.11562855,-0.02706451,-0.12625262,-0.41515324,-0.42528148,-0.09401460,12.2061,1204.3305,64.7960,-0.05519980,0.10470015,0.269195,-0.08226404,-0.01146773,0.08164403,0.01084772,-0.09696274,0.02617994,0.10471975,-0.02521031,-0.09696274,0.02617994,0.10471975,-0.02521031,can,857.2114,-70.3533,52.1829,16.45805696,44.11533433,1204.3305
1.480000,65.661310,-2.952915,-4.327660,91.891827,-10.520349,0.351780,0.98450994,-0.11788400,-0.02895881,-0.12651058,-0.39680725,-0.42652497,-0.08878894,12.2022,1204.3280,65.7152,-0.05709787,0.10424055,0.271199,-0.08226404,-0.01146773,0.08164403,0.01084772,-0.09696274,0.01163553,0.10471975,-0.02521031,-0.09696274,0.01163553,0.10471975,-0.02521031,can,847.1488,-71.9598,55.4862,16.45806523,44.11533335,1204.3280
1.490000,66.583502,-3.059184,-4.323072,92.546321,-10.733231,0.566689,0.98416085,-0.12004993,-0.03086434,-0.12673920,-0.37873702,-0.42649171,-0.08376660,12.1983,1204.3234,66.6411,-0.05898123,0.10375497,0.273184,-0.08226404,-0.01146773,0.08164403,0.01084772,-0.09696274,0.01163553,0.10471975,-0.02521031,-0.09696274,0.01163553,0.10471975,-0.02521031,can,846.9163,-72.5929,57.8927,16.45807356,44.11533236,1204.3234
1.500000,67.512260,-3.167585,-4.316306,93.206514,-10.947288,0.787431,0.98381756,-0.12212694,-0.03277467,-0.12694028,-0.36094033,-0.42514812,-0.07898614,12.1944,1204.3167,67.5737,-0.06086726,0.10321383,0.275187,-0.08226404,-0.01146773,0.08164403,0.01084772,-0.09696274,0.01163553,0.10471975,-0.02521031,-0.09696274,0.01163553,0.10471975,-0.02521031,can,856.2302,-73.1920,60.3623,16.45808195,44.11533134,1204.3167
1.510000,68.447604,-3.278121,-4.307308,93.862242,-11.159861,1.013096,0.98348053,-0.12411559,-0.03468322,-0.12711584,-0.34341560,-0.42246911,-0.07448485,12.1904,1204.3077,68.5130,-0.06274923,0.10263136,0.277179,-0.07780825,-0.01863400,0.07713064,0.01795639,-0.09696274,0.01163553,0.10471975,-0.02521031,-0.09696274,0.01163553,0.10471975,-0.02521031,can,855.9935,-73.7355,62.8829,16.45809040,44.11533031,1204.3077
1.520000,69.389528,-3.390787,-4.296024,94.522420,-11.373097,1.244552,0.98315021,-0.12601641,-0.03658339,-0.12726814,-0.32616036,-0.41844127,-0.07030119,12.1865,1204.2964,69.4591,-0.06460751,0.10200036,0.279186,-0.07780825,-0.01863400,0.07713064,0.01795639,-0.09696274,0.01163553,0.10471975,-0.02521031,-0.09696274,0.01163553,0.10471975,-0.02521031,can,855.6829,-74.2374,65.4472,16.45809891,44.11532925,1204.2964
1.530000,70.338050,-3.505581,-4.282399,95.181919,-11.585622,1.481285,0.98282705,-0.12782990,-0.03846853,-0.12739965,-0.30917276,-0.41306086,-0.06647149,12.1826,1204.2828,70.4120,-0.06643201,0.10132980,0.281193,-0.07780825,-0.01863400,0.07713064,0.01795639,-0.09696274,0.01163553,0.10471975,-0.02521031,-0.09696274,0.01163553,0.10471975,-0.02521031,can,855.3706,-74.6957,68.0389,16.45810748,44.11532818,1204.2828
1.540000,71.293164,-3.622496,-4.266381,95.840730,-11.797358,1.723257,0.98251150,-0.12955654,-0.04033208,-0.12751306,-0.29245010,-0.40633753,-0.06303295,12.1787,1204.2668,71.3716,-0.06820921,0.10062315,0.283199,-0.07780825,-0.01863400,0.07713064,0.01795639,-0.09696274,0.01163553,0.10471975,-0.02521031,-0.09696274,0.01163553,0.10471975,-0.02521031,can,855.0566,-75.1120,70.6452,16.45811611,44.11532708,1204.2668
1.550000,72.254888,-3.741531,-4.247914,96.503961,-12.009518,1.970996,0.98220398,-0.13119680,-0.04216765,-0.12761122,-0.27599031,-0.39833176,-0.06001977,12.1747,1204.2483,72.3380,-0.06992212,0.09987872,0.285221,-0.07255555,-0.02724403,0.07178593,0.02647442,-0.09696274,0.01163553,0.10471975,-0.02521031,-0.09696274,0.01163553,0.10471975,-0.02521031,can,854.7384,-75.4912,73.2577,16.45812480,44.11532597,1204.2483
1.560000,73.223216,-3.862677,-4.226947,97.162698,-12.219819,2.223418,0.98192005,-0.13265998,-0.04396733,-0.12767626,-0.22298223,-0.38454824,-0.04991817,12.1708,1204.2274,73.3111,-0.07156440,0.09911014,0.287231,-0.07255555,-0.02724403,0.07178593,0.02647442,-0.09696274,0.00678739,0.08532721,-0.02521031,-0.09696274,0.00678739,0.08532721,-0.02521031,can,864.1071,-77.6232,74.8025,16.45813355,44.11532484,1204.2274
1.570000,74.198163,-3.985939,-4.203428,97.825472,-12.432019,2.480997,0.98167560,-0.13385701,-0.04572324,-0.12768989,-0.17069542,-0.36958294,-0.04018993,12.1668,1204.2039,74.2910,-0.07312147,0.09824708,0.289256,-0.07255555,-0.02724403,0.07178593,0.02647442,-0.09696274,0.00678739,0.08532721,-0.02521031,-0.09696274,0.00678739,0.08532721,-0.02521031,can,854.0977,-77.8705,77.3806,16.45814236,44.11532368,1204.2039
1.580000,75.179698,-4.111308,-4.177314,98.482520,-12.641891,2.742785,0.98147139,-0.13479084,-0.04742950,-0.12765493,-0.11912216,-0.35348736,-0.03095949,12.1629,1204.1778,75.2777,-0.07457539,0.09726889,0.291265,-0.07255555,-0.02724403,0.07178593,0.02647442,-0.09696274,0.00678739,0.08532721,-0.02521031,-0.09696274,0.00678739,0.08532721,-0.02521031,can,863.5352,-77.9994,79.8979,16.45815123,44.11532251,1204.1778
1.590000,76.167837,-4.238779,-4.148554,99.144055,-12.851869,3.009845,0.98130789,-0.13546435,-0.04908063,-0.12757476,-0.06825783,-0.33632497,-0.02234965,12.1589,1204.1490,76.2712,-0.07590672,0.09617048,0.293290,-0.06543671,-0.03477458,0.06460910,0.03394697,-0.09696274,0.00678739,0.08532721,-0.02521031,-0.09696274,0.00678739,0.08532721,-0.02521031,can,853.4492,-77.9846,82.3618,16.45816015,44.11532131,1204.1490
1.600000,77.162576,-4.368341,-4.117103,99.804958,-13.060586,3.281295,0.98118529,-0.13588037,-0.05067159,-0.12745331,-0.01809806,-0.31817223,-0.01448193,12.1550,1204.1176,77.2715,-0.07710834,0.09496383,0.295315,-0.06543671,-0.03477458,0.06460910,0.03394697,-0.09696274,0.00678739,0.08532721,-0.02521031,-0.09696274,0.00678739,0.08532721,-0.02521031,can,862.8056,-77.8569,84.7394,16.45816914,44.11532010,1204.1176
1.610000,78.163909,-4.499980,-4.082918,100.461538,-13.267055,3.556362,0.98110347,-0.13604171,-0.05219779,-0.12729502,0.03136130,-0.29911865,-0.00747522,12.1510,1204.0834,78.2785,-0.07817288,0.09366048,0.297329,-0.06543671,-0.03477458,0.06460910,0.03394697,-0.09696274,0.00678739,0.08532721,-0.02521031,-0.09696274,0.00678739,0.08532721,-0.02521031,can,862.5514,-77.5936,87.0215,16.45817819,44.11531887,1204.0834
1.620000,79.171831,-4.633684,-4.045959,101.122704,-13.473414,3.836007,0.98106206,-0.13595113,-0.05365521,-0.12710484,0.08013182,-0.27926588,-0.00144481,12.1471,1204.0465,79.2923,-0.07908381,0.09226112,0.299359,-0.06543671,-0.03477458,0.06460910,0.03394697,-0.09696274,0.00678739,0.08532721,-0.02521031,-0.09696274,0.00678739,0.08532721,-0.02521031,can,862.2180,-77.2132,89.1987,16.45818729,44.11531762,1204.0465
1.630000,80.186362,-4.769444,-4.006186,101.783459,-13.678392,4.119260,0.98106040,-0.13561131,-0.05504045,-0.12688816,0.12823181,-0.25872455,0.00350216,12.1431,1204.0067,80.3128,-0.07983670,0.09078112,0.301389,-0.06080762,-0.03862460,0.05996400,0.03778097,-0.09696274,0.00678739,0.08532721,-0.02521031,-0.09696274,0.00678739,0.08532721,-0.02521031,can,861.8825,-76.7252,91.2588,16.45819646,44.11531635,1204.0067
1.640000,81.207499,-4.907247,-3.963563,102.443806,-13.881973,4.405833,0.98109273,-0.13507273,-0.05633306,-0.12664513,0.15589665,-0.23352884,0.01125700,12.1391,1203.9641,81.3402,-0.08042419,0.08923213,0.303420,-0.06080762,-0.03862460,0.05996400,0.03778097,-0.08532721,0.00678739,0.08532721,-0.02521031,-0.08532721,0.00678739,0.08532721,-0.02521031,can,861.5448,-77.0934,92.2453,16.45820568,44.11531506,1203.9641
1.650000,82.235236,-5.047084,-3.918062,103.103644,-14.085111,4.694871,0.98115333,-0.13438502,-0.05751347,-0.12637644,0.18318008,-0.20791808,0.01769019,12.1352,1203.9186,82.3743,-0.08081838,0.08760745,0.305451,-0.06080762,-0.03862460,0.05996400,0.03778097,-0.08532721,0.00678739,0.08532721,-0.02521031,-0.08532721,0.00678739,0.08532721,-0.02521031,can,861.2048,-76.3925,93.9928,16.45821497,44.11531375,1203.9186
1.660000,83.269571,-5.188945,-3.869656,103.763232,-14.286866,4.986550,0.98124126,-0.13354953,-0.05858077,-0.12608888,0.21008138,-0.18208970,0.02270698,12.1312,1203.8702,83.4153,-0.08097903,0.08591695,0.307484,-0.06080762,-0.03862460,0.05996400,0.03778097,-0.08532721,0.00678739,0.08532721,-0.02521031,-0.08532721,0.00678739,0.08532721,-0.02521031,can,860.8625,-75.5840,95.5156,16.45822431,44.11531242,1203.8702
1.670000,84.310500,-5.332816,-3.818323,104.422559,-14.487234,5.280463,0.98135538,-0.13256768,-0.05953511,-0.12578954,0.23659941,-0.15624976,0.02622508,12.1272,1203.8189,84.4630,-0.08090510,0.08417599,0.309517,-0.05056569,-0.04077632,0.04971050,0.03992113,-0.08532721,0.00678739,0.08532721,-0.02521031,-0.08532721,0.00678739,0.08532721,-0.02521031,can,860.5179,-74.6814,96.8022,16.45823372,44.11531107,1203.8189
1.680000,85.358022,-5.478685,-3.764041,105.083051,-14.686583,5.576427,0.98149433,-0.13144100,-0.06037768,-0.12548575,0.26273412,-0.13061169,0.02817458,12.1233,1203.7646,85.5174,-0.08059649,0.08239959,0.311556,-0.05056569,-0.04077632,0.04971050,0.03992113,-0.08532721,0.00678739,0.08532721,-0.02521031,-0.08532721,0.00678739,0.08532721,-0.02521031,can,869.8515,-73.7088,97.8415,16.45824318,44.11530970,1203.7646
1.690000,86.412161,-5.626544,-3.706790,105.743419,-14.884648,5.873838,0.98165660,-0.13017110,-0.06111077,-0.12518496,0.28848366,-0.10539338,0.02850258,12.1193,1203.7074,86.5787,-0.08005735,0.08060569,0.313595,-0.05056569,-0.04077632,0.04971050,0.03992113,-0.08532721,0.00678739,0.08532721,-0.02521031,-0.08532721,0.00678739,0.08532721,-0.02521031,can,859.8989,-72.6589,98.6346,16.45825271,44.11530832,1203.7074
1.700000,87.472916,-5.776380,-3.646557,106.408870,-15.082753,6.173121,0.98184046,-0.12875970,-0.06173774,-0.12489474,0.31384736,-0.08081610,0.02717144,12.1153,1203.6472,87.6468,-0.07928897,0.07880773,0.315652,-0.05056569,-0.04077632,0.04971050,0.03992113,-0.08532721,0.00678739,0.08532721,-0.02521031,-0.08532721,0.00678739,0.08532721,-0.02521031,can,869.1453,-71.5845,99.1696,16.45826229,44.11530692,1203.6472
1.710000,88.540312,-5.928189,-3.583329,107.069210,-15.278545,6.472271,0.98204403,-0.12720864,-0.06226302,-0.12462262,0.33882004,-0.05709997,0.02416669,12.1113,1203.5839,88.7217,-0.07830662,0.07703128,0.317695,-0.04220244,-0.03849829,0.04136334,0.03765919,-0.08532721,0.00678739,0.08532721,-0.02521031,-0.08532721,0.00678739,0.08532721,-0.02521031,can,859.1102,-70.4687,99.4457,16.45827193,44.11530550,1203.5839
1.720000,89.614300,-6.081948,-3.517110,107.729666,-15.473399,6.771731,0.98228771,-0.12538791,-0.06271102,-0.12432240,0.41851063,-0.03746295,0.03742062,12.1073,1203.5177,89.8034,-0.07711585,0.07529015,0.319739,-0.04220244,-0.03849829,0.04136334,0.03765919,-0.07660057,-0.02036217,0.07466130,-0.02521031,-0.07660057,-0.02036217,0.07466130,-0.02521031,can,868.5124,-73.6430,100.1541,16.45828164,44.11530406,1203.5177
1.730000,90.694927,-6.237676,-3.447884,108.395676,-15.672091,7.073532,0.98259019,-0.12317060,-0.06310645,-0.12394796,0.49682606,-0.01898843,0.04891720,12.1033,1203.4485,90.8919,-0.07575327,0.07345599,0.321804,-0.04220244,-0.03849829,0.04136334,0.03765919,-0.07660057,-0.02036217,0.07466130,-0.02521031,-0.07660057,-0.02036217,0.07466130,-0.02521031,can,868.1493,-72.4034,99.9553,16.45829140,44.11530260,1203.4485
1.740000,91.782189,-6.395380,-3.375645,109.056765,-15.868636,7.374079,0.98294647,-0.12056353,-0.06345543,-0.12350745,0.57371492,-0.00180433,0.05846929,12.0994,1203.3763,91.9873,-0.07427714,0.07148115,0.323855,-0.04220244,-0.03849829,0.04136334,0.03765919,-0.07660057,-0.02036217,0.07466130,-0.02521031,-0.07660057,-0.02036217,0.07466130,-0.02521031,can,867.7053,-70.9419,99.5799,16.45830122,44.11530112,1203.3763
1.750000,92.876063,-6.555045,-3.300405,109.718163,-16.064162,7.673858,0.98335093,-0.11757356,-0.06376478,-0.12301000,0.64918932,0.01395984,0.06583586,12.0954,1203.3011,93.0894,-0.07269299,0.06938690,0.325908,-0.04220244,-0.03849829,0.04136334,0.03765919,-0.07660057,-0.02036217,0.07466130,-0.02521031,-0.07660057,-0.02036217,0.07466130,-0.02521031,can,867.4208,-69.2852,99.0384,16.45831111,44.11529963,1203.3011
1.760000,93.976579,-6.716666,-3.222167,110.385092,-16.259815,7.973384,0.98379745,-0.11420743,-0.06404204,-0.12246577,0.72326703,0.02816971,0.07083731,12.0914,1203.2229,94.1984,-0.07100778,0.06719674,0.327979,-0.03012482,-0.03619102,0.02931388,0.03538008,-0.07660057,-0.02036217,0.07466130,-0.02521031,-0.07660057,-0.02036217,0.07466130,-0.02521031,can,867.0499,-67.4629,98.3432,16.45832105,44.11529811,1203.2229
1.770000,95.083767,-6.880238,-3.140942,111.052496,-16.454324,8.271554,0.98427942,-0.11047185,-0.06429558,-0.12188548,0.79596367,0.04062042,0.07336919,12.0873,1203.1417,95.3143,-0.06923662,0.06494280,0.330052,-0.03012482,-0.03619102,0.02931388,0.03538008,-0.07660057,-0.02036217,0.07466130,-0.02521031,-0.07660057,-0.02036217,0.07466130,-0.02521031,can,866.7590,-65.5036,97.4972,16.45833105,44.11529658,1203.1417
1.780000,96.197631,-7.045749,-3.056742,111.720421,-16.647665,8.568116,0.98478986,-0.10637348,-0.06453464,-0.12128021,0.86730100,0.05116108,0.07336130,12.0833,1203.0575,96.4370,-0.06739271,0.06265468,0.332128,-0.03012482,-0.03619102,0.02931388,0.03538008,-0.07660057,-0.02036217,0.07466130,-0.02521031,-0.07660057,-0.02036217,0.07466130,-0.02521031,can,866.3008,-63.4411,96.5114,16.45834112,44.11529503,1203.0575
1.790000,97.318203,-7.213193,-2.969581,112.392943,-16.840795,8.863501,0.98532145,-0.10191893,-0.06476904,-0.12066128,0.93729870,0.05967646,0.07078213,12.0793,1202.9703,97.5666,-0.06548877,0.06036009,0.334217,-0.01227076,-0.01553234,0.01152829,0.01478986,-0.07660057,-0.02036217,0.07466130,-0.02521031,-0.07660057,-0.02036217,0.07466130,-0.02521031,can,856.4110,-61.3056,95.4075,16.45835124,44.11529347,1202.9703
1.800000,98.445491,-7.382561,-2.879479,113.068542,-17.033382,9.157278,0.98586209,-0.09718878,-0.06498279,-0.12003130,0.97569250,0.07238352,0.07184304,12.0752,1202.8802,98.7032,-0.06354243,0.05809009,0.336317,-0.01227076,-0.01553234,0.01152829,0.01478986,-0.06205615,-0.02036217,0.07466130,-0.02521031,-0.06205615,-0.02036217,0.07466130,-0.02521031,can,884.9714,-60.6583,92.7389,16.45836142,44.11529188,1202.8802
1.810000,99.579575,-7.553864,-2.786447,113.745726,-17.226592,9.448151,0.98640114,-0.09226164,-0.06516069,-0.11939286,1.01342367,0.08287065,0.07031611,12.0712,1202.7872,99.8467,-0.06154232,0.05584291,0.338422,-0.01227076,-0.01553234,0.01152829,0.01478986,-0.06205615,-0.02036217,0.07466130,-0.02521031,-0.06205615,-0.02036217,0.07466130,-0.02521031,can,865.1493,-58.4582,91.4034,16.45837167,44.11529028,1202.7872
1.820000,100.720408,-7.727089,-2.690523,114.422256,-17.418444,9.736447,0.98693319,-0.08714114,-0.06531459,-0.11875731,1.05050547,0.09098510,0.06623290,12.0671,1202.6913,100.9972,-0.05945971,0.05363789,0.340525,-0.01227076,-0.01553234,0.01152829,0.01478986,-0.06205615,-0.02036217,0.07466130,-0.02521031,-0.06205615,-0.02036217,0.07466130,-0.02521031,can,874.5200,-56.2740,89.8868,16.45838198,44.11528865,1202.6913
1.830000,101.868022,-7.902230,-2.591727,115.100762,-17.609602,10.022398,0.98745280,-0.08183097,-0.06545689,-0.11813576,1.08695007,0.09659783,0.05966350,12.0631,1202.5926,102.1547,-0.05731594,0.05150149,0.342634,-0.01227076,-0.01553234,0.01152829,0.01478986,-0.06205615,-0.02036217,0.07466130,-0.02521031,-0.06205615,-0.02036217,0.07466130,-0.02521031,can,874.0430,-54.1133,88.2291,16.45839235,44.11528701,1202.5926
1.840000,103.022425,-8.079278,-2.490084,115.779915,-17.799840,10.305654,0.98795453,-0.07633488,-0.06560042,-0.11753899,1.12277110,0.09960598,0.05071466,12.0590,1202.4909,103.3191,-0.05513594,0.04946104,0.344746,-0.00377831,-0.01229178,0.00317926,0.01169273,-0.06205615,-0.02036217,0.07466130,-0.02521031,-0.06205615,-0.02036217,0.07466130,-0.02521031,can,873.7343,-52.0229,86.4538,16.45840278,44.11528536,1202.4909
1.850000,104.183623,-8.258224,-2.385623,116.459705,-17.989278,10.586126,0.98843300,-0.07065663,-0.06575831,-0.11697729,1.15799063,0.09993599,0.03952885,12.0550,1202.3865,104.4906,-0.05294513,0.04754162,0.346859,-0.00377831,-0.01229178,0.00317926,0.01169273,-0.06205615,-0.02036217,0.07466130,-0.02521031,-0.06205615,-0.02036217,0.07466130,-0.02521031,can,873.3384,-50.0412,84.5923,16.45841327,44.11528368,1202.3865
1.860000,105.351621,-8.439061,-2.278371,117.140083,-18.178066,10.863768,0.98888291,-0.06479986,-0.06594380,-0.11646024,1.19267437,0.09754663,0.02628252,12.0509,1202.2793,105.6690,-0.05076986,0.04576640,0.348974,-0.00377831,-0.01229178,0.00317926,0.01169273,-0.06205615,-0.02036217,0.07466130,-0.02521031,-0.06205615,-0.02036217,0.07466130,-0.02521031,can,872.9447,-48.2060,82.6790,16.45842382,44.11528199,1202.2793
1.870000,106.526426,-8.621784,-2.168357,117.821001,-18.366389,11.138589,0.98929905,-0.05876806,-0.06617013,-0.11599663,1.22683827,0.09243154,0.01118379,12.0469,1202.1693,106.8545,-0.04863708,0.04415618,0.351091,-0.00377831,-0.01229178,0.00317926,0.01169273,-0.06205615,-0.02036217,0.07466130,-0.02521031,-0.06205615,-0.02036217,0.07466130,-0.02521031,can,872.5528,-46.5532,80.7508,16.45843443,44.11528028,1202.1693
1.880000,107.708043,-8.806388,-2.055609,118.502384,-18.554465,11.410646,0.98966967,-0.05289963,-0.06646807,-0.11548843,1.13194745,0.05956830,0.04457388,12.0428,1202.0565,108.0470,-0.04657402,0.04272914,0.353209,-0.00368826,-0.01368263,0.00327295,0.01326731,-0.04557249,-0.03490659,0.06399541,0.03975472,-0.04557249,-0.03490659,0.06399541,0.03975472,can,872.1589,-57.0267,84.6444,16.45844511,44.11527855,1202.0565
1.890000,108.896461,-8.992917,-1.940125,119.181293,-18.751293,11.685762,0.98999120,-0.04752350,-0.06686882,-0.11483687,1.03945825,0.02469411,0.07652001,12.0388,1201.9411,109.2464,-0.04466487,0.04119983,0.355327,-0.00368826,-0.01368263,0.00327295,0.01326731,-0.04557249,-0.03490659,0.06399541,0.03975472,-0.04557249,-0.03490659,0.06399541,0.03975472,can,871.8515,-55.4102,82.8920,16.45845585,44.11527680,1201.9411
1.900000,110.091670,-9.181412,-1.821901,119.861988,-18.947688,11.958783,0.99026993,-0.04262898,-0.06738493,-0.11405042,0.94930991,-0.01190169,0.10665952,12.0347,1201.8229,110.4529,-0.04306647,0.03944011,0.357451,-0.00368826,-0.01368263,0.00327295,0.01326731,-0.04557249,-0.03490659,0.06399541,0.03975472,-0.04557249,-0.03490659,0.06399541,0.03975472,can,881.1247,-53.4172,81.5201,16.45846664,44.11527504,1201.8229
1.910000,111.293728,-9.371872,-1.700951,120.549732,-19.144139,12.231077,0.99051104,-0.03820525,-0.06802734,-0.11313938,0.86144510,-0.04989343,0.13463338,12.0306,1201.7019,111.6665,-0.04179280,0.03745984,0.359595,0.00633824,-0.01664646,-0.00662344,0.01636126,-0.04557249,-0.03490659,0.06399541,0.03975472,-0.04557249,-0.03490659,0.06399541,0.03975472,can,880.7210,-51.0388,80.5790,16.45847750,44.11527325,1201.7019
1.920000,112.502667,-9.564287,-1.577283,121.238059,-19.338475,12.502336,0.99071864,-0.03424129,-0.06880512,-0.11211586,0.77580923,-0.08892084,0.16009673,12.0265,1201.5783,112.8871,-0.04085928,0.03527720,0.361740,0.00633824,-0.01664646,-0.00662344,0.01636126,-0.04557249,-0.03490659,0.06399541,0.03975472,-0.04557249,-0.03490659,0.06399541,0.03975472,can,880.3153,-48.2926,80.0967,16.45848843,44.11527145,1201.5783
1.930000,113.718492,-9.758633,-1.450905,121.925700,-19.529799,12.773071,0.99089591,-0.03072593,-0.06972537,-0.11099365,0.69234978,-0.12859177,0.18272588,12.0224,1201.4519,114.1148,-0.04027621,0.03291242,0.363883,0.00633824,-0.01664646,-0.00662344,0.01636126,-0.04557249,-0.03490659,0.06399541,0.03975472,-0.04557249,-0.03490659,0.06399541,0.03975472,can,870.3289,-45.2539,80.1087,16.45849941,44.11526963,1201.4519
1.940000,114.941183,-9.954873,-1.321820,122.613923,-19.717858,13.044219,0.99104517,-0.02764784,-0.07079301,-0.10978810,0.61100662,-0.16849470,0.20221822,12.0183,1201.3229,115.3496,-0.04004951,0.03038883,0.366027,0.00633824,-0.01664646,-0.00662344,0.01636126,-0.04557249,-0.03490659,0.06399541,0.03975472,-0.04557249,-0.03490659,0.06399541,0.03975472,can,879.4998,-41.9278,80.6363,16.45851046,44.11526780,1201.3229
1.950000,116.170772,-10.152977,-1.190017,123.303973,-19.902425,13.316744,0.99116798,-0.02499557,-0.07201072,-0.10851600,0.53171850,-0.20819705,0.21830366,12.0142,1201.1911,116.5915,-0.04018143,0.02773374,0.368175,0.00633824,-0.01664646,-0.00662344,0.01636126,-0.04557249,-0.03490659,0.06399541,0.03975472,-0.04557249,-0.03490659,0.06399541,0.03975472,can,879.0885,-38.3130,81.7147,16.45852157,44.11526594,1201.1911
1.960000,117.407290,-10.352913,-1.055475,123.999691,-20.083897,13.592043,0.99126525,-0.02275755,-0.07337881,-0.10719534,0.45442630,-0.24724703,0.23075236,12.0101,1201.0566,117.8405,-0.04066941,0.02497742,0.370340,0.01190975,-0.01621564,-0.01198849,0.01613689,-0.04557249,-0.03490659,0.06399541,0.03975472,-0.04557249,-0.03490659,0.06399541,0.03975472,can,878.6725,-34.4588,83.3634,16.45853274,44.11526407,1201.0566
1.970000,118.650741,-10.554634,-0.918171,124.690629,-20.259593,13.869343,0.99135271,-0.02082852,-0.07483421,-0.10576304,0.41600114,-0.25725588,0.27032530,12.0060,1200.9193,119.0967,-0.04151138,0.02215610,0.372489,0.01190975,-0.01621564,-0.01198849,0.01613689,-0.02617994,-0.03587621,0.02811919,0.04266360,-0.02617994,-0.03587621,0.02811919,0.04266360,can,878.2578,-37.7918,79.2243,16.45854397,44.11526218,1200.9193
1.980000,119.901101,-10.758119,-0.778102,125.381336,-20.436527,14.145100,0.99144481,-0.01910617,-0.07631086,-0.10415756,0.37858528,-0.26571932,0.30554930,12.0019,1200.7792,120.3600,-0.04260127,0.01909580,0.374639,0.01190975,-0.01621564,-0.01198849,0.01613689,-0.02617994,-0.03587621,0.02811919,0.04266360,-0.02617994,-0.03587621,0.02811919,0.04266360,can,877.8413,-33.2689,81.8841,16.45855527,44.11526028,1200.7792
1.990000,121.158395,-10.963351,-0.635252,126.077664,-20.608725,14.425525,0.99153995,-0.01758322,-0.07780256,-0.10240178,0.34215367,-0.27258486,0.33595128,11.9978,1200.6364,121.6304,-0.04374594,0.01572679,0.376805,0.01994663,-0.02009499,-0.01996534,0.02007628,-0.02617994,-0.03587621,0.02811919,0.04266360,-0.02617994,-0.03587621,0.02811919,0.04266360,can,877.4201,-28.1520,84.6905,16.45856663,44.11525835,1200.6364
2.000000,122.422630,-11.170266,-0.489582,126.769329,-20.773244,14.709164,0.99163628,-0.01625228,-0.07930281,-0.10052076,0.30668052,-0.27781451,0.36112302,11.9937,1200.4908,122.9079,-0.04493404,0.01210103,0.378955,0.01994663,-0.02009499,-0.01996534,0.02007628,-0.02617994,-0.03587621,0.02811919,0.04266360,-0.02617994,-0.03587621,0.02811919,0.04266360,can,877.0935,-22.5030,87.6144,16.45857805,44.11525642,1200.4908
2.010000,123.693810,-11.378797,-0.341050,127.466750,-20.931614,14.997863,0.99173181,-0.01510588,-0.08080485,-0.09854137,0.27213983,-0.28138506,0.38072953,11.9896,1200.3423,124.1926,-0.04614713,0.00827145,0.381120,0.01994663,-0.02009499,-0.01996534,0.02007628,-0.02617994,-0.03587621,0.02811919,0.04266360,-0.02617994,-0.03587621,0.02811919,0.04266360,can,876.5759,-16.3987,90.6434,16.45858954,44.11525446,1200.3423
2.020000,124.971941,-11.588867,-0.189614,128.160900,-21.081414,15.290279,0.99182452,-0.01413648,-0.08230180,-0.09649192,0.23850460,-0.28328959,0.39451574,11.9854,1200.1909,125.4844,-0.04737387,0.00429591,0.383274,0.01994663,-0.02009499,-0.01996534,0.02007628,-0.02617994,-0.03587621,0.02811919,0.04266360,-0.02617994,-0.03587621,0.02811919,0.04266360,can,885.8174,-9.9286,93.7440,16.45860108,44.11525250,1200.1909
